order_id,order_date,customer_id,product_id,product_category,quantity,unit_price,discount,payment_method,order_status,gross_amount,discount_amount,net_amount
ORD-00001,2026-03-23 03:01:00,CUST-0190,P005,Office Supplies,2,3542.36,0.15,Credit Card,Cancelled,7084.72,1062.71,6022.01
ORD-00002,2026-01-12 18:27:00,CUST-0009,P001,Laptop Accessories,1,3474.91,0.1,Bank Transfer,Completed,3474.91,347.49,3127.42
ORD-00003,2026-03-13 06:45:00,CUST-0167,P007,Audio,2,6875.83,0.0,Credit Card,Completed,13751.66,0.0,13751.66
ORD-00004,2026-03-31 13:21:00,CUST-0072,P003,Home Appliances,2,14368.89,0.0,Credit Card,Completed,28737.78,0.0,28737.78
ORD-00005,2026-02-18 03:22:00,CUST-0217,P006,Smart Devices,5,4151.68,0.0,Maya,Cancelled,20758.4,0.0,20758.4
ORD-00006,2026-01-16 12:05:00,CUST-0142,P005,Office Supplies,5,13310.41,0.0,Bank Transfer,Completed,66552.05,0.0,66552.05
ORD-00007,2026-01-09 01:42:00,CUST-0059,P005,Office Supplies,1,12865.94,0.0,Maya,Completed,12865.94,0.0,12865.94
ORD-00008,2026-02-28 20:53:00,CUST-0094,P003,Home Appliances,3,5490.24,0.15,GCash,Completed,16470.72,2470.61,14000.11
ORD-00009,2026-03-19 20:10:00,CUST-0137,P004,Gaming,2,7068.34,0.0,Bank Transfer,Completed,14136.68,0.0,14136.68
ORD-00010,2026-03-29 10:53:00,CUST-0197,P001,Laptop Accessories,2,12371.59,0.0,Maya,Completed,24743.18,0.0,24743.18
ORD-00011,2026-01-09 06:58:00,CUST-0242,P006,Smart Devices,2,9917.72,0.05,Maya,Completed,19835.44,991.77,18843.67
ORD-00012,2026-02-03 04:15:00,CUST-0191,P005,Office Supplies,5,6569.4,0.1,Maya,Completed,32847.0,3284.7,29562.3
ORD-00013,2026-01-29 04:32:00,CUST-0127,P002,Mobile Accessories,1,12951.27,0.0,Debit Card,Pending,12951.27,0.0,12951.27
ORD-00014,2026-03-18 02:24:00,CUST-0098,P008,Wearables,5,3958.36,0.1,Credit Card,Completed,19791.8,1979.18,17812.62
ORD-00015,2026-03-29 17:48:00,CUST-0069,P006,Smart Devices,1,4579.13,0.0,Maya,Completed,4579.13,0.0,4579.13
ORD-00016,2026-02-03 16:48:00,CUST-0046,P002,Mobile Accessories,3,12664.62,0.1,Bank Transfer,Completed,37993.86,3799.39,34194.47
ORD-00017,2026-01-20 11:48:00,CUST-0042,P001,Laptop Accessories,5,5031.3,0.0,Credit Card,Completed,25156.5,0.0,25156.5
ORD-00018,2026-02-09 07:03:00,CUST-0062,P002,Mobile Accessories,1,11045.64,0.0,Bank Transfer,Completed,11045.64,0.0,11045.64
ORD-00019,2026-01-17 21:30:00,CUST-0243,P003,Home Appliances,3,8033.19,0.1,Maya,Completed,24099.57,2409.96,21689.61
ORD-00020,2026-03-11 23:44:00,CUST-0052,P005,Office Supplies,4,14928.45,0.15,GCash,Pending,59713.8,8957.07,50756.73
ORD-00021,2026-03-08 14:07:00,CUST-0064,P004,Gaming,1,5236.76,0.1,Bank Transfer,Completed,5236.76,523.68,4713.08
ORD-00022,2026-03-17 07:00:00,CUST-0019,P001,Laptop Accessories,2,1244.15,0.0,GCash,Completed,2488.3,0.0,2488.3
ORD-00023,2026-03-07 07:17:00,CUST-0172,P008,Wearables,2,8203.7,0.15,Bank Transfer,Cancelled,16407.4,2461.11,13946.29
ORD-00024,2026-03-02 07:50:00,CUST-0122,P007,Audio,2,1641.31,0.15,Maya,Completed,3282.62,492.39,2790.23
ORD-00025,2026-02-24 13:29:00,CUST-0222,P001,Laptop Accessories,1,1144.04,0.15,GCash,Completed,1144.04,171.61,972.43
ORD-00026,2026-02-01 06:12:00,CUST-0138,P008,Wearables,2,6472.75,0.0,Maya,Completed,12945.5,0.0,12945.5
ORD-00027,2026-01-10 14:51:00,CUST-0221,P002,Mobile Accessories,1,9869.14,0.1,Credit Card,Completed,9869.14,986.91,8882.23
ORD-00028,2026-01-31 05:26:00,CUST-0125,P008,Wearables,2,13003.59,0.0,Debit Card,Pending,26007.18,0.0,26007.18
ORD-00029,2026-01-01 12:16:00,CUST-0238,P008,Wearables,3,6489.36,0.15,Bank Transfer,Pending,19468.08,2920.21,16547.87
ORD-00030,2026-01-20 06:18:00,CUST-0056,P001,Laptop Accessories,5,11102.12,0.0,GCash,Completed,55510.6,0.0,55510.6
ORD-00031,2026-01-07 18:30:00,CUST-0129,P003,Home Appliances,1,14421.49,0.0,Debit Card,Completed,14421.49,0.0,14421.49
ORD-00032,2026-03-18 02:43:00,CUST-0221,P004,Gaming,4,2018.33,0.1,Debit Card,Cancelled,8073.32,807.33,7265.99
ORD-00033,2026-03-18 01:39:00,CUST-0021,P007,Audio,5,8587.1,0.0,GCash,Completed,42935.5,0.0,42935.5
ORD-00034,2026-03-27 22:20:00,CUST-0062,P005,Office Supplies,4,2180.45,0.15,GCash,Pending,8721.8,1308.27,7413.53
ORD-00035,2026-02-10 02:00:00,CUST-0118,P002,Mobile Accessories,1,8180.11,0.1,GCash,Completed,8180.11,818.01,7362.1
ORD-00036,2026-02-14 02:56:00,CUST-0063,P006,Smart Devices,3,2576.77,0.1,GCash,Cancelled,7730.31,773.03,6957.28
ORD-00037,2026-03-25 16:00:00,CUST-0171,P005,Office Supplies,1,14099.22,0.0,GCash,Completed,14099.22,0.0,14099.22
ORD-00038,2026-01-14 23:35:00,CUST-0040,P005,Office Supplies,3,9171.24,0.15,GCash,Completed,27513.72,4127.06,23386.66
ORD-00039,2026-03-29 20:54:00,CUST-0068,P008,Wearables,3,13603.71,0.0,Credit Card,Pending,40811.13,0.0,40811.13
ORD-00040,2026-02-05 01:00:00,CUST-0086,P003,Home Appliances,3,2633.33,0.05,Bank Transfer,Pending,7899.99,395.0,7504.99
ORD-00041,2026-03-13 00:07:00,CUST-0020,P003,Home Appliances,5,781.42,0.0,Bank Transfer,Cancelled,3907.1,0.0,3907.1
ORD-00042,2026-01-19 13:08:00,CUST-0011,P005,Office Supplies,3,13509.98,0.0,GCash,Completed,40529.94,0.0,40529.94
ORD-00043,2026-03-29 07:42:00,CUST-0027,P006,Smart Devices,5,13290.99,0.05,Bank Transfer,Completed,66454.95,3322.75,63132.2
ORD-00044,2026-01-31 05:51:00,CUST-0208,P003,Home Appliances,4,615.6,0.15,GCash,Pending,2462.4,369.36,2093.04
ORD-00045,2026-03-27 23:51:00,CUST-0064,P005,Office Supplies,2,11863.77,0.0,Maya,Completed,23727.54,0.0,23727.54
ORD-00046,2026-03-02 07:12:00,CUST-0210,P008,Wearables,3,4751.57,0.0,Debit Card,Completed,14254.71,0.0,14254.71
ORD-00047,2026-03-26 06:25:00,CUST-0085,P005,Office Supplies,1,14511.61,0.0,GCash,Cancelled,14511.61,0.0,14511.61
ORD-00048,2026-02-21 21:53:00,CUST-0138,P006,Smart Devices,1,1951.29,0.0,Debit Card,Cancelled,1951.29,0.0,1951.29
ORD-00049,2026-02-03 01:06:00,CUST-0153,P007,Audio,3,10996.04,0.0,Maya,Cancelled,32988.12,0.0,32988.12
ORD-00050,2026-03-07 03:24:00,CUST-0231,P004,Gaming,3,904.7,0.05,Credit Card,Cancelled,2714.1,135.71,2578.39
ORD-00051,2026-03-10 21:46:00,CUST-0241,P004,Gaming,3,6611.64,0.15,GCash,Cancelled,19834.92,2975.24,16859.68
ORD-00052,2026-02-10 21:54:00,CUST-0032,P005,Office Supplies,5,4811.95,0.05,GCash,Pending,24059.75,1202.99,22856.76
ORD-00053,2026-03-31 09:35:00,CUST-0033,P004,Gaming,4,10057.71,0.05,Debit Card,Cancelled,40230.84,2011.54,38219.3
ORD-00054,2026-03-14 09:25:00,CUST-0141,P001,Laptop Accessories,3,4481.98,0.05,Bank Transfer,Cancelled,13445.94,672.3,12773.64
ORD-00055,2026-03-25 10:29:00,CUST-0114,P008,Wearables,2,7789.82,0.15,Debit Card,Completed,15579.64,2336.95,13242.69
ORD-00056,2026-02-06 16:42:00,CUST-0163,P006,Smart Devices,1,12321.75,0.0,GCash,Completed,12321.75,0.0,12321.75
ORD-00057,2026-01-26 04:01:00,CUST-0012,P004,Gaming,4,9266.29,0.0,Maya,Pending,37065.16,0.0,37065.16
ORD-00058,2026-03-22 18:12:00,CUST-0184,P007,Audio,4,6144.88,0.0,Credit Card,Completed,24579.52,0.0,24579.52
ORD-00059,2026-02-24 07:11:00,CUST-0206,P008,Wearables,1,8471.74,0.0,Maya,Completed,8471.74,0.0,8471.74
ORD-00060,2026-03-01 21:33:00,CUST-0144,P006,Smart Devices,4,9286.62,0.15,Bank Transfer,Pending,37146.48,5571.97,31574.51
ORD-00061,2026-03-12 14:57:00,CUST-0041,P008,Wearables,4,4073.08,0.0,GCash,Cancelled,16292.32,0.0,16292.32
ORD-00062,2026-03-04 20:15:00,CUST-0071,P008,Wearables,1,10774.79,0.0,GCash,Completed,10774.79,0.0,10774.79
ORD-00063,2026-02-10 17:05:00,CUST-0036,P003,Home Appliances,2,5899.77,0.0,Debit Card,Completed,11799.54,0.0,11799.54
ORD-00064,2026-02-23 13:21:00,CUST-0139,P008,Wearables,4,1168.42,0.05,Maya,Cancelled,4673.68,233.68,4440.0
ORD-00065,2026-03-31 00:54:00,CUST-0226,P007,Audio,4,336.97,0.0,GCash,Pending,1347.88,0.0,1347.88
ORD-00066,2026-02-23 17:47:00,CUST-0189,P004,Gaming,4,3486.47,0.05,Maya,Completed,13945.88,697.29,13248.59
ORD-00067,2026-02-19 10:42:00,CUST-0174,P007,Audio,2,12647.46,0.0,Bank Transfer,Cancelled,25294.92,0.0,25294.92
ORD-00068,2026-01-04 12:37:00,CUST-0145,P001,Laptop Accessories,1,9730.56,0.0,Maya,Completed,9730.56,0.0,9730.56
ORD-00069,2026-01-07 08:24:00,CUST-0084,P004,Gaming,4,5070.98,0.05,GCash,Pending,20283.92,1014.2,19269.72
ORD-00070,2026-02-02 02:30:00,CUST-0005,P001,Laptop Accessories,3,3557.28,0.0,Credit Card,Completed,10671.84,0.0,10671.84
ORD-00071,2026-02-01 06:53:00,CUST-0006,P003,Home Appliances,2,2111.76,0.15,Credit Card,Cancelled,4223.52,633.53,3589.99
ORD-00072,2026-01-28 14:44:00,CUST-0066,P006,Smart Devices,2,9186.92,0.15,Credit Card,Completed,18373.84,2756.08,15617.76
ORD-00073,2026-02-09 03:37:00,CUST-0007,P005,Office Supplies,5,10240.87,0.05,Maya,Completed,51204.35,2560.22,48644.13
ORD-00074,2026-01-10 18:44:00,CUST-0213,P004,Gaming,1,10533.6,0.0,Bank Transfer,Completed,10533.6,0.0,10533.6
ORD-00075,2026-03-14 01:22:00,CUST-0137,P007,Audio,3,1267.11,0.15,GCash,Completed,3801.33,570.2,3231.13
ORD-00076,2026-02-23 15:06:00,CUST-0111,P006,Smart Devices,4,10682.8,0.05,Debit Card,Cancelled,42731.2,2136.56,40594.64
ORD-00077,2026-03-25 08:39:00,CUST-0207,P008,Wearables,4,6674.72,0.15,Bank Transfer,Completed,26698.88,4004.83,22694.05
ORD-00078,2026-02-11 07:53:00,CUST-0240,P002,Mobile Accessories,3,13254.06,0.0,Maya,Cancelled,39762.18,0.0,39762.18
ORD-00079,2026-03-20 21:24:00,CUST-0087,P001,Laptop Accessories,4,12801.55,0.0,Maya,Completed,51206.2,0.0,51206.2
ORD-00080,2026-02-15 08:21:00,CUST-0072,P005,Office Supplies,5,399.73,0.0,Credit Card,Completed,1998.65,0.0,1998.65
ORD-00081,2026-02-22 15:35:00,CUST-0195,P004,Gaming,4,9777.07,0.05,Maya,Completed,39108.28,1955.41,37152.87
ORD-00082,2026-01-12 09:14:00,CUST-0104,P004,Gaming,3,10043.41,0.0,Maya,Cancelled,30130.23,0.0,30130.23
ORD-00083,2026-03-09 11:27:00,CUST-0191,P006,Smart Devices,3,10617.11,0.0,GCash,Completed,31851.33,0.0,31851.33
ORD-00084,2026-01-30 03:46:00,CUST-0050,P006,Smart Devices,1,11207.5,0.15,Debit Card,Completed,11207.5,1681.12,9526.38
ORD-00085,2026-01-28 23:30:00,CUST-0071,P005,Office Supplies,1,12531.27,0.0,Debit Card,Completed,12531.27,0.0,12531.27
ORD-00086,2026-01-23 09:00:00,CUST-0182,P003,Home Appliances,3,921.36,0.0,Bank Transfer,Completed,2764.08,0.0,2764.08
ORD-00087,2026-03-31 04:40:00,CUST-0223,P008,Wearables,1,13122.62,0.1,GCash,Pending,13122.62,1312.26,11810.36
ORD-00088,2026-03-03 14:21:00,CUST-0048,P001,Laptop Accessories,3,14130.69,0.05,Credit Card,Completed,42392.07,2119.6,40272.47
ORD-00089,2026-02-21 15:04:00,CUST-0148,P001,Laptop Accessories,2,2450.66,0.1,GCash,Completed,4901.32,490.13,4411.19
ORD-00090,2026-02-01 03:35:00,CUST-0196,P007,Audio,5,9042.87,0.1,Debit Card,Cancelled,45214.35,4521.44,40692.91
ORD-00091,2026-02-18 14:58:00,CUST-0114,P005,Office Supplies,5,14852.96,0.0,Bank Transfer,Cancelled,74264.8,0.0,74264.8
ORD-00092,2026-01-08 19:47:00,CUST-0026,P004,Gaming,2,4153.53,0.0,Debit Card,Completed,8307.06,0.0,8307.06
ORD-00093,2026-01-23 17:04:00,CUST-0041,P001,Laptop Accessories,4,6894.93,0.1,Maya,Completed,27579.72,2757.97,24821.75
ORD-00094,2026-01-05 07:18:00,CUST-0181,P005,Office Supplies,4,1299.9,0.0,GCash,Cancelled,5199.6,0.0,5199.6
ORD-00095,2026-03-26 06:27:00,CUST-0030,P004,Gaming,2,13649.07,0.0,Credit Card,Completed,27298.14,0.0,27298.14
ORD-00096,2026-01-22 09:38:00,CUST-0192,P005,Office Supplies,4,2084.22,0.15,GCash,Pending,8336.88,1250.53,7086.35
ORD-00097,2026-02-04 16:34:00,CUST-0127,P008,Wearables,1,9071.04,0.05,GCash,Cancelled,9071.04,453.55,8617.49
ORD-00098,2026-02-02 00:05:00,CUST-0059,P001,Laptop Accessories,3,8749.64,0.0,Maya,Cancelled,26248.92,0.0,26248.92
ORD-00099,2026-03-25 14:58:00,CUST-0072,P003,Home Appliances,5,6679.3,0.05,Credit Card,Pending,33396.5,1669.83,31726.67
ORD-00100,2026-02-14 13:21:00,CUST-0083,P002,Mobile Accessories,2,5114.6,0.15,Maya,Completed,10229.2,1534.38,8694.82
ORD-00101,2026-03-26 12:52:00,CUST-0195,P001,Laptop Accessories,4,1548.88,0.0,GCash,Completed,6195.52,0.0,6195.52
ORD-00102,2026-02-21 16:52:00,CUST-0001,P008,Wearables,4,1049.51,0.1,GCash,Cancelled,4198.04,419.8,3778.24
ORD-00103,2026-03-05 20:28:00,CUST-0195,P001,Laptop Accessories,2,4189.08,0.0,GCash,Pending,8378.16,0.0,8378.16
ORD-00104,2026-03-31 15:07:00,CUST-0008,P004,Gaming,2,4833.56,0.0,Bank Transfer,Pending,9667.12,0.0,9667.12
ORD-00105,2026-01-12 07:53:00,CUST-0234,P002,Mobile Accessories,4,14219.15,0.15,Debit Card,Pending,56876.6,8531.49,48345.11
ORD-00106,2026-02-07 16:45:00,CUST-0070,P007,Audio,4,14708.61,0.0,Maya,Cancelled,58834.44,0.0,58834.44
ORD-00107,2026-01-19 12:12:00,CUST-0236,P003,Home Appliances,1,4324.65,0.05,GCash,Cancelled,4324.65,216.23,4108.42
ORD-00108,2026-02-04 00:18:00,CUST-0186,P005,Office Supplies,5,8803.87,0.15,Maya,Completed,44019.35,6602.9,37416.45
ORD-00109,2026-02-27 17:30:00,CUST-0089,P006,Smart Devices,5,11502.37,0.05,Maya,Completed,57511.85,2875.59,54636.26
ORD-00110,2026-01-25 22:15:00,CUST-0147,P007,Audio,2,12876.19,0.05,Credit Card,Completed,25752.38,1287.62,24464.76
ORD-00111,2026-03-02 22:58:00,CUST-0208,P007,Audio,4,14829.11,0.15,Debit Card,Pending,59316.44,8897.47,50418.97
ORD-00112,2026-01-05 04:32:00,CUST-0248,P006,Smart Devices,1,13144.31,0.05,Credit Card,Cancelled,13144.31,657.22,12487.09
ORD-00113,2026-02-28 00:46:00,CUST-0037,P007,Audio,2,1353.72,0.0,GCash,Cancelled,2707.44,0.0,2707.44
ORD-00114,2026-03-30 12:41:00,CUST-0021,P006,Smart Devices,5,5855.14,0.0,Maya,Cancelled,29275.7,0.0,29275.7
ORD-00115,2026-01-05 19:04:00,CUST-0061,P005,Office Supplies,2,11264.8,0.05,Credit Card,Completed,22529.6,1126.48,21403.12
ORD-00116,2026-02-26 05:44:00,CUST-0077,P001,Laptop Accessories,1,5034.53,0.0,GCash,Completed,5034.53,0.0,5034.53
ORD-00117,2026-02-17 13:09:00,CUST-0063,P007,Audio,5,10306.56,0.0,Debit Card,Completed,51532.8,0.0,51532.8
ORD-00118,2026-01-11 19:55:00,CUST-0098,P004,Gaming,4,13714.23,0.0,Debit Card,Pending,54856.92,0.0,54856.92
ORD-00119,2026-03-23 08:29:00,CUST-0066,P001,Laptop Accessories,4,13542.84,0.15,Bank Transfer,Completed,54171.36,8125.7,46045.66
ORD-00120,2026-01-10 14:22:00,CUST-0151,P005,Office Supplies,4,10432.12,0.05,GCash,Completed,41728.48,2086.42,39642.06
ORD-00121,2026-02-19 15:06:00,CUST-0061,P007,Audio,5,5544.65,0.0,GCash,Completed,27723.25,0.0,27723.25
ORD-00122,2026-03-26 12:17:00,CUST-0003,P001,Laptop Accessories,5,11241.29,0.0,Debit Card,Cancelled,56206.45,0.0,56206.45
ORD-00123,2026-02-15 07:40:00,CUST-0049,P005,Office Supplies,2,9516.66,0.15,Credit Card,Completed,19033.32,2855.0,16178.32
ORD-00124,2026-02-26 01:37:00,CUST-0094,P003,Home Appliances,1,13667.01,0.0,Maya,Completed,13667.01,0.0,13667.01
ORD-00125,2026-01-26 04:50:00,CUST-0139,P006,Smart Devices,5,7651.47,0.0,Debit Card,Completed,38257.35,0.0,38257.35
ORD-00126,2026-03-03 09:47:00,CUST-0223,P006,Smart Devices,1,7157.89,0.0,Debit Card,Completed,7157.89,0.0,7157.89
ORD-00127,2026-03-28 23:43:00,CUST-0102,P006,Smart Devices,1,11912.56,0.0,GCash,Cancelled,11912.56,0.0,11912.56
ORD-00128,2026-01-16 14:23:00,CUST-0173,P005,Office Supplies,5,5870.13,0.15,GCash,Completed,29350.65,4402.6,24948.05
ORD-00129,2026-03-28 07:30:00,CUST-0007,P006,Smart Devices,5,3515.17,0.0,Maya,Completed,17575.85,0.0,17575.85
ORD-00130,2026-03-25 13:07:00,CUST-0036,P001,Laptop Accessories,1,4739.38,0.05,Credit Card,Completed,4739.38,236.97,4502.41
ORD-00131,2026-01-31 17:08:00,CUST-0100,P008,Wearables,3,10139.67,0.15,Bank Transfer,Pending,30419.01,4562.85,25856.16
ORD-00132,2026-03-17 23:46:00,CUST-0040,P007,Audio,1,12546.97,0.1,Maya,Completed,12546.97,1254.7,11292.27
ORD-00133,2026-01-05 22:23:00,CUST-0056,P008,Wearables,4,14270.69,0.0,Credit Card,Completed,57082.76,0.0,57082.76
ORD-00134,2026-03-11 20:22:00,CUST-0016,P007,Audio,3,3049.68,0.0,Maya,Completed,9149.04,0.0,9149.04
ORD-00135,2026-03-26 06:41:00,CUST-0164,P001,Laptop Accessories,1,11855.22,0.0,Debit Card,Cancelled,11855.22,0.0,11855.22
ORD-00136,2026-01-27 02:53:00,CUST-0196,P004,Gaming,5,3435.28,0.0,GCash,Completed,17176.4,0.0,17176.4
ORD-00137,2026-03-18 00:17:00,CUST-0220,P003,Home Appliances,2,8218.18,0.0,Credit Card,Completed,16436.36,0.0,16436.36
ORD-00138,2026-01-17 00:22:00,CUST-0203,P004,Gaming,5,5025.63,0.0,GCash,Completed,25128.15,0.0,25128.15
ORD-00139,2026-01-17 23:26:00,CUST-0135,P002,Mobile Accessories,1,7274.63,0.0,Bank Transfer,Cancelled,7274.63,0.0,7274.63
ORD-00140,2026-01-14 14:32:00,CUST-0057,P001,Laptop Accessories,5,4699.05,0.15,Credit Card,Completed,23495.25,3524.29,19970.96
ORD-00141,2026-03-03 12:27:00,CUST-0176,P002,Mobile Accessories,4,10757.92,0.05,Credit Card,Completed,43031.68,2151.58,40880.1
ORD-00142,2026-02-11 19:09:00,CUST-0017,P003,Home Appliances,3,9458.68,0.1,Bank Transfer,Completed,28376.04,2837.6,25538.44
ORD-00143,2026-02-18 19:33:00,CUST-0076,P008,Wearables,5,9180.05,0.0,Credit Card,Cancelled,45900.25,0.0,45900.25
ORD-00144,2026-01-28 13:28:00,CUST-0228,P004,Gaming,4,5249.24,0.05,Maya,Pending,20996.96,1049.85,19947.11
ORD-00145,2026-01-13 10:27:00,CUST-0081,P005,Office Supplies,3,14315.49,0.15,Maya,Completed,42946.47,6441.97,36504.5
ORD-00146,2026-01-12 02:05:00,CUST-0111,P002,Mobile Accessories,3,12223.6,0.1,Credit Card,Cancelled,36670.8,3667.08,33003.72
ORD-00147,2026-03-13 17:21:00,CUST-0172,P002,Mobile Accessories,4,5465.57,0.15,Maya,Completed,21862.28,3279.34,18582.94
ORD-00148,2026-02-06 19:19:00,CUST-0091,P002,Mobile Accessories,5,7734.34,0.0,Maya,Completed,38671.7,0.0,38671.7
ORD-00149,2026-01-14 11:54:00,CUST-0143,P006,Smart Devices,1,11498.43,0.1,Debit Card,Pending,11498.43,1149.84,10348.59
ORD-00150,2026-03-13 19:39:00,CUST-0173,P001,Laptop Accessories,5,13953.99,0.15,GCash,Completed,69769.95,10465.49,59304.46
ORD-00151,2026-01-24 08:44:00,CUST-0196,P005,Office Supplies,3,5427.6,0.0,Debit Card,Cancelled,16282.8,0.0,16282.8
ORD-00152,2026-03-26 12:04:00,CUST-0037,P001,Laptop Accessories,1,11255.15,0.0,Maya,Pending,11255.15,0.0,11255.15
ORD-00153,2026-02-28 10:10:00,CUST-0095,P005,Office Supplies,3,11708.33,0.1,Bank Transfer,Completed,35124.99,3512.5,31612.49
ORD-00154,2026-01-07 04:10:00,CUST-0194,P001,Laptop Accessories,1,4263.52,0.15,Maya,Pending,4263.52,639.53,3623.99
ORD-00155,2026-03-19 14:26:00,CUST-0070,P004,Gaming,5,1928.81,0.05,Credit Card,Completed,9644.05,482.2,9161.85
ORD-00156,2026-03-28 21:37:00,CUST-0125,P005,Office Supplies,1,3502.65,0.1,Credit Card,Completed,3502.65,350.27,3152.38
ORD-00157,2026-01-27 09:13:00,CUST-0197,P003,Home Appliances,3,4519.35,0.0,Credit Card,Pending,13558.05,0.0,13558.05
ORD-00158,2026-02-25 05:08:00,CUST-0098,P004,Gaming,5,8491.17,0.15,GCash,Completed,42455.85,6368.38,36087.47
ORD-00159,2026-02-20 23:02:00,CUST-0112,P001,Laptop Accessories,4,13837.15,0.0,Bank Transfer,Pending,55348.6,0.0,55348.6
ORD-00160,2026-03-15 12:45:00,CUST-0164,P007,Audio,3,1948.81,0.0,GCash,Completed,5846.43,0.0,5846.43
ORD-00161,2026-03-21 14:53:00,CUST-0177,P006,Smart Devices,1,6691.5,0.0,Debit Card,Pending,6691.5,0.0,6691.5
ORD-00162,2026-03-17 12:33:00,CUST-0021,P007,Audio,3,11250.62,0.0,GCash,Completed,33751.86,0.0,33751.86
ORD-00163,2026-01-10 16:40:00,CUST-0030,P004,Gaming,3,5428.72,0.15,Debit Card,Completed,16286.16,2442.92,13843.24
ORD-00164,2026-01-14 04:16:00,CUST-0051,P003,Home Appliances,5,2504.83,0.15,Credit Card,Completed,12524.15,1878.62,10645.53
ORD-00165,2026-03-22 15:29:00,CUST-0194,P008,Wearables,5,9734.13,0.1,GCash,Completed,48670.65,4867.07,43803.58
ORD-00166,2026-01-20 14:04:00,CUST-0121,P008,Wearables,3,11995.86,0.1,Credit Card,Completed,35987.58,3598.76,32388.82
ORD-00167,2026-03-06 02:19:00,CUST-0119,P008,Wearables,1,1089.13,0.0,Credit Card,Completed,1089.13,0.0,1089.13
ORD-00168,2026-03-20 19:32:00,CUST-0099,P008,Wearables,5,8426.17,0.15,Credit Card,Pending,42130.85,6319.63,35811.22
ORD-00169,2026-03-15 20:12:00,CUST-0083,P008,Wearables,5,2475.2,0.0,Maya,Completed,12376.0,0.0,12376.0
ORD-00170,2026-02-13 22:05:00,CUST-0130,P003,Home Appliances,1,3904.22,0.05,Maya,Cancelled,3904.22,195.21,3709.01
ORD-00171,2026-03-08 19:10:00,CUST-0094,P006,Smart Devices,3,5964.39,0.0,Bank Transfer,Completed,17893.17,0.0,17893.17
ORD-00172,2026-03-22 20:21:00,CUST-0017,P006,Smart Devices,1,8479.96,0.05,GCash,Completed,8479.96,424.0,8055.96
ORD-00173,2026-03-26 19:55:00,CUST-0039,P006,Smart Devices,1,8845.41,0.0,GCash,Completed,8845.41,0.0,8845.41
ORD-00174,2026-03-25 22:42:00,CUST-0101,P003,Home Appliances,5,10705.3,0.0,GCash,Cancelled,53526.5,0.0,53526.5
ORD-00175,2026-02-18 20:50:00,CUST-0085,P003,Home Appliances,5,1628.43,0.15,Maya,Cancelled,8142.15,1221.32,6920.83
ORD-00176,2026-02-16 00:23:00,CUST-0080,P003,Home Appliances,2,5290.55,0.05,Debit Card,Completed,10581.1,529.06,10052.04
ORD-00177,2026-01-18 04:04:00,CUST-0076,P002,Mobile Accessories,5,11620.4,0.15,Bank Transfer,Completed,58102.0,8715.3,49386.7
ORD-00178,2026-03-26 10:56:00,CUST-0197,P003,Home Appliances,5,5806.62,0.0,Debit Card,Cancelled,29033.1,0.0,29033.1
ORD-00179,2026-01-22 23:28:00,CUST-0012,P007,Audio,3,10226.35,0.0,Maya,Cancelled,30679.05,0.0,30679.05
ORD-00180,2026-02-06 23:50:00,CUST-0115,P004,Gaming,5,3777.74,0.05,Debit Card,Completed,18888.7,944.44,17944.26
ORD-00181,2026-03-28 18:28:00,CUST-0119,P005,Office Supplies,4,7667.87,0.05,Debit Card,Completed,30671.48,1533.57,29137.91
ORD-00182,2026-03-19 04:55:00,CUST-0065,P001,Laptop Accessories,4,13143.22,0.1,Credit Card,Cancelled,52572.88,5257.29,47315.59
ORD-00183,2026-01-16 09:05:00,CUST-0196,P003,Home Appliances,3,6877.46,0.1,Debit Card,Pending,20632.38,2063.24,18569.14
ORD-00184,2026-01-12 07:52:00,CUST-0116,P006,Smart Devices,1,6369.73,0.05,Bank Transfer,Completed,6369.73,318.49,6051.24
ORD-00185,2026-01-31 12:05:00,CUST-0096,P004,Gaming,1,4950.6,0.0,GCash,Completed,4950.6,0.0,4950.6
ORD-00186,2026-01-18 01:18:00,CUST-0235,P008,Wearables,2,11442.91,0.05,Maya,Cancelled,22885.82,1144.29,21741.53
ORD-00187,2026-01-01 02:01:00,CUST-0066,P004,Gaming,2,8344.86,0.15,Bank Transfer,Cancelled,16689.72,2503.46,14186.26
ORD-00188,2026-02-24 03:49:00,CUST-0074,P004,Gaming,3,2047.26,0.0,Maya,Cancelled,6141.78,0.0,6141.78
ORD-00189,2026-02-28 02:07:00,CUST-0215,P008,Wearables,5,8156.79,0.15,Bank Transfer,Cancelled,40783.95,6117.59,34666.36
ORD-00190,2026-01-31 22:09:00,CUST-0075,P007,Audio,1,9318.44,0.0,Bank Transfer,Pending,9318.44,0.0,9318.44
ORD-00191,2026-01-24 21:42:00,CUST-0022,P006,Smart Devices,1,14312.7,0.1,Bank Transfer,Cancelled,14312.7,1431.27,12881.43
ORD-00192,2026-03-12 00:24:00,CUST-0224,P008,Wearables,1,9626.14,0.0,GCash,Completed,9626.14,0.0,9626.14
ORD-00193,2026-02-15 02:22:00,CUST-0062,P002,Mobile Accessories,5,11094.01,0.0,Debit Card,Completed,55470.05,0.0,55470.05
ORD-00194,2026-02-15 17:21:00,CUST-0209,P003,Home Appliances,4,14717.08,0.05,Debit Card,Completed,58868.32,2943.42,55924.9
ORD-00195,2026-01-09 22:49:00,CUST-0242,P008,Wearables,1,4578.28,0.0,Debit Card,Completed,4578.28,0.0,4578.28
ORD-00196,2026-02-10 09:32:00,CUST-0102,P008,Wearables,3,790.16,0.15,Debit Card,Completed,2370.48,355.57,2014.91
ORD-00197,2026-02-15 01:55:00,CUST-0168,P006,Smart Devices,3,2086.01,0.0,Maya,Pending,6258.03,0.0,6258.03
ORD-00198,2026-02-26 12:21:00,CUST-0250,P003,Home Appliances,4,10458.01,0.0,Bank Transfer,Completed,41832.04,0.0,41832.04
ORD-00199,2026-01-11 23:27:00,CUST-0021,P007,Audio,5,14927.7,0.0,Bank Transfer,Completed,74638.5,0.0,74638.5
ORD-00200,2026-02-11 03:05:00,CUST-0084,P005,Office Supplies,3,6827.26,0.15,Maya,Completed,20481.78,3072.27,17409.51
ORD-00201,2026-03-30 14:22:00,CUST-0115,P001,Laptop Accessories,3,9319.06,0.05,GCash,Completed,27957.18,1397.86,26559.32
ORD-00202,2026-01-10 21:40:00,CUST-0104,P006,Smart Devices,5,12066.17,0.15,Debit Card,Completed,60330.85,9049.63,51281.22
ORD-00203,2026-01-19 19:43:00,CUST-0201,P008,Wearables,1,2111.89,0.0,GCash,Completed,2111.89,0.0,2111.89
ORD-00204,2026-02-19 18:02:00,CUST-0155,P003,Home Appliances,4,14245.15,0.0,Maya,Completed,56980.6,0.0,56980.6
ORD-00205,2026-03-15 04:33:00,CUST-0094,P007,Audio,3,9831.02,0.0,Credit Card,Completed,29493.06,0.0,29493.06
ORD-00206,2026-01-24 15:33:00,CUST-0100,P002,Mobile Accessories,3,11680.73,0.15,Maya,Completed,35042.19,5256.33,29785.86
ORD-00207,2026-03-20 09:44:00,CUST-0235,P008,Wearables,2,2058.9,0.0,Maya,Completed,4117.8,0.0,4117.8
ORD-00208,2026-02-26 02:51:00,CUST-0175,P006,Smart Devices,3,10715.72,0.1,Bank Transfer,Completed,32147.16,3214.72,28932.44
ORD-00209,2026-02-08 05:45:00,CUST-0182,P003,Home Appliances,3,7754.15,0.0,Debit Card,Completed,23262.45,0.0,23262.45
ORD-00210,2026-01-31 15:01:00,CUST-0093,P006,Smart Devices,4,12104.01,0.1,Debit Card,Cancelled,48416.04,4841.6,43574.44
ORD-00211,2026-01-12 02:19:00,CUST-0102,P008,Wearables,5,6309.23,0.05,Bank Transfer,Completed,31546.15,1577.31,29968.84
ORD-00212,2026-01-17 10:41:00,CUST-0019,P008,Wearables,4,10281.61,0.0,Debit Card,Cancelled,41126.44,0.0,41126.44
ORD-00213,2026-03-23 18:11:00,CUST-0197,P003,Home Appliances,4,7667.24,0.0,Credit Card,Cancelled,30668.96,0.0,30668.96
ORD-00214,2026-01-20 09:10:00,CUST-0042,P006,Smart Devices,2,5353.84,0.1,GCash,Completed,10707.68,1070.77,9636.91
ORD-00215,2026-02-02 06:40:00,CUST-0245,P005,Office Supplies,2,9469.08,0.1,Bank Transfer,Completed,18938.16,1893.82,17044.34
ORD-00216,2026-03-06 20:10:00,CUST-0152,P003,Home Appliances,2,9966.31,0.15,Bank Transfer,Completed,19932.62,2989.89,16942.73
ORD-00217,2026-03-14 01:52:00,CUST-0222,P001,Laptop Accessories,1,920.56,0.15,Bank Transfer,Completed,920.56,138.08,782.48
ORD-00218,2026-03-25 06:49:00,CUST-0147,P007,Audio,5,9675.12,0.05,Bank Transfer,Completed,48375.6,2418.78,45956.82
ORD-00219,2026-03-24 09:30:00,CUST-0063,P007,Audio,3,6939.78,0.15,Credit Card,Completed,20819.34,3122.9,17696.44
ORD-00220,2026-02-26 13:30:00,CUST-0119,P004,Gaming,3,9198.24,0.0,GCash,Completed,27594.72,0.0,27594.72
ORD-00221,2026-02-21 04:48:00,CUST-0095,P002,Mobile Accessories,3,3815.63,0.0,GCash,Pending,11446.89,0.0,11446.89
ORD-00222,2026-02-01 04:06:00,CUST-0013,P005,Office Supplies,4,12996.42,0.05,Debit Card,Completed,51985.68,2599.28,49386.4
ORD-00223,2026-02-11 18:46:00,CUST-0081,P004,Gaming,2,7599.42,0.1,Maya,Pending,15198.84,1519.88,13678.96
ORD-00224,2026-02-09 15:01:00,CUST-0024,P007,Audio,5,6994.15,0.0,Debit Card,Cancelled,34970.75,0.0,34970.75
ORD-00225,2026-02-15 01:03:00,CUST-0073,P008,Wearables,5,13264.51,0.15,Maya,Completed,66322.55,9948.38,56374.17
ORD-00226,2026-03-10 00:54:00,CUST-0028,P007,Audio,2,13266.22,0.15,GCash,Pending,26532.44,3979.87,22552.57
ORD-00227,2026-02-16 01:25:00,CUST-0014,P004,Gaming,3,8410.04,0.0,Maya,Cancelled,25230.12,0.0,25230.12
ORD-00228,2026-02-27 17:17:00,CUST-0212,P002,Mobile Accessories,2,14632.47,0.05,GCash,Completed,29264.94,1463.25,27801.69
ORD-00229,2026-03-13 11:48:00,CUST-0037,P004,Gaming,5,7759.56,0.1,Credit Card,Completed,38797.8,3879.78,34918.02
ORD-00230,2026-01-05 04:45:00,CUST-0086,P008,Wearables,5,6990.58,0.1,Bank Transfer,Completed,34952.9,3495.29,31457.61
ORD-00231,2026-02-11 19:20:00,CUST-0042,P007,Audio,5,11154.96,0.0,Bank Transfer,Completed,55774.8,0.0,55774.8
ORD-00232,2026-03-06 16:34:00,CUST-0126,P005,Office Supplies,4,12282.3,0.0,GCash,Completed,49129.2,0.0,49129.2
ORD-00233,2026-02-23 18:19:00,CUST-0204,P001,Laptop Accessories,5,7250.21,0.15,Bank Transfer,Cancelled,36251.05,5437.66,30813.39
ORD-00234,2026-01-30 23:03:00,CUST-0150,P008,Wearables,2,7982.43,0.15,Bank Transfer,Pending,15964.86,2394.73,13570.13
ORD-00235,2026-01-19 21:15:00,CUST-0009,P002,Mobile Accessories,2,529.33,0.0,Maya,Completed,1058.66,0.0,1058.66
ORD-00236,2026-02-22 22:13:00,CUST-0106,P008,Wearables,1,10660.18,0.1,Debit Card,Cancelled,10660.18,1066.02,9594.16
ORD-00237,2026-02-11 21:30:00,CUST-0135,P007,Audio,3,14361.11,0.05,Bank Transfer,Completed,43083.33,2154.17,40929.16
ORD-00238,2026-03-11 11:43:00,CUST-0198,P005,Office Supplies,5,7391.66,0.0,GCash,Cancelled,36958.3,0.0,36958.3
ORD-00239,2026-02-08 07:19:00,CUST-0198,P005,Office Supplies,2,10431.04,0.05,GCash,Pending,20862.08,1043.1,19818.98
ORD-00240,2026-02-14 17:59:00,CUST-0240,P005,Office Supplies,3,2047.64,0.15,Bank Transfer,Pending,6142.92,921.44,5221.48
ORD-00241,2026-02-20 11:49:00,CUST-0206,P003,Home Appliances,3,870.48,0.15,Credit Card,Completed,2611.44,391.72,2219.72
ORD-00242,2026-02-26 20:16:00,CUST-0192,P008,Wearables,2,3230.5,0.1,GCash,Cancelled,6461.0,646.1,5814.9
ORD-00243,2026-03-31 08:08:00,CUST-0028,P004,Gaming,2,998.79,0.1,Debit Card,Completed,1997.58,199.76,1797.82
ORD-00244,2026-01-07 03:26:00,CUST-0085,P008,Wearables,1,10297.58,0.0,Credit Card,Cancelled,10297.58,0.0,10297.58
ORD-00245,2026-01-21 13:41:00,CUST-0240,P008,Wearables,4,9845.45,0.0,GCash,Completed,39381.8,0.0,39381.8
ORD-00246,2026-03-24 01:58:00,CUST-0197,P002,Mobile Accessories,5,3675.25,0.15,Credit Card,Completed,18376.25,2756.44,15619.81
ORD-00247,2026-02-23 05:59:00,CUST-0236,P001,Laptop Accessories,4,11872.42,0.0,GCash,Completed,47489.68,0.0,47489.68
ORD-00248,2026-01-02 09:36:00,CUST-0155,P002,Mobile Accessories,3,4447.28,0.15,Bank Transfer,Cancelled,13341.84,2001.28,11340.56
ORD-00249,2026-03-05 04:54:00,CUST-0130,P008,Wearables,3,3093.97,0.0,GCash,Completed,9281.91,0.0,9281.91
ORD-00250,2026-02-28 20:16:00,CUST-0184,P003,Home Appliances,1,11115.11,0.0,Bank Transfer,Completed,11115.11,0.0,11115.11
ORD-00251,2026-01-23 19:54:00,CUST-0164,P007,Audio,4,7850.39,0.0,Maya,Completed,31401.56,0.0,31401.56
ORD-00252,2026-01-24 04:30:00,CUST-0083,P004,Gaming,1,4096.58,0.0,Maya,Completed,4096.58,0.0,4096.58
ORD-00253,2026-02-12 09:37:00,CUST-0186,P001,Laptop Accessories,3,9891.83,0.15,Debit Card,Completed,29675.49,4451.32,25224.17
ORD-00254,2026-03-27 03:29:00,CUST-0079,P003,Home Appliances,4,10369.59,0.15,GCash,Completed,41478.36,6221.75,35256.61
ORD-00255,2026-03-23 09:23:00,CUST-0158,P004,Gaming,2,14371.07,0.05,Debit Card,Pending,28742.14,1437.11,27305.03
ORD-00256,2026-03-19 11:26:00,CUST-0180,P008,Wearables,5,12079.43,0.0,Debit Card,Cancelled,60397.15,0.0,60397.15
ORD-00257,2026-01-11 16:28:00,CUST-0136,P006,Smart Devices,1,13779.36,0.0,Credit Card,Cancelled,13779.36,0.0,13779.36
ORD-00258,2026-03-06 06:36:00,CUST-0138,P003,Home Appliances,2,5089.74,0.1,Maya,Completed,10179.48,1017.95,9161.53
ORD-00259,2026-03-29 06:45:00,CUST-0150,P008,Wearables,1,13508.62,0.05,Credit Card,Pending,13508.62,675.43,12833.19
ORD-00260,2026-01-17 16:26:00,CUST-0117,P001,Laptop Accessories,5,7070.08,0.0,Credit Card,Pending,35350.4,0.0,35350.4
ORD-00261,2026-02-02 00:47:00,CUST-0056,P002,Mobile Accessories,1,6499.54,0.15,Credit Card,Cancelled,6499.54,974.93,5524.61
ORD-00262,2026-01-08 02:59:00,CUST-0121,P001,Laptop Accessories,3,6280.79,0.0,Maya,Completed,18842.37,0.0,18842.37
ORD-00263,2026-02-18 14:55:00,CUST-0235,P007,Audio,4,1433.69,0.15,Bank Transfer,Completed,5734.76,860.21,4874.55
ORD-00264,2026-03-25 11:07:00,CUST-0046,P007,Audio,5,2128.37,0.0,Credit Card,Completed,10641.85,0.0,10641.85
ORD-00265,2026-02-08 14:43:00,CUST-0185,P007,Audio,5,5844.33,0.0,Debit Card,Pending,29221.65,0.0,29221.65
ORD-00266,2026-02-14 04:17:00,CUST-0049,P002,Mobile Accessories,1,12189.8,0.05,Bank Transfer,Completed,12189.8,609.49,11580.31
ORD-00267,2026-01-31 06:04:00,CUST-0026,P001,Laptop Accessories,4,9067.33,0.15,Credit Card,Completed,36269.32,5440.4,30828.92
ORD-00268,2026-01-06 12:28:00,CUST-0060,P004,Gaming,1,2317.0,0.0,Debit Card,Cancelled,2317.0,0.0,2317.0
ORD-00269,2026-02-10 18:38:00,CUST-0198,P006,Smart Devices,2,4701.03,0.0,Bank Transfer,Completed,9402.06,0.0,9402.06
ORD-00270,2026-02-22 09:17:00,CUST-0016,P003,Home Appliances,4,8448.8,0.0,GCash,Pending,33795.2,0.0,33795.2
ORD-00271,2026-03-09 10:44:00,CUST-0107,P007,Audio,2,4673.36,0.0,Bank Transfer,Pending,9346.72,0.0,9346.72
ORD-00272,2026-01-31 07:19:00,CUST-0220,P003,Home Appliances,4,13742.43,0.1,Maya,Pending,54969.72,5496.97,49472.75
ORD-00273,2026-03-13 16:08:00,CUST-0100,P004,Gaming,3,3249.22,0.15,Credit Card,Pending,9747.66,1462.15,8285.51
ORD-00274,2026-02-17 02:34:00,CUST-0186,P004,Gaming,1,4209.81,0.15,Bank Transfer,Cancelled,4209.81,631.47,3578.34
ORD-00275,2026-01-06 02:12:00,CUST-0206,P004,Gaming,4,3331.11,0.0,GCash,Completed,13324.44,0.0,13324.44
ORD-00276,2026-01-28 06:47:00,CUST-0031,P008,Wearables,2,10510.49,0.15,Debit Card,Pending,21020.98,3153.15,17867.83
ORD-00277,2026-01-31 17:20:00,CUST-0199,P005,Office Supplies,4,7127.19,0.15,GCash,Completed,28508.76,4276.31,24232.45
ORD-00278,2026-02-03 11:32:00,CUST-0226,P008,Wearables,4,1704.47,0.15,Maya,Completed,6817.88,1022.68,5795.2
ORD-00279,2026-01-27 11:20:00,CUST-0106,P001,Laptop Accessories,5,12995.25,0.15,Debit Card,Completed,64976.25,9746.44,55229.81
ORD-00280,2026-02-03 17:59:00,CUST-0150,P007,Audio,3,2498.07,0.0,Debit Card,Pending,7494.21,0.0,7494.21
ORD-00281,2026-03-14 07:31:00,CUST-0141,P006,Smart Devices,3,11509.57,0.05,Maya,Pending,34528.71,1726.44,32802.27
ORD-00282,2026-01-22 23:50:00,CUST-0091,P003,Home Appliances,2,10874.62,0.05,Debit Card,Cancelled,21749.24,1087.46,20661.78
ORD-00283,2026-03-24 01:33:00,CUST-0009,P002,Mobile Accessories,1,11524.0,0.05,Debit Card,Completed,11524.0,576.2,10947.8
ORD-00284,2026-01-09 22:09:00,CUST-0003,P004,Gaming,5,6976.14,0.0,Bank Transfer,Cancelled,34880.7,0.0,34880.7
ORD-00285,2026-03-03 21:31:00,CUST-0005,P001,Laptop Accessories,5,8386.74,0.0,Credit Card,Cancelled,41933.7,0.0,41933.7
ORD-00286,2026-02-05 17:18:00,CUST-0005,P007,Audio,2,1828.49,0.0,Bank Transfer,Completed,3656.98,0.0,3656.98
ORD-00287,2026-01-31 06:39:00,CUST-0135,P005,Office Supplies,3,4193.04,0.05,Credit Card,Completed,12579.12,628.96,11950.16
ORD-00288,2026-02-21 14:36:00,CUST-0063,P004,Gaming,3,10339.61,0.0,Credit Card,Completed,31018.83,0.0,31018.83
ORD-00289,2026-02-21 12:24:00,CUST-0142,P008,Wearables,1,9642.03,0.15,Debit Card,Completed,9642.03,1446.3,8195.73
ORD-00290,2026-03-05 13:41:00,CUST-0201,P006,Smart Devices,5,14665.61,0.0,Bank Transfer,Completed,73328.05,0.0,73328.05
ORD-00291,2026-01-30 06:57:00,CUST-0223,P008,Wearables,3,936.79,0.0,GCash,Cancelled,2810.37,0.0,2810.37
ORD-00292,2026-03-14 21:02:00,CUST-0046,P006,Smart Devices,1,14431.67,0.1,Debit Card,Pending,14431.67,1443.17,12988.5
ORD-00293,2026-01-10 09:10:00,CUST-0145,P004,Gaming,5,12561.1,0.05,Bank Transfer,Completed,62805.5,3140.28,59665.22
ORD-00294,2026-02-19 23:08:00,CUST-0203,P002,Mobile Accessories,5,11245.48,0.0,Credit Card,Completed,56227.4,0.0,56227.4
ORD-00295,2026-02-25 07:53:00,CUST-0020,P006,Smart Devices,5,11592.83,0.1,Maya,Completed,57964.15,5796.42,52167.73
ORD-00296,2026-01-04 20:17:00,CUST-0201,P008,Wearables,4,3615.04,0.1,Maya,Pending,14460.16,1446.02,13014.14
ORD-00297,2026-01-24 21:37:00,CUST-0170,P007,Audio,1,11639.47,0.0,Debit Card,Completed,11639.47,0.0,11639.47
ORD-00298,2026-01-11 08:09:00,CUST-0098,P003,Home Appliances,4,4921.0,0.0,Credit Card,Completed,19684.0,0.0,19684.0
ORD-00299,2026-02-09 14:23:00,CUST-0195,P005,Office Supplies,1,2204.48,0.0,Maya,Pending,2204.48,0.0,2204.48
ORD-00300,2026-03-13 17:32:00,CUST-0105,P002,Mobile Accessories,1,1571.88,0.1,Credit Card,Cancelled,1571.88,157.19,1414.69
ORD-00301,2026-03-18 10:55:00,CUST-0099,P001,Laptop Accessories,3,6353.7,0.0,Bank Transfer,Completed,19061.1,0.0,19061.1
ORD-00302,2026-03-15 16:10:00,CUST-0176,P007,Audio,2,2297.89,0.0,GCash,Pending,4595.78,0.0,4595.78
ORD-00303,2026-01-19 02:10:00,CUST-0112,P005,Office Supplies,4,4671.35,0.0,GCash,Completed,18685.4,0.0,18685.4
ORD-00304,2026-02-01 23:40:00,CUST-0127,P004,Gaming,4,1827.84,0.0,Credit Card,Pending,7311.36,0.0,7311.36
ORD-00305,2026-02-12 19:24:00,CUST-0206,P006,Smart Devices,4,5187.36,0.15,Bank Transfer,Completed,20749.44,3112.42,17637.02
ORD-00306,2026-02-08 10:38:00,CUST-0243,P004,Gaming,4,4884.2,0.05,GCash,Completed,19536.8,976.84,18559.96
ORD-00307,2026-03-30 20:31:00,CUST-0248,P004,Gaming,3,5796.82,0.05,GCash,Completed,17390.46,869.52,16520.94
ORD-00308,2026-03-14 06:37:00,CUST-0140,P003,Home Appliances,5,647.01,0.15,Maya,Completed,3235.05,485.26,2749.79
ORD-00309,2026-02-26 09:53:00,CUST-0178,P002,Mobile Accessories,4,10176.42,0.0,GCash,Completed,40705.68,0.0,40705.68
ORD-00310,2026-02-02 21:09:00,CUST-0184,P007,Audio,4,1340.99,0.1,Maya,Cancelled,5363.96,536.4,4827.56
ORD-00311,2026-02-21 17:32:00,CUST-0237,P007,Audio,5,792.29,0.0,Bank Transfer,Cancelled,3961.45,0.0,3961.45
ORD-00312,2026-03-23 02:06:00,CUST-0197,P004,Gaming,3,2703.49,0.1,Credit Card,Cancelled,8110.47,811.05,7299.42
ORD-00313,2026-03-24 21:41:00,CUST-0103,P006,Smart Devices,4,1812.68,0.0,GCash,Completed,7250.72,0.0,7250.72
ORD-00314,2026-03-07 23:33:00,CUST-0143,P004,Gaming,4,5768.26,0.05,Bank Transfer,Cancelled,23073.04,1153.65,21919.39
ORD-00315,2026-01-20 11:01:00,CUST-0124,P002,Mobile Accessories,3,6385.64,0.0,Credit Card,Completed,19156.92,0.0,19156.92
ORD-00316,2026-02-14 09:21:00,CUST-0117,P004,Gaming,5,7373.16,0.05,Credit Card,Pending,36865.8,1843.29,35022.51
ORD-00317,2026-03-31 14:20:00,CUST-0018,P005,Office Supplies,1,12200.24,0.0,Credit Card,Completed,12200.24,0.0,12200.24
ORD-00318,2026-03-24 03:43:00,CUST-0205,P003,Home Appliances,2,7860.91,0.1,Debit Card,Completed,15721.82,1572.18,14149.64
ORD-00319,2026-03-13 13:29:00,CUST-0060,P007,Audio,2,2999.21,0.15,Maya,Pending,5998.42,899.76,5098.66
ORD-00320,2026-01-04 23:39:00,CUST-0227,P004,Gaming,4,8985.0,0.05,Credit Card,Completed,35940.0,1797.0,34143.0
ORD-00321,2026-01-27 08:48:00,CUST-0181,P002,Mobile Accessories,5,1750.84,0.1,Debit Card,Completed,8754.2,875.42,7878.78
ORD-00322,2026-02-11 06:29:00,CUST-0030,P005,Office Supplies,4,8033.8,0.15,GCash,Cancelled,32135.2,4820.28,27314.92
ORD-00323,2026-02-19 19:25:00,CUST-0151,P002,Mobile Accessories,3,5441.78,0.05,Bank Transfer,Completed,16325.34,816.27,15509.07
ORD-00324,2026-03-28 22:51:00,CUST-0077,P002,Mobile Accessories,2,4869.49,0.0,GCash,Completed,9738.98,0.0,9738.98
ORD-00325,2026-01-24 11:44:00,CUST-0037,P007,Audio,4,9047.28,0.1,Maya,Pending,36189.12,3618.91,32570.21
ORD-00326,2026-01-24 15:40:00,CUST-0138,P003,Home Appliances,5,2711.27,0.0,Debit Card,Completed,13556.35,0.0,13556.35
ORD-00327,2026-02-10 14:39:00,CUST-0014,P006,Smart Devices,1,7397.98,0.0,Maya,Cancelled,7397.98,0.0,7397.98
ORD-00328,2026-03-06 20:31:00,CUST-0105,P008,Wearables,4,10724.6,0.05,Maya,Completed,42898.4,2144.92,40753.48
ORD-00329,2026-01-11 18:01:00,CUST-0204,P004,Gaming,3,732.25,0.0,Bank Transfer,Completed,2196.75,0.0,2196.75
ORD-00330,2026-01-22 14:36:00,CUST-0191,P008,Wearables,5,7784.39,0.1,Credit Card,Completed,38921.95,3892.19,35029.76
ORD-00331,2026-03-11 11:34:00,CUST-0211,P001,Laptop Accessories,4,8308.71,0.05,Credit Card,Completed,33234.84,1661.74,31573.1
ORD-00332,2026-02-08 01:28:00,CUST-0068,P006,Smart Devices,1,6726.28,0.0,Debit Card,Completed,6726.28,0.0,6726.28
ORD-00333,2026-03-17 22:22:00,CUST-0221,P007,Audio,2,9338.23,0.0,Debit Card,Completed,18676.46,0.0,18676.46
ORD-00334,2026-03-14 11:34:00,CUST-0072,P003,Home Appliances,3,14690.25,0.0,GCash,Cancelled,44070.75,0.0,44070.75
ORD-00335,2026-02-04 16:57:00,CUST-0174,P002,Mobile Accessories,2,14450.89,0.05,Credit Card,Completed,28901.78,1445.09,27456.69
ORD-00336,2026-03-25 04:44:00,CUST-0222,P003,Home Appliances,2,2407.09,0.0,Debit Card,Pending,4814.18,0.0,4814.18
ORD-00337,2026-03-04 04:36:00,CUST-0162,P005,Office Supplies,4,5783.79,0.0,Credit Card,Pending,23135.16,0.0,23135.16
ORD-00338,2026-03-07 23:17:00,CUST-0178,P006,Smart Devices,4,14266.25,0.0,Bank Transfer,Completed,57065.0,0.0,57065.0
ORD-00339,2026-01-12 23:29:00,CUST-0163,P006,Smart Devices,1,11986.25,0.05,Debit Card,Pending,11986.25,599.31,11386.94
ORD-00340,2026-01-28 15:17:00,CUST-0083,P005,Office Supplies,3,8322.83,0.0,Bank Transfer,Pending,24968.49,0.0,24968.49
ORD-00341,2026-02-13 21:48:00,CUST-0013,P001,Laptop Accessories,1,9486.15,0.05,Credit Card,Completed,9486.15,474.31,9011.84
ORD-00342,2026-01-21 14:29:00,CUST-0001,P007,Audio,2,14936.49,0.0,GCash,Completed,29872.98,0.0,29872.98
ORD-00343,2026-02-05 02:41:00,CUST-0093,P005,Office Supplies,1,5734.7,0.15,Debit Card,Completed,5734.7,860.2,4874.5
ORD-00344,2026-02-20 20:19:00,CUST-0186,P004,Gaming,4,9918.41,0.15,Credit Card,Completed,39673.64,5951.05,33722.59
ORD-00345,2026-01-28 15:04:00,CUST-0034,P004,Gaming,5,10279.75,0.0,Credit Card,Completed,51398.75,0.0,51398.75
ORD-00346,2026-01-16 13:44:00,CUST-0034,P008,Wearables,1,3626.97,0.0,Credit Card,Completed,3626.97,0.0,3626.97
ORD-00347,2026-02-10 11:56:00,CUST-0077,P003,Home Appliances,4,11658.54,0.0,Debit Card,Completed,46634.16,0.0,46634.16
ORD-00348,2026-03-09 18:00:00,CUST-0157,P003,Home Appliances,4,5430.02,0.0,Debit Card,Pending,21720.08,0.0,21720.08
ORD-00349,2026-03-20 21:28:00,CUST-0221,P004,Gaming,1,13474.75,0.0,Credit Card,Cancelled,13474.75,0.0,13474.75
ORD-00350,2026-02-19 11:27:00,CUST-0081,P003,Home Appliances,2,4335.27,0.0,Debit Card,Cancelled,8670.54,0.0,8670.54
ORD-00351,2026-03-18 19:46:00,CUST-0156,P005,Office Supplies,1,12756.41,0.15,GCash,Completed,12756.41,1913.46,10842.95
ORD-00352,2026-03-08 19:32:00,CUST-0049,P007,Audio,3,9781.0,0.0,Maya,Pending,29343.0,0.0,29343.0
ORD-00353,2026-01-15 07:31:00,CUST-0164,P002,Mobile Accessories,5,13358.69,0.0,GCash,Completed,66793.45,0.0,66793.45
ORD-00354,2026-01-17 12:55:00,CUST-0215,P007,Audio,3,8308.75,0.0,Maya,Completed,24926.25,0.0,24926.25
ORD-00355,2026-01-03 18:04:00,CUST-0004,P005,Office Supplies,2,837.45,0.0,Maya,Cancelled,1674.9,0.0,1674.9
ORD-00356,2026-02-06 20:45:00,CUST-0129,P007,Audio,4,10601.71,0.0,Bank Transfer,Cancelled,42406.84,0.0,42406.84
ORD-00357,2026-03-20 04:17:00,CUST-0022,P005,Office Supplies,1,7791.74,0.0,Debit Card,Cancelled,7791.74,0.0,7791.74
ORD-00358,2026-02-11 12:37:00,CUST-0163,P002,Mobile Accessories,3,10555.47,0.15,Debit Card,Completed,31666.41,4749.96,26916.45
ORD-00359,2026-02-01 02:59:00,CUST-0112,P002,Mobile Accessories,4,9281.38,0.0,GCash,Completed,37125.52,0.0,37125.52
ORD-00360,2026-01-16 00:45:00,CUST-0036,P001,Laptop Accessories,2,7572.09,0.0,Bank Transfer,Cancelled,15144.18,0.0,15144.18
ORD-00361,2026-02-03 05:23:00,CUST-0033,P005,Office Supplies,1,11628.6,0.0,GCash,Pending,11628.6,0.0,11628.6
ORD-00362,2026-02-04 16:04:00,CUST-0068,P002,Mobile Accessories,4,6964.17,0.0,Credit Card,Pending,27856.68,0.0,27856.68
ORD-00363,2026-03-14 05:23:00,CUST-0041,P005,Office Supplies,1,13440.46,0.15,Credit Card,Completed,13440.46,2016.07,11424.39
ORD-00364,2026-03-07 00:02:00,CUST-0220,P001,Laptop Accessories,2,928.23,0.0,Maya,Completed,1856.46,0.0,1856.46
ORD-00365,2026-01-23 01:35:00,CUST-0206,P007,Audio,2,4996.58,0.05,GCash,Completed,9993.16,499.66,9493.5
ORD-00366,2026-01-10 18:23:00,CUST-0031,P001,Laptop Accessories,2,3541.98,0.1,Credit Card,Pending,7083.96,708.4,6375.56
ORD-00367,2026-01-09 14:55:00,CUST-0073,P005,Office Supplies,3,1524.19,0.05,Credit Card,Completed,4572.57,228.63,4343.94
ORD-00368,2026-01-26 09:36:00,CUST-0201,P005,Office Supplies,5,3828.11,0.0,Bank Transfer,Pending,19140.55,0.0,19140.55
ORD-00369,2026-01-26 23:57:00,CUST-0140,P004,Gaming,2,344.07,0.05,Credit Card,Completed,688.14,34.41,653.73
ORD-00370,2026-03-11 11:40:00,CUST-0215,P001,Laptop Accessories,3,271.57,0.15,Maya,Completed,814.71,122.21,692.5
ORD-00371,2026-01-14 06:33:00,CUST-0061,P007,Audio,4,14427.48,0.0,GCash,Completed,57709.92,0.0,57709.92
ORD-00372,2026-01-06 07:57:00,CUST-0217,P007,Audio,3,7012.26,0.15,Credit Card,Cancelled,21036.78,3155.52,17881.26
ORD-00373,2026-01-13 16:08:00,CUST-0164,P007,Audio,1,8980.46,0.0,Maya,Completed,8980.46,0.0,8980.46
ORD-00374,2026-01-31 09:16:00,CUST-0218,P006,Smart Devices,4,10585.7,0.15,GCash,Completed,42342.8,6351.42,35991.38
ORD-00375,2026-02-27 08:14:00,CUST-0020,P004,Gaming,2,11754.07,0.1,Credit Card,Completed,23508.14,2350.81,21157.33
ORD-00376,2026-01-14 05:28:00,CUST-0120,P006,Smart Devices,4,2030.87,0.0,Debit Card,Pending,8123.48,0.0,8123.48
ORD-00377,2026-02-09 14:16:00,CUST-0219,P002,Mobile Accessories,1,2574.83,0.15,GCash,Cancelled,2574.83,386.22,2188.61
ORD-00378,2026-01-06 06:53:00,CUST-0220,P006,Smart Devices,2,1595.39,0.0,GCash,Pending,3190.78,0.0,3190.78
ORD-00379,2026-03-07 01:43:00,CUST-0077,P005,Office Supplies,2,708.46,0.05,Maya,Cancelled,1416.92,70.85,1346.07
ORD-00380,2026-03-12 07:06:00,CUST-0119,P002,Mobile Accessories,2,2041.44,0.0,Debit Card,Completed,4082.88,0.0,4082.88
ORD-00381,2026-01-26 12:23:00,CUST-0176,P002,Mobile Accessories,5,8895.25,0.0,Credit Card,Completed,44476.25,0.0,44476.25
ORD-00382,2026-01-26 20:28:00,CUST-0208,P003,Home Appliances,1,13599.9,0.0,Credit Card,Completed,13599.9,0.0,13599.9
ORD-00383,2026-03-01 01:10:00,CUST-0237,P007,Audio,4,7567.86,0.05,Maya,Completed,30271.44,1513.57,28757.87
ORD-00384,2026-02-15 06:58:00,CUST-0048,P005,Office Supplies,3,6828.67,0.0,Credit Card,Cancelled,20486.01,0.0,20486.01
ORD-00385,2026-03-21 19:15:00,CUST-0166,P005,Office Supplies,4,6326.89,0.1,Maya,Completed,25307.56,2530.76,22776.8
ORD-00386,2026-01-12 08:24:00,CUST-0036,P007,Audio,2,9729.12,0.1,Debit Card,Cancelled,19458.24,1945.82,17512.42
ORD-00387,2026-01-03 12:50:00,CUST-0183,P006,Smart Devices,4,8281.64,0.05,GCash,Cancelled,33126.56,1656.33,31470.23
ORD-00388,2026-03-06 10:24:00,CUST-0070,P003,Home Appliances,1,4953.44,0.0,Credit Card,Completed,4953.44,0.0,4953.44
ORD-00389,2026-01-08 15:33:00,CUST-0092,P004,Gaming,2,1726.98,0.15,Debit Card,Completed,3453.96,518.09,2935.87
ORD-00390,2026-03-10 23:03:00,CUST-0196,P004,Gaming,5,12735.95,0.05,GCash,Completed,63679.75,3183.99,60495.76
ORD-00391,2026-01-23 07:37:00,CUST-0082,P006,Smart Devices,5,666.05,0.15,GCash,Cancelled,3330.25,499.54,2830.71
ORD-00392,2026-03-14 04:36:00,CUST-0243,P004,Gaming,4,8246.34,0.0,Maya,Completed,32985.36,0.0,32985.36
ORD-00393,2026-01-12 01:14:00,CUST-0155,P004,Gaming,1,8015.12,0.0,GCash,Cancelled,8015.12,0.0,8015.12
ORD-00394,2026-01-26 04:21:00,CUST-0184,P003,Home Appliances,3,1128.45,0.0,Bank Transfer,Completed,3385.35,0.0,3385.35
ORD-00395,2026-01-15 16:55:00,CUST-0094,P002,Mobile Accessories,3,10641.94,0.15,Maya,Cancelled,31925.82,4788.87,27136.95
ORD-00396,2026-01-13 10:19:00,CUST-0083,P003,Home Appliances,2,11052.19,0.05,Maya,Completed,22104.38,1105.22,20999.16
ORD-00397,2026-01-23 22:35:00,CUST-0178,P006,Smart Devices,2,10066.59,0.0,Maya,Completed,20133.18,0.0,20133.18
ORD-00398,2026-03-30 09:08:00,CUST-0046,P001,Laptop Accessories,5,6026.12,0.1,Credit Card,Completed,30130.6,3013.06,27117.54
ORD-00399,2026-03-19 10:58:00,CUST-0208,P004,Gaming,5,1785.63,0.05,Debit Card,Completed,8928.15,446.41,8481.74
ORD-00400,2026-01-10 07:22:00,CUST-0082,P003,Home Appliances,1,12369.51,0.15,GCash,Pending,12369.51,1855.43,10514.08
ORD-00401,2026-01-02 08:13:00,CUST-0064,P002,Mobile Accessories,3,4035.7,0.0,Credit Card,Completed,12107.1,0.0,12107.1
ORD-00402,2026-02-19 14:46:00,CUST-0108,P003,Home Appliances,4,7522.96,0.05,GCash,Cancelled,30091.84,1504.59,28587.25
ORD-00403,2026-02-18 03:53:00,CUST-0123,P004,Gaming,2,6906.49,0.0,GCash,Completed,13812.98,0.0,13812.98
ORD-00404,2026-02-10 08:06:00,CUST-0019,P006,Smart Devices,2,13346.99,0.0,Credit Card,Cancelled,26693.98,0.0,26693.98
ORD-00405,2026-01-12 10:38:00,CUST-0158,P008,Wearables,1,6612.02,0.15,Debit Card,Cancelled,6612.02,991.8,5620.22
ORD-00406,2026-02-25 05:03:00,CUST-0026,P006,Smart Devices,2,14622.38,0.05,Bank Transfer,Cancelled,29244.76,1462.24,27782.52
ORD-00407,2026-02-03 21:18:00,CUST-0077,P004,Gaming,1,982.12,0.1,Bank Transfer,Pending,982.12,98.21,883.91
ORD-00408,2026-01-20 01:23:00,CUST-0001,P007,Audio,1,4594.6,0.15,Bank Transfer,Pending,4594.6,689.19,3905.41
ORD-00409,2026-01-26 03:01:00,CUST-0053,P003,Home Appliances,3,14661.6,0.05,Credit Card,Completed,43984.8,2199.24,41785.56
ORD-00410,2026-02-20 15:31:00,CUST-0230,P005,Office Supplies,1,9717.53,0.05,Debit Card,Completed,9717.53,485.88,9231.65
ORD-00411,2026-02-18 11:11:00,CUST-0115,P001,Laptop Accessories,3,6736.17,0.0,Debit Card,Completed,20208.51,0.0,20208.51
ORD-00412,2026-03-14 01:09:00,CUST-0193,P002,Mobile Accessories,1,10105.08,0.1,Maya,Cancelled,10105.08,1010.51,9094.57
ORD-00413,2026-01-30 17:03:00,CUST-0216,P007,Audio,5,6424.82,0.1,Maya,Cancelled,32124.1,3212.41,28911.69
ORD-00414,2026-01-31 15:19:00,CUST-0021,P007,Audio,1,7656.0,0.1,Bank Transfer,Cancelled,7656.0,765.6,6890.4
ORD-00415,2026-01-19 03:48:00,CUST-0115,P003,Home Appliances,2,14589.43,0.0,Debit Card,Completed,29178.86,0.0,29178.86
ORD-00416,2026-02-24 02:43:00,CUST-0112,P004,Gaming,2,12553.09,0.0,GCash,Completed,25106.18,0.0,25106.18
ORD-00417,2026-01-12 12:35:00,CUST-0102,P006,Smart Devices,3,7915.4,0.0,Bank Transfer,Cancelled,23746.2,0.0,23746.2
ORD-00418,2026-03-08 13:07:00,CUST-0107,P003,Home Appliances,2,8607.26,0.1,Credit Card,Completed,17214.52,1721.45,15493.07
ORD-00419,2026-03-14 03:50:00,CUST-0074,P006,Smart Devices,4,4146.02,0.15,Maya,Cancelled,16584.08,2487.61,14096.47
ORD-00420,2026-03-19 15:02:00,CUST-0045,P005,Office Supplies,4,2371.83,0.1,Maya,Completed,9487.32,948.73,8538.59
ORD-00421,2026-02-20 10:44:00,CUST-0061,P001,Laptop Accessories,4,13832.32,0.0,Credit Card,Completed,55329.28,0.0,55329.28
ORD-00422,2026-02-08 09:17:00,CUST-0216,P008,Wearables,1,14594.33,0.0,Debit Card,Completed,14594.33,0.0,14594.33
ORD-00423,2026-02-26 10:17:00,CUST-0187,P007,Audio,5,9771.93,0.0,Maya,Completed,48859.65,0.0,48859.65
ORD-00424,2026-02-22 23:31:00,CUST-0195,P006,Smart Devices,1,7850.23,0.0,Credit Card,Completed,7850.23,0.0,7850.23
ORD-00425,2026-03-06 12:08:00,CUST-0200,P001,Laptop Accessories,2,3093.26,0.0,Credit Card,Completed,6186.52,0.0,6186.52
ORD-00426,2026-01-05 14:03:00,CUST-0236,P006,Smart Devices,2,4291.17,0.05,Bank Transfer,Pending,8582.34,429.12,8153.22
ORD-00427,2026-03-23 03:43:00,CUST-0008,P004,Gaming,3,7459.6,0.05,Debit Card,Pending,22378.8,1118.94,21259.86
ORD-00428,2026-03-17 17:22:00,CUST-0089,P003,Home Appliances,3,11297.18,0.15,Credit Card,Completed,33891.54,5083.73,28807.81
ORD-00429,2026-01-04 12:03:00,CUST-0042,P004,Gaming,2,9798.85,0.15,Debit Card,Completed,19597.7,2939.66,16658.04
ORD-00430,2026-03-25 13:32:00,CUST-0006,P001,Laptop Accessories,4,13694.85,0.15,Debit Card,Cancelled,54779.4,8216.91,46562.49
ORD-00431,2026-01-02 07:16:00,CUST-0156,P005,Office Supplies,3,6501.15,0.05,GCash,Pending,19503.45,975.17,18528.28
ORD-00432,2026-02-02 06:29:00,CUST-0078,P007,Audio,5,1759.1,0.1,GCash,Cancelled,8795.5,879.55,7915.95
ORD-00433,2026-03-24 19:38:00,CUST-0073,P005,Office Supplies,1,7355.64,0.0,GCash,Completed,7355.64,0.0,7355.64
ORD-00434,2026-02-05 08:41:00,CUST-0183,P005,Office Supplies,2,2461.46,0.0,Credit Card,Cancelled,4922.92,0.0,4922.92
ORD-00435,2026-02-21 21:20:00,CUST-0175,P003,Home Appliances,1,9917.16,0.0,GCash,Pending,9917.16,0.0,9917.16
ORD-00436,2026-02-21 12:47:00,CUST-0010,P004,Gaming,3,10966.61,0.0,Bank Transfer,Pending,32899.83,0.0,32899.83
ORD-00437,2026-03-27 11:32:00,CUST-0077,P003,Home Appliances,5,2921.75,0.0,Maya,Completed,14608.75,0.0,14608.75
ORD-00438,2026-02-03 23:51:00,CUST-0144,P003,Home Appliances,3,9902.91,0.0,GCash,Completed,29708.73,0.0,29708.73
ORD-00439,2026-02-09 13:50:00,CUST-0228,P006,Smart Devices,3,4093.25,0.0,Maya,Completed,12279.75,0.0,12279.75
ORD-00440,2026-03-02 01:55:00,CUST-0163,P002,Mobile Accessories,4,13369.03,0.1,Credit Card,Pending,53476.12,5347.61,48128.51
ORD-00441,2026-03-09 09:26:00,CUST-0014,P003,Home Appliances,2,14887.13,0.0,Maya,Cancelled,29774.26,0.0,29774.26
ORD-00442,2026-02-28 04:20:00,CUST-0221,P003,Home Appliances,1,7441.82,0.15,Debit Card,Completed,7441.82,1116.27,6325.55
ORD-00443,2026-03-23 01:00:00,CUST-0116,P005,Office Supplies,2,11477.6,0.0,Bank Transfer,Completed,22955.2,0.0,22955.2
ORD-00444,2026-03-04 02:08:00,CUST-0158,P007,Audio,4,6200.05,0.05,Maya,Completed,24800.2,1240.01,23560.19
ORD-00445,2026-01-05 17:12:00,CUST-0188,P006,Smart Devices,1,13407.09,0.1,Debit Card,Completed,13407.09,1340.71,12066.38
ORD-00446,2026-03-28 00:40:00,CUST-0188,P004,Gaming,2,10479.49,0.0,GCash,Completed,20958.98,0.0,20958.98
ORD-00447,2026-01-14 12:32:00,CUST-0151,P005,Office Supplies,2,1212.98,0.0,GCash,Completed,2425.96,0.0,2425.96
ORD-00448,2026-02-28 23:33:00,CUST-0153,P006,Smart Devices,4,13347.62,0.0,GCash,Pending,53390.48,0.0,53390.48
ORD-00449,2026-02-15 06:10:00,CUST-0243,P007,Audio,1,3619.17,0.15,Debit Card,Completed,3619.17,542.88,3076.29
ORD-00450,2026-01-03 18:32:00,CUST-0044,P002,Mobile Accessories,3,10738.87,0.0,Maya,Completed,32216.61,0.0,32216.61
ORD-00451,2026-03-10 19:03:00,CUST-0153,P001,Laptop Accessories,1,9890.12,0.0,Credit Card,Completed,9890.12,0.0,9890.12
ORD-00452,2026-02-23 14:24:00,CUST-0032,P005,Office Supplies,4,10602.56,0.0,Credit Card,Completed,42410.24,0.0,42410.24
ORD-00453,2026-02-23 21:06:00,CUST-0170,P005,Office Supplies,5,9183.11,0.0,Maya,Completed,45915.55,0.0,45915.55
ORD-00454,2026-03-07 23:39:00,CUST-0031,P005,Office Supplies,1,11825.21,0.05,Debit Card,Cancelled,11825.21,591.26,11233.95
ORD-00455,2026-01-26 08:53:00,CUST-0134,P004,Gaming,3,10625.69,0.0,Debit Card,Completed,31877.07,0.0,31877.07
ORD-00456,2026-03-12 15:58:00,CUST-0054,P008,Wearables,3,3708.95,0.0,Credit Card,Completed,11126.85,0.0,11126.85
ORD-00457,2026-03-15 21:31:00,CUST-0039,P002,Mobile Accessories,5,1356.96,0.15,Credit Card,Completed,6784.8,1017.72,5767.08
ORD-00458,2026-03-24 07:29:00,CUST-0076,P005,Office Supplies,4,988.68,0.0,Credit Card,Completed,3954.72,0.0,3954.72
ORD-00459,2026-02-16 21:20:00,CUST-0110,P002,Mobile Accessories,1,12805.88,0.0,Credit Card,Completed,12805.88,0.0,12805.88
ORD-00460,2026-03-26 20:10:00,CUST-0085,P006,Smart Devices,4,14337.57,0.0,Credit Card,Completed,57350.28,0.0,57350.28
ORD-00461,2026-02-13 05:07:00,CUST-0103,P007,Audio,4,4259.54,0.05,Maya,Pending,17038.16,851.91,16186.25
ORD-00462,2026-03-25 05:07:00,CUST-0034,P001,Laptop Accessories,2,1779.77,0.1,Maya,Cancelled,3559.54,355.95,3203.59
ORD-00463,2026-03-28 14:11:00,CUST-0157,P007,Audio,3,9267.54,0.15,Debit Card,Pending,27802.62,4170.39,23632.23
ORD-00464,2026-03-04 03:56:00,CUST-0106,P008,Wearables,1,1184.21,0.15,GCash,Completed,1184.21,177.63,1006.58
ORD-00465,2026-03-28 16:49:00,CUST-0191,P004,Gaming,3,7906.72,0.15,Bank Transfer,Completed,23720.16,3558.02,20162.14
ORD-00466,2026-02-25 21:46:00,CUST-0064,P008,Wearables,3,10039.73,0.15,Maya,Completed,30119.19,4517.88,25601.31
ORD-00467,2026-03-13 19:03:00,CUST-0003,P003,Home Appliances,5,12770.47,0.05,Debit Card,Completed,63852.35,3192.62,60659.73
ORD-00468,2026-03-04 10:15:00,CUST-0085,P005,Office Supplies,1,7727.21,0.1,Maya,Pending,7727.21,772.72,6954.49
ORD-00469,2026-01-31 02:29:00,CUST-0114,P008,Wearables,1,12884.69,0.05,GCash,Completed,12884.69,644.23,12240.46
ORD-00470,2026-03-05 23:41:00,CUST-0005,P002,Mobile Accessories,4,6331.99,0.1,Bank Transfer,Completed,25327.96,2532.8,22795.16
ORD-00471,2026-01-12 19:39:00,CUST-0164,P005,Office Supplies,5,8544.41,0.15,Maya,Completed,42722.05,6408.31,36313.74
ORD-00472,2026-02-16 01:52:00,CUST-0058,P008,Wearables,3,8512.22,0.1,Bank Transfer,Pending,25536.66,2553.67,22982.99
ORD-00473,2026-03-26 11:45:00,CUST-0116,P002,Mobile Accessories,1,11449.97,0.0,Credit Card,Completed,11449.97,0.0,11449.97
ORD-00474,2026-02-15 20:51:00,CUST-0075,P006,Smart Devices,1,925.23,0.0,Maya,Completed,925.23,0.0,925.23
ORD-00475,2026-02-22 03:16:00,CUST-0157,P004,Gaming,2,2031.0,0.05,Debit Card,Pending,4062.0,203.1,3858.9
ORD-00476,2026-01-25 22:21:00,CUST-0028,P007,Audio,1,13917.74,0.15,Bank Transfer,Completed,13917.74,2087.66,11830.08
ORD-00477,2026-02-27 14:42:00,CUST-0151,P003,Home Appliances,4,313.98,0.15,Credit Card,Cancelled,1255.92,188.39,1067.53
ORD-00478,2026-02-25 18:30:00,CUST-0237,P003,Home Appliances,5,2811.34,0.0,Credit Card,Pending,14056.7,0.0,14056.7
ORD-00479,2026-03-26 19:38:00,CUST-0226,P006,Smart Devices,5,13250.51,0.05,Bank Transfer,Completed,66252.55,3312.63,62939.92
ORD-00480,2026-02-05 12:21:00,CUST-0249,P005,Office Supplies,4,12120.75,0.0,Maya,Cancelled,48483.0,0.0,48483.0
ORD-00481,2026-03-31 23:32:00,CUST-0077,P006,Smart Devices,5,9580.6,0.0,Debit Card,Cancelled,47903.0,0.0,47903.0
ORD-00482,2026-02-07 21:22:00,CUST-0236,P003,Home Appliances,2,7682.43,0.15,GCash,Completed,15364.86,2304.73,13060.13
ORD-00483,2026-02-15 17:30:00,CUST-0150,P007,Audio,5,4467.44,0.05,Credit Card,Cancelled,22337.2,1116.86,21220.34
ORD-00484,2026-01-14 00:24:00,CUST-0038,P001,Laptop Accessories,1,3198.56,0.0,GCash,Completed,3198.56,0.0,3198.56
ORD-00485,2026-01-19 01:44:00,CUST-0201,P005,Office Supplies,2,11365.51,0.0,GCash,Pending,22731.02,0.0,22731.02
ORD-00486,2026-01-14 19:55:00,CUST-0173,P004,Gaming,5,5986.08,0.1,GCash,Completed,29930.4,2993.04,26937.36
ORD-00487,2026-02-18 12:26:00,CUST-0245,P006,Smart Devices,5,1043.58,0.15,GCash,Completed,5217.9,782.68,4435.22
ORD-00488,2026-03-21 14:53:00,CUST-0058,P006,Smart Devices,5,8312.57,0.1,Debit Card,Completed,41562.85,4156.28,37406.57
ORD-00489,2026-02-07 14:11:00,CUST-0175,P002,Mobile Accessories,2,14446.51,0.15,Bank Transfer,Completed,28893.02,4333.95,24559.07
ORD-00490,2026-02-18 01:27:00,CUST-0072,P005,Office Supplies,2,2623.7,0.0,Credit Card,Completed,5247.4,0.0,5247.4
ORD-00491,2026-03-01 22:59:00,CUST-0040,P001,Laptop Accessories,2,13947.27,0.1,Credit Card,Cancelled,27894.54,2789.45,25105.09
ORD-00492,2026-03-26 09:31:00,CUST-0203,P006,Smart Devices,1,11814.46,0.0,Bank Transfer,Completed,11814.46,0.0,11814.46
ORD-00493,2026-01-24 16:04:00,CUST-0202,P003,Home Appliances,4,8260.43,0.05,Credit Card,Completed,33041.72,1652.09,31389.63
ORD-00494,2026-01-29 06:42:00,CUST-0085,P006,Smart Devices,3,4580.22,0.1,Bank Transfer,Pending,13740.66,1374.07,12366.59
ORD-00495,2026-03-13 20:00:00,CUST-0030,P006,Smart Devices,4,3795.13,0.15,Bank Transfer,Cancelled,15180.52,2277.08,12903.44
ORD-00496,2026-02-01 01:43:00,CUST-0227,P006,Smart Devices,4,13760.0,0.0,Maya,Completed,55040.0,0.0,55040.0
ORD-00497,2026-03-11 23:18:00,CUST-0007,P006,Smart Devices,5,12091.55,0.05,Maya,Completed,60457.75,3022.89,57434.86
ORD-00498,2026-02-07 20:12:00,CUST-0083,P002,Mobile Accessories,1,2719.07,0.1,Bank Transfer,Completed,2719.07,271.91,2447.16
ORD-00499,2026-03-22 02:13:00,CUST-0172,P004,Gaming,4,12576.06,0.0,Bank Transfer,Pending,50304.24,0.0,50304.24
ORD-00500,2026-03-24 02:47:00,CUST-0176,P003,Home Appliances,1,7023.57,0.0,Credit Card,Completed,7023.57,0.0,7023.57
ORD-00501,2026-01-10 01:11:00,CUST-0204,P005,Office Supplies,5,1289.02,0.0,GCash,Pending,6445.1,0.0,6445.1
ORD-00502,2026-02-19 14:40:00,CUST-0104,P007,Audio,3,499.14,0.15,Credit Card,Cancelled,1497.42,224.61,1272.81
ORD-00503,2026-01-01 20:46:00,CUST-0159,P002,Mobile Accessories,5,921.37,0.0,GCash,Cancelled,4606.85,0.0,4606.85
ORD-00504,2026-01-14 09:50:00,CUST-0176,P005,Office Supplies,5,1525.95,0.05,Maya,Pending,7629.75,381.49,7248.26
ORD-00505,2026-03-26 00:30:00,CUST-0041,P004,Gaming,2,11264.62,0.1,GCash,Completed,22529.24,2252.92,20276.32
ORD-00506,2026-02-08 21:56:00,CUST-0235,P006,Smart Devices,1,8414.48,0.1,Debit Card,Completed,8414.48,841.45,7573.03
ORD-00507,2026-01-06 00:36:00,CUST-0153,P007,Audio,5,8326.0,0.0,GCash,Completed,41630.0,0.0,41630.0
ORD-00508,2026-02-14 06:26:00,CUST-0232,P003,Home Appliances,2,2963.89,0.1,GCash,Completed,5927.78,592.78,5335.0
ORD-00509,2026-01-15 05:42:00,CUST-0205,P001,Laptop Accessories,5,7053.66,0.1,Credit Card,Completed,35268.3,3526.83,31741.47
ORD-00510,2026-03-27 02:16:00,CUST-0026,P004,Gaming,5,7436.06,0.0,GCash,Completed,37180.3,0.0,37180.3
ORD-00511,2026-03-27 20:15:00,CUST-0026,P005,Office Supplies,5,1279.68,0.0,GCash,Pending,6398.4,0.0,6398.4
ORD-00512,2026-02-27 10:39:00,CUST-0169,P005,Office Supplies,5,2497.83,0.1,GCash,Completed,12489.15,1248.91,11240.24
ORD-00513,2026-02-24 05:00:00,CUST-0081,P004,Gaming,2,10754.94,0.15,Maya,Completed,21509.88,3226.48,18283.4
ORD-00514,2026-02-16 04:43:00,CUST-0188,P006,Smart Devices,4,7077.01,0.0,GCash,Pending,28308.04,0.0,28308.04
ORD-00515,2026-03-12 03:11:00,CUST-0166,P002,Mobile Accessories,3,12916.03,0.0,Bank Transfer,Completed,38748.09,0.0,38748.09
ORD-00516,2026-02-03 23:56:00,CUST-0161,P002,Mobile Accessories,1,13408.55,0.1,Credit Card,Cancelled,13408.55,1340.86,12067.69
ORD-00517,2026-03-16 12:49:00,CUST-0152,P004,Gaming,1,8386.01,0.1,Bank Transfer,Pending,8386.01,838.6,7547.41
ORD-00518,2026-03-25 04:23:00,CUST-0101,P004,Gaming,5,11065.1,0.0,Debit Card,Pending,55325.5,0.0,55325.5
ORD-00519,2026-03-06 16:05:00,CUST-0102,P006,Smart Devices,5,406.23,0.0,Bank Transfer,Completed,2031.15,0.0,2031.15
ORD-00520,2026-03-07 04:28:00,CUST-0041,P003,Home Appliances,5,14243.5,0.15,Debit Card,Pending,71217.5,10682.62,60534.88
ORD-00521,2026-02-15 01:14:00,CUST-0195,P008,Wearables,2,1177.2,0.0,Debit Card,Completed,2354.4,0.0,2354.4
ORD-00522,2026-03-27 06:33:00,CUST-0233,P006,Smart Devices,4,7177.69,0.05,Credit Card,Completed,28710.76,1435.54,27275.22
ORD-00523,2026-03-25 10:06:00,CUST-0181,P005,Office Supplies,3,8784.81,0.1,Debit Card,Pending,26354.43,2635.44,23718.99
ORD-00524,2026-03-25 12:23:00,CUST-0151,P002,Mobile Accessories,5,3960.9,0.0,Bank Transfer,Pending,19804.5,0.0,19804.5
ORD-00525,2026-02-15 11:31:00,CUST-0203,P008,Wearables,5,347.32,0.0,Maya,Completed,1736.6,0.0,1736.6
ORD-00526,2026-01-30 02:32:00,CUST-0165,P005,Office Supplies,2,2466.05,0.0,GCash,Cancelled,4932.1,0.0,4932.1
ORD-00527,2026-01-16 21:14:00,CUST-0107,P006,Smart Devices,1,7352.37,0.05,Maya,Completed,7352.37,367.62,6984.75
ORD-00528,2026-03-17 05:41:00,CUST-0214,P007,Audio,1,3844.14,0.0,Bank Transfer,Cancelled,3844.14,0.0,3844.14
ORD-00529,2026-01-21 04:40:00,CUST-0132,P001,Laptop Accessories,5,2416.26,0.0,GCash,Completed,12081.3,0.0,12081.3
ORD-00530,2026-03-08 12:38:00,CUST-0249,P001,Laptop Accessories,3,14221.99,0.0,Maya,Cancelled,42665.97,0.0,42665.97
ORD-00531,2026-03-02 15:10:00,CUST-0057,P007,Audio,5,2355.0,0.1,Debit Card,Cancelled,11775.0,1177.5,10597.5
ORD-00532,2026-03-26 16:16:00,CUST-0043,P006,Smart Devices,4,9048.87,0.0,Debit Card,Pending,36195.48,0.0,36195.48
ORD-00533,2026-02-19 04:06:00,CUST-0005,P004,Gaming,5,12928.98,0.1,Maya,Completed,64644.9,6464.49,58180.41
ORD-00534,2026-03-19 03:11:00,CUST-0122,P001,Laptop Accessories,5,7674.11,0.0,Credit Card,Pending,38370.55,0.0,38370.55
ORD-00535,2026-03-26 04:57:00,CUST-0155,P001,Laptop Accessories,4,7950.15,0.0,Credit Card,Cancelled,31800.6,0.0,31800.6
ORD-00536,2026-02-24 07:51:00,CUST-0124,P007,Audio,3,8938.46,0.15,Bank Transfer,Completed,26815.38,4022.31,22793.07
ORD-00537,2026-02-24 04:16:00,CUST-0123,P004,Gaming,1,4428.18,0.1,Maya,Completed,4428.18,442.82,3985.36
ORD-00538,2026-01-25 00:45:00,CUST-0191,P001,Laptop Accessories,5,7957.47,0.1,Credit Card,Pending,39787.35,3978.74,35808.61
ORD-00539,2026-03-25 06:44:00,CUST-0206,P006,Smart Devices,4,5593.48,0.0,Maya,Cancelled,22373.92,0.0,22373.92
ORD-00540,2026-02-02 08:54:00,CUST-0138,P007,Audio,5,5643.25,0.0,Maya,Completed,28216.25,0.0,28216.25
ORD-00541,2026-02-22 17:50:00,CUST-0143,P008,Wearables,2,5710.64,0.1,Maya,Completed,11421.28,1142.13,10279.15
ORD-00542,2026-02-09 18:22:00,CUST-0199,P007,Audio,2,12861.23,0.15,Credit Card,Completed,25722.46,3858.37,21864.09
ORD-00543,2026-02-27 22:10:00,CUST-0026,P004,Gaming,5,6158.27,0.0,Bank Transfer,Cancelled,30791.35,0.0,30791.35
ORD-00544,2026-03-31 21:45:00,CUST-0014,P003,Home Appliances,4,14477.41,0.0,Credit Card,Completed,57909.64,0.0,57909.64
ORD-00545,2026-03-02 19:27:00,CUST-0023,P002,Mobile Accessories,3,3521.11,0.0,Bank Transfer,Completed,10563.33,0.0,10563.33
ORD-00546,2026-02-19 12:39:00,CUST-0168,P005,Office Supplies,5,1097.58,0.0,Maya,Pending,5487.9,0.0,5487.9
ORD-00547,2026-01-02 06:54:00,CUST-0169,P005,Office Supplies,2,745.74,0.1,Bank Transfer,Cancelled,1491.48,149.15,1342.33
ORD-00548,2026-03-31 07:39:00,CUST-0044,P001,Laptop Accessories,3,3779.04,0.0,Debit Card,Completed,11337.12,0.0,11337.12
ORD-00549,2026-02-05 12:22:00,CUST-0172,P007,Audio,4,8894.68,0.1,Credit Card,Completed,35578.72,3557.87,32020.85
ORD-00550,2026-01-12 17:18:00,CUST-0186,P006,Smart Devices,3,14458.49,0.0,Debit Card,Cancelled,43375.47,0.0,43375.47
ORD-00551,2026-01-25 14:59:00,CUST-0104,P001,Laptop Accessories,3,2831.76,0.1,Credit Card,Cancelled,8495.28,849.53,7645.75
ORD-00552,2026-01-10 16:18:00,CUST-0088,P002,Mobile Accessories,5,14361.46,0.1,Bank Transfer,Completed,71807.3,7180.73,64626.57
ORD-00553,2026-03-30 14:24:00,CUST-0145,P008,Wearables,2,11422.73,0.05,Maya,Cancelled,22845.46,1142.27,21703.19
ORD-00554,2026-01-04 15:07:00,CUST-0067,P002,Mobile Accessories,4,9596.51,0.0,Debit Card,Completed,38386.04,0.0,38386.04
ORD-00555,2026-02-22 11:33:00,CUST-0138,P001,Laptop Accessories,3,3911.8,0.0,Maya,Completed,11735.4,0.0,11735.4
ORD-00556,2026-01-10 17:59:00,CUST-0046,P008,Wearables,3,5464.68,0.1,GCash,Completed,16394.04,1639.4,14754.64
ORD-00557,2026-03-29 06:31:00,CUST-0189,P004,Gaming,2,11097.58,0.0,Debit Card,Completed,22195.16,0.0,22195.16
ORD-00558,2026-01-26 07:53:00,CUST-0159,P006,Smart Devices,2,11739.34,0.0,Credit Card,Pending,23478.68,0.0,23478.68
ORD-00559,2026-03-20 00:48:00,CUST-0220,P001,Laptop Accessories,4,5725.15,0.0,Maya,Cancelled,22900.6,0.0,22900.6
ORD-00560,2026-02-05 15:11:00,CUST-0196,P005,Office Supplies,4,3525.87,0.1,Debit Card,Completed,14103.48,1410.35,12693.13
ORD-00561,2026-03-09 13:30:00,CUST-0241,P001,Laptop Accessories,5,5372.51,0.15,Debit Card,Pending,26862.55,4029.38,22833.17
ORD-00562,2026-01-16 22:33:00,CUST-0118,P006,Smart Devices,1,424.34,0.0,Maya,Cancelled,424.34,0.0,424.34
ORD-00563,2026-01-13 10:23:00,CUST-0157,P005,Office Supplies,2,8341.31,0.0,GCash,Pending,16682.62,0.0,16682.62
ORD-00564,2026-03-20 10:23:00,CUST-0048,P008,Wearables,4,3355.35,0.15,GCash,Completed,13421.4,2013.21,11408.19
ORD-00565,2026-02-21 08:28:00,CUST-0047,P003,Home Appliances,5,10368.68,0.0,GCash,Completed,51843.4,0.0,51843.4
ORD-00566,2026-03-13 13:54:00,CUST-0098,P004,Gaming,2,12050.55,0.15,Debit Card,Pending,24101.1,3615.16,20485.94
ORD-00567,2026-01-02 05:26:00,CUST-0128,P003,Home Appliances,5,8126.24,0.0,Maya,Completed,40631.2,0.0,40631.2
ORD-00568,2026-02-02 17:54:00,CUST-0146,P001,Laptop Accessories,4,1709.88,0.0,Credit Card,Completed,6839.52,0.0,6839.52
ORD-00569,2026-02-02 15:53:00,CUST-0162,P002,Mobile Accessories,4,11232.75,0.0,GCash,Completed,44931.0,0.0,44931.0
ORD-00570,2026-03-13 17:59:00,CUST-0208,P005,Office Supplies,3,542.57,0.0,GCash,Cancelled,1627.71,0.0,1627.71
ORD-00571,2026-01-26 18:36:00,CUST-0167,P003,Home Appliances,3,5487.86,0.15,Bank Transfer,Pending,16463.58,2469.54,13994.04
ORD-00572,2026-02-27 02:24:00,CUST-0158,P005,Office Supplies,4,9567.75,0.0,Debit Card,Completed,38271.0,0.0,38271.0
ORD-00573,2026-02-23 20:39:00,CUST-0147,P007,Audio,1,1416.9,0.0,Debit Card,Completed,1416.9,0.0,1416.9
ORD-00574,2026-02-10 20:18:00,CUST-0182,P005,Office Supplies,5,9758.5,0.0,Maya,Completed,48792.5,0.0,48792.5
ORD-00575,2026-03-17 16:28:00,CUST-0106,P003,Home Appliances,2,12849.62,0.0,Debit Card,Completed,25699.24,0.0,25699.24
ORD-00576,2026-03-31 23:05:00,CUST-0054,P003,Home Appliances,4,1769.39,0.0,Maya,Cancelled,7077.56,0.0,7077.56
ORD-00577,2026-01-07 00:49:00,CUST-0102,P002,Mobile Accessories,1,4121.17,0.0,Credit Card,Pending,4121.17,0.0,4121.17
ORD-00578,2026-02-09 07:15:00,CUST-0189,P005,Office Supplies,4,9490.59,0.0,Bank Transfer,Completed,37962.36,0.0,37962.36
ORD-00579,2026-01-04 01:42:00,CUST-0092,P006,Smart Devices,4,7141.1,0.1,GCash,Cancelled,28564.4,2856.44,25707.96
ORD-00580,2026-02-26 04:44:00,CUST-0139,P003,Home Appliances,5,9064.37,0.15,Bank Transfer,Pending,45321.85,6798.28,38523.57
ORD-00581,2026-03-09 20:40:00,CUST-0137,P005,Office Supplies,3,7354.36,0.0,Credit Card,Pending,22063.08,0.0,22063.08
ORD-00582,2026-02-09 11:26:00,CUST-0067,P003,Home Appliances,3,405.7,0.1,Debit Card,Completed,1217.1,121.71,1095.39
ORD-00583,2026-02-06 15:34:00,CUST-0003,P008,Wearables,4,4669.26,0.05,GCash,Cancelled,18677.04,933.85,17743.19
ORD-00584,2026-01-30 00:35:00,CUST-0096,P004,Gaming,4,13261.89,0.05,Maya,Completed,53047.56,2652.38,50395.18
ORD-00585,2026-01-21 22:47:00,CUST-0166,P007,Audio,4,3503.74,0.0,Maya,Completed,14014.96,0.0,14014.96
ORD-00586,2026-03-08 19:51:00,CUST-0178,P005,Office Supplies,3,9814.74,0.1,GCash,Pending,29444.22,2944.42,26499.8
ORD-00587,2026-01-25 02:11:00,CUST-0035,P005,Office Supplies,1,9644.17,0.1,Maya,Completed,9644.17,964.42,8679.75
ORD-00588,2026-03-31 19:31:00,CUST-0049,P006,Smart Devices,1,2494.2,0.1,Credit Card,Completed,2494.2,249.42,2244.78
ORD-00589,2026-01-14 09:17:00,CUST-0033,P008,Wearables,1,3683.95,0.0,Credit Card,Pending,3683.95,0.0,3683.95
ORD-00590,2026-01-28 10:26:00,CUST-0080,P008,Wearables,3,7089.35,0.0,GCash,Completed,21268.05,0.0,21268.05
ORD-00591,2026-01-19 01:17:00,CUST-0199,P007,Audio,1,8262.08,0.0,Debit Card,Completed,8262.08,0.0,8262.08
ORD-00592,2026-02-18 00:07:00,CUST-0250,P004,Gaming,4,11625.57,0.05,Debit Card,Completed,46502.28,2325.11,44177.17
ORD-00593,2026-01-26 14:47:00,CUST-0198,P002,Mobile Accessories,5,10073.62,0.0,Maya,Pending,50368.1,0.0,50368.1
ORD-00594,2026-03-29 09:59:00,CUST-0083,P003,Home Appliances,1,11234.69,0.1,Bank Transfer,Completed,11234.69,1123.47,10111.22
ORD-00595,2026-02-02 15:40:00,CUST-0077,P004,Gaming,3,13340.91,0.15,Debit Card,Completed,40022.73,6003.41,34019.32
ORD-00596,2026-01-31 20:27:00,CUST-0084,P001,Laptop Accessories,2,11967.26,0.1,Credit Card,Pending,23934.52,2393.45,21541.07
ORD-00597,2026-02-01 00:02:00,CUST-0149,P008,Wearables,5,2536.13,0.0,Debit Card,Completed,12680.65,0.0,12680.65
ORD-00598,2026-03-05 02:43:00,CUST-0159,P006,Smart Devices,1,1131.68,0.15,Debit Card,Cancelled,1131.68,169.75,961.93
ORD-00599,2026-01-14 04:31:00,CUST-0060,P006,Smart Devices,5,11881.29,0.0,Maya,Completed,59406.45,0.0,59406.45
ORD-00600,2026-01-03 22:24:00,CUST-0092,P003,Home Appliances,3,13505.28,0.05,Maya,Cancelled,40515.84,2025.79,38490.05
ORD-00601,2026-02-07 17:44:00,CUST-0126,P004,Gaming,5,3002.74,0.0,GCash,Pending,15013.7,0.0,15013.7
ORD-00602,2026-02-05 19:58:00,CUST-0221,P003,Home Appliances,1,8084.28,0.05,GCash,Completed,8084.28,404.21,7680.07
ORD-00603,2026-03-11 11:29:00,CUST-0001,P007,Audio,2,13273.25,0.1,GCash,Cancelled,26546.5,2654.65,23891.85
ORD-00604,2026-01-31 10:46:00,CUST-0017,P007,Audio,2,7980.03,0.05,Bank Transfer,Completed,15960.06,798.0,15162.06
ORD-00605,2026-03-20 09:20:00,CUST-0105,P006,Smart Devices,1,1669.78,0.15,Credit Card,Completed,1669.78,250.47,1419.31
ORD-00606,2026-01-17 05:55:00,CUST-0009,P004,Gaming,1,7409.21,0.0,Credit Card,Cancelled,7409.21,0.0,7409.21
ORD-00607,2026-03-24 12:42:00,CUST-0126,P005,Office Supplies,1,5653.72,0.1,Credit Card,Completed,5653.72,565.37,5088.35
ORD-00608,2026-01-27 20:31:00,CUST-0238,P002,Mobile Accessories,4,12065.04,0.0,GCash,Cancelled,48260.16,0.0,48260.16
ORD-00609,2026-02-23 11:50:00,CUST-0182,P001,Laptop Accessories,5,4170.78,0.0,Credit Card,Completed,20853.9,0.0,20853.9
ORD-00610,2026-01-10 06:33:00,CUST-0025,P002,Mobile Accessories,2,8092.0,0.0,Debit Card,Cancelled,16184.0,0.0,16184.0
ORD-00611,2026-03-26 07:36:00,CUST-0161,P003,Home Appliances,5,11300.62,0.05,Credit Card,Cancelled,56503.1,2825.16,53677.94
ORD-00612,2026-02-15 21:29:00,CUST-0180,P007,Audio,1,2710.44,0.0,Bank Transfer,Pending,2710.44,0.0,2710.44
ORD-00613,2026-03-06 10:42:00,CUST-0041,P008,Wearables,3,13561.65,0.1,GCash,Completed,40684.95,4068.49,36616.46
ORD-00614,2026-02-22 20:27:00,CUST-0212,P006,Smart Devices,5,3800.66,0.1,Debit Card,Pending,19003.3,1900.33,17102.97
ORD-00615,2026-03-12 23:16:00,CUST-0093,P008,Wearables,4,14407.41,0.0,Credit Card,Completed,57629.64,0.0,57629.64
ORD-00616,2026-03-18 00:33:00,CUST-0035,P005,Office Supplies,1,4679.93,0.0,Debit Card,Completed,4679.93,0.0,4679.93
ORD-00617,2026-01-03 22:52:00,CUST-0071,P003,Home Appliances,1,806.61,0.0,Debit Card,Completed,806.61,0.0,806.61
ORD-00618,2026-02-03 11:56:00,CUST-0150,P004,Gaming,2,4029.6,0.0,Credit Card,Cancelled,8059.2,0.0,8059.2
ORD-00619,2026-02-21 18:58:00,CUST-0056,P002,Mobile Accessories,3,11945.34,0.0,Maya,Cancelled,35836.02,0.0,35836.02
ORD-00620,2026-01-13 19:41:00,CUST-0077,P001,Laptop Accessories,5,5877.81,0.0,GCash,Completed,29389.05,0.0,29389.05
ORD-00621,2026-02-25 13:59:00,CUST-0223,P002,Mobile Accessories,2,11278.26,0.1,Credit Card,Pending,22556.52,2255.65,20300.87
ORD-00622,2026-01-07 09:33:00,CUST-0011,P006,Smart Devices,5,8582.47,0.0,Bank Transfer,Completed,42912.35,0.0,42912.35
ORD-00623,2026-01-20 01:43:00,CUST-0188,P007,Audio,4,11354.39,0.1,Bank Transfer,Completed,45417.56,4541.76,40875.8
ORD-00624,2026-01-29 13:18:00,CUST-0202,P007,Audio,2,2199.79,0.0,Maya,Cancelled,4399.58,0.0,4399.58
ORD-00625,2026-01-07 17:25:00,CUST-0068,P002,Mobile Accessories,4,7651.89,0.15,Debit Card,Completed,30607.56,4591.13,26016.43
ORD-00626,2026-03-03 17:12:00,CUST-0125,P007,Audio,5,3142.46,0.1,Bank Transfer,Completed,15712.3,1571.23,14141.07
ORD-00627,2026-02-01 02:17:00,CUST-0199,P007,Audio,3,10349.89,0.1,Credit Card,Completed,31049.67,3104.97,27944.7
ORD-00628,2026-03-27 13:27:00,CUST-0094,P006,Smart Devices,2,4980.89,0.1,Credit Card,Completed,9961.78,996.18,8965.6
ORD-00629,2026-01-22 11:39:00,CUST-0211,P008,Wearables,5,2400.82,0.0,Debit Card,Completed,12004.1,0.0,12004.1
ORD-00630,2026-03-29 11:09:00,CUST-0194,P002,Mobile Accessories,1,11158.83,0.0,Bank Transfer,Completed,11158.83,0.0,11158.83
ORD-00631,2026-02-06 00:21:00,CUST-0178,P002,Mobile Accessories,3,6888.41,0.0,GCash,Completed,20665.23,0.0,20665.23
ORD-00632,2026-03-10 06:13:00,CUST-0140,P005,Office Supplies,5,7374.64,0.15,Debit Card,Completed,36873.2,5530.98,31342.22
ORD-00633,2026-02-18 18:57:00,CUST-0170,P001,Laptop Accessories,3,2762.21,0.0,Debit Card,Cancelled,8286.63,0.0,8286.63
ORD-00634,2026-02-04 01:29:00,CUST-0168,P001,Laptop Accessories,1,5982.52,0.0,GCash,Completed,5982.52,0.0,5982.52
ORD-00635,2026-01-03 09:55:00,CUST-0227,P007,Audio,2,14701.94,0.1,Credit Card,Completed,29403.88,2940.39,26463.49
ORD-00636,2026-03-04 19:34:00,CUST-0023,P003,Home Appliances,2,7634.6,0.05,Bank Transfer,Completed,15269.2,763.46,14505.74
ORD-00637,2026-01-06 07:59:00,CUST-0136,P005,Office Supplies,3,7476.51,0.15,Debit Card,Completed,22429.53,3364.43,19065.1
ORD-00638,2026-02-14 21:22:00,CUST-0091,P005,Office Supplies,2,14940.92,0.1,GCash,Completed,29881.84,2988.18,26893.66
ORD-00639,2026-03-22 08:56:00,CUST-0100,P001,Laptop Accessories,5,14249.47,0.0,Debit Card,Completed,71247.35,0.0,71247.35
ORD-00640,2026-02-20 21:08:00,CUST-0023,P007,Audio,5,14418.93,0.1,Debit Card,Pending,72094.65,7209.47,64885.18
ORD-00641,2026-01-31 18:09:00,CUST-0110,P005,Office Supplies,5,5106.95,0.1,Debit Card,Completed,25534.75,2553.48,22981.27
ORD-00642,2026-03-25 04:37:00,CUST-0139,P004,Gaming,2,4807.73,0.15,Bank Transfer,Completed,9615.46,1442.32,8173.14
ORD-00643,2026-02-25 04:41:00,CUST-0239,P003,Home Appliances,3,1250.26,0.1,Credit Card,Completed,3750.78,375.08,3375.7
ORD-00644,2026-02-10 04:46:00,CUST-0008,P006,Smart Devices,4,14427.64,0.0,Maya,Completed,57710.56,0.0,57710.56
ORD-00645,2026-01-20 06:06:00,CUST-0034,P003,Home Appliances,1,11496.1,0.1,Bank Transfer,Completed,11496.1,1149.61,10346.49
ORD-00646,2026-03-19 18:39:00,CUST-0060,P004,Gaming,2,10388.82,0.0,Credit Card,Pending,20777.64,0.0,20777.64
ORD-00647,2026-01-18 16:54:00,CUST-0155,P008,Wearables,3,2963.65,0.05,Maya,Pending,8890.95,444.55,8446.4
ORD-00648,2026-01-18 05:12:00,CUST-0058,P001,Laptop Accessories,4,11526.95,0.0,GCash,Pending,46107.8,0.0,46107.8
ORD-00649,2026-01-29 23:42:00,CUST-0052,P004,Gaming,1,2861.9,0.05,Bank Transfer,Pending,2861.9,143.09,2718.81
ORD-00650,2026-03-30 10:55:00,CUST-0118,P004,Gaming,4,6221.78,0.0,Bank Transfer,Pending,24887.12,0.0,24887.12
ORD-00651,2026-02-10 12:39:00,CUST-0241,P001,Laptop Accessories,5,1862.42,0.05,Credit Card,Completed,9312.1,465.61,8846.49
ORD-00652,2026-03-08 17:25:00,CUST-0189,P001,Laptop Accessories,5,5964.12,0.15,Credit Card,Completed,29820.6,4473.09,25347.51
ORD-00653,2026-02-07 14:25:00,CUST-0227,P005,Office Supplies,3,7054.87,0.05,GCash,Cancelled,21164.61,1058.23,20106.38
ORD-00654,2026-01-07 22:33:00,CUST-0232,P003,Home Appliances,4,12490.93,0.05,Credit Card,Cancelled,49963.72,2498.19,47465.53
ORD-00655,2026-01-15 05:49:00,CUST-0150,P003,Home Appliances,4,6350.0,0.05,Credit Card,Completed,25400.0,1270.0,24130.0
ORD-00656,2026-02-28 18:57:00,CUST-0183,P004,Gaming,4,1580.15,0.0,Debit Card,Completed,6320.6,0.0,6320.6
ORD-00657,2026-01-12 03:45:00,CUST-0116,P006,Smart Devices,1,7976.31,0.05,Bank Transfer,Cancelled,7976.31,398.82,7577.49
ORD-00658,2026-01-21 12:35:00,CUST-0098,P001,Laptop Accessories,2,13705.73,0.1,Debit Card,Completed,27411.46,2741.15,24670.31
ORD-00659,2026-01-19 05:49:00,CUST-0183,P001,Laptop Accessories,4,4793.92,0.15,Maya,Completed,19175.68,2876.35,16299.33
ORD-00660,2026-03-22 05:07:00,CUST-0231,P003,Home Appliances,2,302.11,0.0,Credit Card,Pending,604.22,0.0,604.22
ORD-00661,2026-03-05 15:34:00,CUST-0207,P001,Laptop Accessories,5,13269.87,0.0,Debit Card,Cancelled,66349.35,0.0,66349.35
ORD-00662,2026-03-26 15:29:00,CUST-0105,P008,Wearables,1,9117.94,0.0,Debit Card,Cancelled,9117.94,0.0,9117.94
ORD-00663,2026-02-05 19:40:00,CUST-0143,P004,Gaming,1,2976.39,0.0,GCash,Completed,2976.39,0.0,2976.39
ORD-00664,2026-01-19 01:42:00,CUST-0148,P005,Office Supplies,3,13825.67,0.0,Credit Card,Pending,41477.01,0.0,41477.01
ORD-00665,2026-01-23 05:43:00,CUST-0073,P003,Home Appliances,4,11302.69,0.0,Credit Card,Completed,45210.76,0.0,45210.76
ORD-00666,2026-02-08 10:23:00,CUST-0230,P007,Audio,1,11437.02,0.1,Credit Card,Completed,11437.02,1143.7,10293.32
ORD-00667,2026-03-02 04:07:00,CUST-0178,P005,Office Supplies,3,8024.03,0.1,Debit Card,Completed,24072.09,2407.21,21664.88
ORD-00668,2026-03-20 01:06:00,CUST-0147,P002,Mobile Accessories,4,10930.09,0.1,GCash,Pending,43720.36,4372.04,39348.32
ORD-00669,2026-03-19 10:16:00,CUST-0135,P006,Smart Devices,2,9310.78,0.05,Bank Transfer,Pending,18621.56,931.08,17690.48
ORD-00670,2026-03-05 05:56:00,CUST-0157,P004,Gaming,3,14694.05,0.0,Credit Card,Completed,44082.15,0.0,44082.15
ORD-00671,2026-03-01 20:50:00,CUST-0031,P004,Gaming,5,14985.06,0.05,Credit Card,Completed,74925.3,3746.27,71179.03
ORD-00672,2026-02-14 17:51:00,CUST-0164,P004,Gaming,1,9699.12,0.15,GCash,Completed,9699.12,1454.87,8244.25
ORD-00673,2026-01-09 09:19:00,CUST-0130,P006,Smart Devices,1,1929.09,0.0,GCash,Pending,1929.09,0.0,1929.09
ORD-00674,2026-03-14 19:01:00,CUST-0214,P003,Home Appliances,2,5125.09,0.0,Maya,Pending,10250.18,0.0,10250.18
ORD-00675,2026-01-05 20:08:00,CUST-0124,P003,Home Appliances,4,13407.86,0.1,GCash,Pending,53631.44,5363.14,48268.3
ORD-00676,2026-02-22 23:03:00,CUST-0214,P005,Office Supplies,5,10943.22,0.0,Bank Transfer,Cancelled,54716.1,0.0,54716.1
ORD-00677,2026-01-03 06:36:00,CUST-0176,P006,Smart Devices,3,1226.64,0.0,GCash,Completed,3679.92,0.0,3679.92
ORD-00678,2026-02-13 12:40:00,CUST-0137,P003,Home Appliances,5,9183.91,0.0,Bank Transfer,Completed,45919.55,0.0,45919.55
ORD-00679,2026-02-09 22:54:00,CUST-0081,P001,Laptop Accessories,3,6354.58,0.05,Debit Card,Completed,19063.74,953.19,18110.55
ORD-00680,2026-02-27 09:13:00,CUST-0135,P005,Office Supplies,2,1905.41,0.0,Debit Card,Completed,3810.82,0.0,3810.82
ORD-00681,2026-02-26 16:01:00,CUST-0205,P008,Wearables,5,2522.65,0.0,Maya,Cancelled,12613.25,0.0,12613.25
ORD-00682,2026-02-09 10:09:00,CUST-0197,P002,Mobile Accessories,5,10231.58,0.0,Debit Card,Completed,51157.9,0.0,51157.9
ORD-00683,2026-02-28 12:45:00,CUST-0222,P002,Mobile Accessories,1,4836.97,0.0,Bank Transfer,Completed,4836.97,0.0,4836.97
ORD-00684,2026-02-12 14:56:00,CUST-0012,P002,Mobile Accessories,5,11551.16,0.15,GCash,Completed,57755.8,8663.37,49092.43
ORD-00685,2026-03-15 09:40:00,CUST-0229,P004,Gaming,3,3208.19,0.0,GCash,Cancelled,9624.57,0.0,9624.57
ORD-00686,2026-02-10 14:42:00,CUST-0031,P005,Office Supplies,2,2573.07,0.0,Credit Card,Cancelled,5146.14,0.0,5146.14
ORD-00687,2026-03-13 16:06:00,CUST-0053,P006,Smart Devices,5,4947.65,0.0,GCash,Cancelled,24738.25,0.0,24738.25
ORD-00688,2026-02-01 05:04:00,CUST-0080,P006,Smart Devices,5,6793.8,0.0,Credit Card,Pending,33969.0,0.0,33969.0
ORD-00689,2026-03-28 01:06:00,CUST-0099,P001,Laptop Accessories,1,6540.37,0.0,Bank Transfer,Cancelled,6540.37,0.0,6540.37
ORD-00690,2026-03-22 22:44:00,CUST-0115,P006,Smart Devices,3,5151.9,0.0,Bank Transfer,Completed,15455.7,0.0,15455.7
ORD-00691,2026-03-01 18:08:00,CUST-0024,P008,Wearables,1,6969.87,0.15,Maya,Pending,6969.87,1045.48,5924.39
ORD-00692,2026-01-30 07:09:00,CUST-0221,P005,Office Supplies,3,6033.13,0.15,GCash,Completed,18099.39,2714.91,15384.48
ORD-00693,2026-02-28 15:01:00,CUST-0017,P008,Wearables,1,5433.75,0.05,Debit Card,Completed,5433.75,271.69,5162.06
ORD-00694,2026-02-14 19:36:00,CUST-0033,P002,Mobile Accessories,4,12308.91,0.0,GCash,Cancelled,49235.64,0.0,49235.64
ORD-00695,2026-03-25 02:50:00,CUST-0078,P008,Wearables,4,8960.41,0.0,Bank Transfer,Completed,35841.64,0.0,35841.64
ORD-00696,2026-03-12 05:30:00,CUST-0099,P002,Mobile Accessories,3,3321.51,0.15,Bank Transfer,Pending,9964.53,1494.68,8469.85
ORD-00697,2026-02-25 18:50:00,CUST-0088,P004,Gaming,2,10023.53,0.0,Bank Transfer,Pending,20047.06,0.0,20047.06
ORD-00698,2026-01-15 18:38:00,CUST-0119,P006,Smart Devices,5,1690.4,0.05,Debit Card,Completed,8452.0,422.6,8029.4
ORD-00699,2026-02-21 02:38:00,CUST-0028,P007,Audio,3,7540.85,0.15,Credit Card,Completed,22622.55,3393.38,19229.17
ORD-00700,2026-01-28 04:56:00,CUST-0149,P001,Laptop Accessories,2,9998.0,0.05,Bank Transfer,Completed,19996.0,999.8,18996.2
ORD-00701,2026-02-19 19:36:00,CUST-0115,P004,Gaming,2,10302.37,0.0,GCash,Cancelled,20604.74,0.0,20604.74
ORD-00702,2026-03-28 09:58:00,CUST-0242,P007,Audio,3,14856.77,0.1,Credit Card,Cancelled,44570.31,4457.03,40113.28
ORD-00703,2026-03-07 12:54:00,CUST-0033,P005,Office Supplies,1,5696.04,0.1,Credit Card,Completed,5696.04,569.6,5126.44
ORD-00704,2026-03-13 11:07:00,CUST-0221,P005,Office Supplies,1,3719.81,0.15,Bank Transfer,Pending,3719.81,557.97,3161.84
ORD-00705,2026-03-22 10:45:00,CUST-0098,P007,Audio,4,6669.05,0.0,Debit Card,Pending,26676.2,0.0,26676.2
ORD-00706,2026-01-18 06:35:00,CUST-0099,P006,Smart Devices,4,2525.44,0.15,Debit Card,Completed,10101.76,1515.26,8586.5
ORD-00707,2026-01-02 02:41:00,CUST-0005,P003,Home Appliances,4,9954.42,0.0,Credit Card,Completed,39817.68,0.0,39817.68
ORD-00708,2026-03-24 13:55:00,CUST-0117,P007,Audio,5,2902.01,0.1,Maya,Cancelled,14510.05,1451.01,13059.04
ORD-00709,2026-02-27 12:22:00,CUST-0058,P003,Home Appliances,4,9167.46,0.1,Maya,Completed,36669.84,3666.98,33002.86
ORD-00710,2026-03-06 08:26:00,CUST-0238,P006,Smart Devices,1,14678.94,0.1,Maya,Completed,14678.94,1467.89,13211.05
ORD-00711,2026-01-15 18:30:00,CUST-0247,P002,Mobile Accessories,2,11020.24,0.1,GCash,Pending,22040.48,2204.05,19836.43
ORD-00712,2026-03-08 02:33:00,CUST-0228,P002,Mobile Accessories,2,7218.66,0.15,Credit Card,Cancelled,14437.32,2165.6,12271.72
ORD-00713,2026-03-16 09:39:00,CUST-0014,P006,Smart Devices,5,11733.28,0.05,Maya,Cancelled,58666.4,2933.32,55733.08
ORD-00714,2026-03-02 18:46:00,CUST-0085,P007,Audio,3,14418.57,0.0,GCash,Completed,43255.71,0.0,43255.71
ORD-00715,2026-01-05 22:59:00,CUST-0153,P005,Office Supplies,5,4091.54,0.15,Maya,Cancelled,20457.7,3068.66,17389.04
ORD-00716,2026-01-22 18:03:00,CUST-0169,P005,Office Supplies,5,652.65,0.05,Credit Card,Completed,3263.25,163.16,3100.09
ORD-00717,2026-03-06 02:54:00,CUST-0201,P005,Office Supplies,3,2204.95,0.0,GCash,Completed,6614.85,0.0,6614.85
ORD-00718,2026-01-02 23:07:00,CUST-0155,P003,Home Appliances,5,11149.77,0.15,Maya,Completed,55748.85,8362.33,47386.52
ORD-00719,2026-01-23 08:50:00,CUST-0180,P004,Gaming,4,2916.94,0.1,Credit Card,Completed,11667.76,1166.78,10500.98
ORD-00720,2026-01-11 04:38:00,CUST-0240,P003,Home Appliances,4,11353.23,0.05,Maya,Completed,45412.92,2270.65,43142.27
ORD-00721,2026-03-26 14:46:00,CUST-0164,P003,Home Appliances,2,8771.92,0.0,Credit Card,Completed,17543.84,0.0,17543.84
ORD-00722,2026-01-15 01:10:00,CUST-0119,P007,Audio,4,4695.17,0.15,Bank Transfer,Completed,18780.68,2817.1,15963.58
ORD-00723,2026-02-18 21:45:00,CUST-0100,P008,Wearables,3,2390.96,0.05,Credit Card,Completed,7172.88,358.64,6814.24
ORD-00724,2026-02-27 12:43:00,CUST-0081,P001,Laptop Accessories,1,13786.25,0.15,GCash,Pending,13786.25,2067.94,11718.31
ORD-00725,2026-03-20 20:54:00,CUST-0070,P006,Smart Devices,3,4189.55,0.0,GCash,Cancelled,12568.65,0.0,12568.65
ORD-00726,2026-02-20 14:49:00,CUST-0173,P004,Gaming,5,11614.83,0.1,GCash,Completed,58074.15,5807.42,52266.73
ORD-00727,2026-02-10 17:00:00,CUST-0173,P001,Laptop Accessories,1,426.43,0.0,Bank Transfer,Completed,426.43,0.0,426.43
ORD-00728,2026-03-29 14:22:00,CUST-0057,P005,Office Supplies,3,3097.92,0.0,Bank Transfer,Completed,9293.76,0.0,9293.76
ORD-00729,2026-01-08 19:42:00,CUST-0229,P004,Gaming,5,9661.72,0.15,Credit Card,Completed,48308.6,7246.29,41062.31
ORD-00730,2026-03-19 04:24:00,CUST-0169,P003,Home Appliances,1,10510.89,0.0,GCash,Pending,10510.89,0.0,10510.89
ORD-00731,2026-03-26 02:40:00,CUST-0117,P005,Office Supplies,4,10460.27,0.15,GCash,Completed,41841.08,6276.16,35564.92
ORD-00732,2026-01-21 02:17:00,CUST-0199,P001,Laptop Accessories,4,5981.71,0.0,GCash,Completed,23926.84,0.0,23926.84
ORD-00733,2026-01-23 14:04:00,CUST-0126,P004,Gaming,5,6041.36,0.15,Maya,Completed,30206.8,4531.02,25675.78
ORD-00734,2026-01-19 17:49:00,CUST-0111,P004,Gaming,5,9739.24,0.05,GCash,Completed,48696.2,2434.81,46261.39
ORD-00735,2026-01-05 02:04:00,CUST-0147,P005,Office Supplies,4,526.78,0.05,Debit Card,Completed,2107.12,105.36,2001.76
ORD-00736,2026-01-05 21:24:00,CUST-0069,P003,Home Appliances,3,13593.11,0.1,Credit Card,Cancelled,40779.33,4077.93,36701.4
ORD-00737,2026-03-04 15:27:00,CUST-0104,P002,Mobile Accessories,5,3581.24,0.05,Maya,Completed,17906.2,895.31,17010.89
ORD-00738,2026-03-14 17:59:00,CUST-0092,P006,Smart Devices,3,6159.07,0.15,Credit Card,Completed,18477.21,2771.58,15705.63
ORD-00739,2026-03-10 10:05:00,CUST-0216,P008,Wearables,3,9804.94,0.0,Bank Transfer,Completed,29414.82,0.0,29414.82
ORD-00740,2026-02-19 21:12:00,CUST-0077,P007,Audio,1,9551.6,0.0,Maya,Completed,9551.6,0.0,9551.6
ORD-00741,2026-03-22 14:47:00,CUST-0049,P003,Home Appliances,1,3098.12,0.15,Bank Transfer,Completed,3098.12,464.72,2633.4
ORD-00742,2026-03-04 12:04:00,CUST-0203,P005,Office Supplies,4,8125.62,0.05,Credit Card,Completed,32502.48,1625.12,30877.36
ORD-00743,2026-02-13 01:21:00,CUST-0202,P001,Laptop Accessories,4,1993.26,0.15,Bank Transfer,Pending,7973.04,1195.96,6777.08
ORD-00744,2026-03-28 17:09:00,CUST-0190,P004,Gaming,1,793.95,0.0,Maya,Completed,793.95,0.0,793.95
ORD-00745,2026-03-02 19:02:00,CUST-0063,P003,Home Appliances,1,2790.67,0.0,GCash,Completed,2790.67,0.0,2790.67
ORD-00746,2026-02-28 19:10:00,CUST-0214,P002,Mobile Accessories,1,1934.15,0.1,Bank Transfer,Completed,1934.15,193.42,1740.73
ORD-00747,2026-01-09 06:27:00,CUST-0087,P007,Audio,3,2031.84,0.15,Bank Transfer,Cancelled,6095.52,914.33,5181.19
ORD-00748,2026-01-18 10:53:00,CUST-0247,P004,Gaming,1,8998.01,0.0,Credit Card,Completed,8998.01,0.0,8998.01
ORD-00749,2026-02-05 04:48:00,CUST-0107,P003,Home Appliances,3,8412.76,0.05,Debit Card,Cancelled,25238.28,1261.91,23976.37
ORD-00750,2026-01-06 04:06:00,CUST-0203,P007,Audio,2,480.55,0.05,Credit Card,Completed,961.1,48.06,913.04
ORD-00751,2026-01-01 05:59:00,CUST-0023,P005,Office Supplies,4,10479.18,0.05,Debit Card,Completed,41916.72,2095.84,39820.88
ORD-00752,2026-01-19 20:17:00,CUST-0134,P008,Wearables,4,3778.99,0.0,Bank Transfer,Completed,15115.96,0.0,15115.96
ORD-00753,2026-03-18 05:45:00,CUST-0128,P002,Mobile Accessories,3,5380.84,0.0,Bank Transfer,Completed,16142.52,0.0,16142.52
ORD-00754,2026-01-25 03:33:00,CUST-0025,P006,Smart Devices,5,7736.23,0.05,Debit Card,Completed,38681.15,1934.06,36747.09
ORD-00755,2026-01-07 06:07:00,CUST-0204,P003,Home Appliances,4,7588.34,0.0,Credit Card,Completed,30353.36,0.0,30353.36
ORD-00756,2026-03-24 11:18:00,CUST-0054,P007,Audio,3,5180.85,0.05,Credit Card,Completed,15542.55,777.13,14765.42
ORD-00757,2026-01-07 17:11:00,CUST-0041,P001,Laptop Accessories,4,7844.83,0.0,Debit Card,Pending,31379.32,0.0,31379.32
ORD-00758,2026-03-17 18:20:00,CUST-0108,P004,Gaming,3,3643.43,0.0,GCash,Completed,10930.29,0.0,10930.29
ORD-00759,2026-01-13 07:47:00,CUST-0106,P004,Gaming,4,13397.64,0.0,Maya,Cancelled,53590.56,0.0,53590.56
ORD-00760,2026-03-04 01:56:00,CUST-0112,P003,Home Appliances,2,13936.33,0.05,Debit Card,Pending,27872.66,1393.63,26479.03
ORD-00761,2026-02-17 04:29:00,CUST-0185,P004,Gaming,3,14639.45,0.0,GCash,Completed,43918.35,0.0,43918.35
ORD-00762,2026-01-05 22:36:00,CUST-0016,P005,Office Supplies,2,1888.86,0.05,Maya,Pending,3777.72,188.89,3588.83
ORD-00763,2026-01-22 10:14:00,CUST-0227,P005,Office Supplies,5,2562.62,0.15,Bank Transfer,Completed,12813.1,1921.96,10891.14
ORD-00764,2026-03-15 17:54:00,CUST-0059,P002,Mobile Accessories,4,12890.36,0.05,Debit Card,Cancelled,51561.44,2578.07,48983.37
ORD-00765,2026-03-02 14:17:00,CUST-0004,P007,Audio,2,3905.51,0.05,Bank Transfer,Completed,7811.02,390.55,7420.47
ORD-00766,2026-03-17 04:58:00,CUST-0147,P001,Laptop Accessories,4,14707.71,0.0,Maya,Cancelled,58830.84,0.0,58830.84
ORD-00767,2026-01-05 13:33:00,CUST-0101,P008,Wearables,1,6923.51,0.0,Credit Card,Cancelled,6923.51,0.0,6923.51
ORD-00768,2026-01-02 22:46:00,CUST-0105,P004,Gaming,2,5536.48,0.0,Credit Card,Completed,11072.96,0.0,11072.96
ORD-00769,2026-03-03 21:19:00,CUST-0042,P008,Wearables,5,11272.48,0.0,Maya,Pending,56362.4,0.0,56362.4
ORD-00770,2026-01-18 22:25:00,CUST-0048,P006,Smart Devices,4,10632.56,0.0,Credit Card,Pending,42530.24,0.0,42530.24
ORD-00771,2026-03-30 10:33:00,CUST-0009,P005,Office Supplies,4,11355.1,0.15,Bank Transfer,Cancelled,45420.4,6813.06,38607.34
ORD-00772,2026-03-15 06:50:00,CUST-0176,P002,Mobile Accessories,5,13242.5,0.15,Credit Card,Cancelled,66212.5,9931.88,56280.62
ORD-00773,2026-03-28 11:56:00,CUST-0014,P002,Mobile Accessories,4,5642.47,0.1,Credit Card,Completed,22569.88,2256.99,20312.89
ORD-00774,2026-02-16 05:41:00,CUST-0144,P002,Mobile Accessories,5,10712.72,0.0,Debit Card,Completed,53563.6,0.0,53563.6
ORD-00775,2026-01-31 17:07:00,CUST-0167,P008,Wearables,5,13099.19,0.15,Debit Card,Completed,65495.95,9824.39,55671.56
ORD-00776,2026-02-11 11:57:00,CUST-0069,P007,Audio,3,1053.28,0.0,GCash,Pending,3159.84,0.0,3159.84
ORD-00777,2026-03-04 16:33:00,CUST-0213,P002,Mobile Accessories,4,10719.92,0.15,Bank Transfer,Completed,42879.68,6431.95,36447.73
ORD-00778,2026-02-27 19:23:00,CUST-0205,P002,Mobile Accessories,2,13405.57,0.05,Credit Card,Completed,26811.14,1340.56,25470.58
ORD-00779,2026-02-20 05:18:00,CUST-0246,P002,Mobile Accessories,1,2680.3,0.0,Debit Card,Pending,2680.3,0.0,2680.3
ORD-00780,2026-01-20 06:33:00,CUST-0244,P001,Laptop Accessories,3,6393.92,0.15,Bank Transfer,Completed,19181.76,2877.26,16304.5
ORD-00781,2026-03-02 11:26:00,CUST-0114,P001,Laptop Accessories,3,3038.64,0.0,Debit Card,Cancelled,9115.92,0.0,9115.92
ORD-00782,2026-03-24 10:26:00,CUST-0149,P006,Smart Devices,3,7420.69,0.15,Bank Transfer,Cancelled,22262.07,3339.31,18922.76
ORD-00783,2026-02-26 14:19:00,CUST-0146,P003,Home Appliances,3,2783.12,0.0,Debit Card,Pending,8349.36,0.0,8349.36
ORD-00784,2026-02-17 09:49:00,CUST-0217,P001,Laptop Accessories,2,5458.53,0.05,Debit Card,Cancelled,10917.06,545.85,10371.21
ORD-00785,2026-01-21 22:34:00,CUST-0074,P003,Home Appliances,2,12630.14,0.15,Debit Card,Completed,25260.28,3789.04,21471.24
ORD-00786,2026-01-31 03:02:00,CUST-0082,P003,Home Appliances,4,4091.01,0.0,Debit Card,Cancelled,16364.04,0.0,16364.04
ORD-00787,2026-01-05 21:20:00,CUST-0089,P003,Home Appliances,3,6864.33,0.0,Bank Transfer,Completed,20592.99,0.0,20592.99
ORD-00788,2026-01-16 00:25:00,CUST-0239,P008,Wearables,2,14229.89,0.0,Debit Card,Completed,28459.78,0.0,28459.78
ORD-00789,2026-03-11 16:21:00,CUST-0166,P005,Office Supplies,4,13465.67,0.1,Debit Card,Cancelled,53862.68,5386.27,48476.41
ORD-00790,2026-02-26 10:44:00,CUST-0029,P008,Wearables,1,2306.49,0.1,Credit Card,Completed,2306.49,230.65,2075.84
ORD-00791,2026-01-04 12:39:00,CUST-0216,P004,Gaming,4,5521.55,0.0,Credit Card,Cancelled,22086.2,0.0,22086.2
ORD-00792,2026-03-24 06:37:00,CUST-0135,P004,Gaming,3,3136.81,0.0,Bank Transfer,Pending,9410.43,0.0,9410.43
ORD-00793,2026-03-28 21:05:00,CUST-0250,P007,Audio,2,7484.36,0.1,Bank Transfer,Cancelled,14968.72,1496.87,13471.85
ORD-00794,2026-01-08 21:23:00,CUST-0102,P003,Home Appliances,4,5702.04,0.0,Credit Card,Completed,22808.16,0.0,22808.16
ORD-00795,2026-02-14 11:19:00,CUST-0115,P002,Mobile Accessories,2,10985.84,0.05,Maya,Pending,21971.68,1098.58,20873.1
ORD-00796,2026-02-06 05:51:00,CUST-0187,P007,Audio,4,2308.62,0.1,Bank Transfer,Completed,9234.48,923.45,8311.03
ORD-00797,2026-01-19 06:19:00,CUST-0122,P006,Smart Devices,1,14014.01,0.1,Maya,Completed,14014.01,1401.4,12612.61
ORD-00798,2026-01-01 13:40:00,CUST-0235,P005,Office Supplies,4,2829.67,0.05,Bank Transfer,Completed,11318.68,565.93,10752.75
ORD-00799,2026-01-26 05:53:00,CUST-0098,P005,Office Supplies,5,7486.14,0.0,Bank Transfer,Completed,37430.7,0.0,37430.7
ORD-00800,2026-03-05 17:47:00,CUST-0119,P004,Gaming,1,11920.49,0.0,GCash,Completed,11920.49,0.0,11920.49
ORD-00801,2026-03-23 20:30:00,CUST-0032,P005,Office Supplies,4,2895.74,0.15,Debit Card,Completed,11582.96,1737.44,9845.52
ORD-00802,2026-01-16 08:31:00,CUST-0249,P002,Mobile Accessories,5,11247.09,0.1,Maya,Cancelled,56235.45,5623.55,50611.9
ORD-00803,2026-02-25 08:40:00,CUST-0176,P008,Wearables,1,5754.73,0.15,Bank Transfer,Completed,5754.73,863.21,4891.52
ORD-00804,2026-02-03 05:37:00,CUST-0015,P003,Home Appliances,3,7050.4,0.15,Debit Card,Completed,21151.2,3172.68,17978.52
ORD-00805,2026-01-21 01:17:00,CUST-0093,P007,Audio,3,968.54,0.0,Bank Transfer,Completed,2905.62,0.0,2905.62
ORD-00806,2026-03-07 06:49:00,CUST-0161,P003,Home Appliances,1,9081.75,0.0,Bank Transfer,Completed,9081.75,0.0,9081.75
ORD-00807,2026-02-10 21:51:00,CUST-0078,P005,Office Supplies,3,1663.54,0.1,GCash,Completed,4990.62,499.06,4491.56
ORD-00808,2026-01-02 04:33:00,CUST-0073,P006,Smart Devices,4,6326.92,0.0,Credit Card,Completed,25307.68,0.0,25307.68
ORD-00809,2026-01-20 16:14:00,CUST-0213,P004,Gaming,5,9298.07,0.1,Bank Transfer,Cancelled,46490.35,4649.03,41841.32
ORD-00810,2026-03-31 03:26:00,CUST-0118,P002,Mobile Accessories,1,12327.96,0.0,Maya,Completed,12327.96,0.0,12327.96
ORD-00811,2026-02-09 22:23:00,CUST-0036,P008,Wearables,5,7966.04,0.0,Debit Card,Completed,39830.2,0.0,39830.2
ORD-00812,2026-01-04 23:52:00,CUST-0031,P004,Gaming,2,12888.02,0.0,Debit Card,Completed,25776.04,0.0,25776.04
ORD-00813,2026-01-17 06:08:00,CUST-0021,P007,Audio,1,1396.6,0.05,Maya,Completed,1396.6,69.83,1326.77
ORD-00814,2026-01-26 03:02:00,CUST-0204,P001,Laptop Accessories,4,2004.1,0.0,Credit Card,Completed,8016.4,0.0,8016.4
ORD-00815,2026-02-08 21:00:00,CUST-0194,P002,Mobile Accessories,1,13821.45,0.0,Bank Transfer,Completed,13821.45,0.0,13821.45
ORD-00816,2026-01-24 21:22:00,CUST-0008,P002,Mobile Accessories,2,12726.46,0.0,Bank Transfer,Completed,25452.92,0.0,25452.92
ORD-00817,2026-02-15 05:54:00,CUST-0129,P004,Gaming,5,8660.97,0.0,Bank Transfer,Completed,43304.85,0.0,43304.85
ORD-00818,2026-03-09 06:45:00,CUST-0050,P005,Office Supplies,2,13549.49,0.1,Credit Card,Completed,27098.98,2709.9,24389.08
ORD-00819,2026-01-28 16:54:00,CUST-0182,P008,Wearables,3,10547.46,0.0,Maya,Completed,31642.38,0.0,31642.38
ORD-00820,2026-01-24 11:24:00,CUST-0109,P004,Gaming,5,3606.42,0.0,GCash,Completed,18032.1,0.0,18032.1
ORD-00821,2026-03-01 03:33:00,CUST-0035,P008,Wearables,3,10644.78,0.1,Credit Card,Completed,31934.34,3193.43,28740.91
ORD-00822,2026-02-11 15:07:00,CUST-0099,P005,Office Supplies,4,9105.75,0.0,Maya,Completed,36423.0,0.0,36423.0
ORD-00823,2026-03-12 13:18:00,CUST-0219,P007,Audio,2,12887.41,0.05,GCash,Completed,25774.82,1288.74,24486.08
ORD-00824,2026-01-02 21:31:00,CUST-0173,P002,Mobile Accessories,4,6711.36,0.15,Credit Card,Completed,26845.44,4026.82,22818.62
ORD-00825,2026-01-19 12:25:00,CUST-0178,P002,Mobile Accessories,2,1204.48,0.0,GCash,Completed,2408.96,0.0,2408.96
ORD-00826,2026-03-18 12:07:00,CUST-0060,P007,Audio,4,4358.15,0.15,Bank Transfer,Cancelled,17432.6,2614.89,14817.71
ORD-00827,2026-02-04 20:25:00,CUST-0092,P008,Wearables,5,14264.55,0.05,Bank Transfer,Completed,71322.75,3566.14,67756.61
ORD-00828,2026-01-19 14:06:00,CUST-0032,P005,Office Supplies,4,7584.79,0.15,Debit Card,Completed,30339.16,4550.87,25788.29
ORD-00829,2026-01-13 23:03:00,CUST-0213,P002,Mobile Accessories,4,10252.08,0.0,Maya,Cancelled,41008.32,0.0,41008.32
ORD-00830,2026-03-28 10:09:00,CUST-0078,P002,Mobile Accessories,1,10000.94,0.1,Maya,Pending,10000.94,1000.09,9000.85
ORD-00831,2026-01-26 09:42:00,CUST-0128,P008,Wearables,5,4109.56,0.0,Bank Transfer,Cancelled,20547.8,0.0,20547.8
ORD-00832,2026-01-03 01:27:00,CUST-0226,P002,Mobile Accessories,4,6889.2,0.05,Maya,Pending,27556.8,1377.84,26178.96
ORD-00833,2026-01-05 01:11:00,CUST-0143,P005,Office Supplies,2,7499.32,0.0,GCash,Pending,14998.64,0.0,14998.64
ORD-00834,2026-03-04 03:36:00,CUST-0173,P008,Wearables,5,10359.27,0.1,Maya,Pending,51796.35,5179.64,46616.71
ORD-00835,2026-03-13 05:32:00,CUST-0015,P007,Audio,3,7546.69,0.05,Bank Transfer,Completed,22640.07,1132.0,21508.07
ORD-00836,2026-02-06 10:03:00,CUST-0008,P001,Laptop Accessories,2,12594.78,0.0,Bank Transfer,Completed,25189.56,0.0,25189.56
ORD-00837,2026-03-22 10:24:00,CUST-0025,P007,Audio,3,14881.2,0.05,GCash,Completed,44643.6,2232.18,42411.42
ORD-00838,2026-03-26 07:15:00,CUST-0061,P005,Office Supplies,5,1502.89,0.15,Credit Card,Completed,7514.45,1127.17,6387.28
ORD-00839,2026-01-15 10:10:00,CUST-0006,P006,Smart Devices,1,7048.41,0.05,Bank Transfer,Cancelled,7048.41,352.42,6695.99
ORD-00840,2026-02-23 08:01:00,CUST-0179,P008,Wearables,5,577.99,0.0,Maya,Cancelled,2889.95,0.0,2889.95
ORD-00841,2026-02-19 10:36:00,CUST-0026,P008,Wearables,1,10440.24,0.0,GCash,Pending,10440.24,0.0,10440.24
ORD-00842,2026-03-06 21:21:00,CUST-0043,P005,Office Supplies,3,14549.06,0.0,Maya,Completed,43647.18,0.0,43647.18
ORD-00843,2026-03-10 06:18:00,CUST-0068,P001,Laptop Accessories,3,14944.36,0.05,Debit Card,Cancelled,44833.08,2241.65,42591.43
ORD-00844,2026-01-12 22:54:00,CUST-0149,P002,Mobile Accessories,5,5218.36,0.0,Bank Transfer,Cancelled,26091.8,0.0,26091.8
ORD-00845,2026-03-02 13:13:00,CUST-0089,P002,Mobile Accessories,3,7693.43,0.0,Maya,Cancelled,23080.29,0.0,23080.29
ORD-00846,2026-02-10 06:26:00,CUST-0103,P005,Office Supplies,5,7851.7,0.15,Bank Transfer,Completed,39258.5,5888.77,33369.73
ORD-00847,2026-01-03 20:45:00,CUST-0133,P003,Home Appliances,5,7613.25,0.15,Maya,Completed,38066.25,5709.94,32356.31
ORD-00848,2026-03-23 17:51:00,CUST-0158,P007,Audio,5,10967.57,0.0,Bank Transfer,Completed,54837.85,0.0,54837.85
ORD-00849,2026-02-16 14:09:00,CUST-0062,P003,Home Appliances,3,12700.8,0.05,GCash,Completed,38102.4,1905.12,36197.28
ORD-00850,2026-03-23 06:54:00,CUST-0106,P005,Office Supplies,3,9779.13,0.0,Bank Transfer,Completed,29337.39,0.0,29337.39
ORD-00851,2026-02-21 07:07:00,CUST-0039,P004,Gaming,1,3872.4,0.0,Maya,Pending,3872.4,0.0,3872.4
ORD-00852,2026-03-13 13:27:00,CUST-0166,P001,Laptop Accessories,2,2600.54,0.0,Credit Card,Completed,5201.08,0.0,5201.08
ORD-00853,2026-02-05 21:35:00,CUST-0046,P001,Laptop Accessories,4,11787.95,0.0,Credit Card,Completed,47151.8,0.0,47151.8
ORD-00854,2026-03-19 09:55:00,CUST-0017,P007,Audio,3,10157.16,0.0,Maya,Completed,30471.48,0.0,30471.48
ORD-00855,2026-01-31 03:36:00,CUST-0189,P002,Mobile Accessories,5,10047.2,0.1,Bank Transfer,Completed,50236.0,5023.6,45212.4
ORD-00856,2026-03-05 02:15:00,CUST-0154,P002,Mobile Accessories,3,5106.97,0.1,Maya,Completed,15320.91,1532.09,13788.82
ORD-00857,2026-02-24 06:09:00,CUST-0028,P003,Home Appliances,2,14556.37,0.05,Maya,Completed,29112.74,1455.64,27657.1
ORD-00858,2026-03-17 01:31:00,CUST-0137,P006,Smart Devices,1,4918.23,0.05,Maya,Completed,4918.23,245.91,4672.32
ORD-00859,2026-02-05 04:23:00,CUST-0122,P006,Smart Devices,3,560.84,0.1,Credit Card,Completed,1682.52,168.25,1514.27
ORD-00860,2026-03-30 21:15:00,CUST-0065,P007,Audio,3,9674.5,0.15,GCash,Completed,29023.5,4353.52,24669.98
ORD-00861,2026-03-10 07:54:00,CUST-0114,P007,Audio,1,13669.39,0.05,GCash,Completed,13669.39,683.47,12985.92
ORD-00862,2026-01-12 07:19:00,CUST-0054,P003,Home Appliances,4,9562.45,0.15,Maya,Completed,38249.8,5737.47,32512.33
ORD-00863,2026-02-05 02:52:00,CUST-0200,P008,Wearables,4,11119.89,0.0,Maya,Completed,44479.56,0.0,44479.56
ORD-00864,2026-01-21 22:16:00,CUST-0130,P002,Mobile Accessories,3,6457.84,0.15,Bank Transfer,Completed,19373.52,2906.03,16467.49
ORD-00865,2026-02-28 22:01:00,CUST-0196,P001,Laptop Accessories,2,9544.81,0.15,Debit Card,Completed,19089.62,2863.44,16226.18
ORD-00866,2026-02-21 06:40:00,CUST-0079,P006,Smart Devices,5,1462.92,0.0,Debit Card,Cancelled,7314.6,0.0,7314.6
ORD-00867,2026-03-25 04:54:00,CUST-0153,P007,Audio,3,6909.48,0.15,Debit Card,Completed,20728.44,3109.27,17619.17
ORD-00868,2026-01-23 21:37:00,CUST-0212,P006,Smart Devices,3,3180.29,0.05,GCash,Completed,9540.87,477.04,9063.83
ORD-00869,2026-02-20 12:53:00,CUST-0227,P004,Gaming,1,14234.61,0.1,Bank Transfer,Completed,14234.61,1423.46,12811.15
ORD-00870,2026-01-12 14:12:00,CUST-0068,P003,Home Appliances,1,6165.26,0.05,Bank Transfer,Completed,6165.26,308.26,5857.0
ORD-00871,2026-01-20 02:23:00,CUST-0044,P002,Mobile Accessories,1,10849.11,0.05,Maya,Pending,10849.11,542.46,10306.65
ORD-00872,2026-01-16 07:45:00,CUST-0053,P004,Gaming,3,4497.44,0.05,Maya,Completed,13492.32,674.62,12817.7
ORD-00873,2026-02-25 06:38:00,CUST-0056,P005,Office Supplies,2,6420.38,0.05,Debit Card,Completed,12840.76,642.04,12198.72
ORD-00874,2026-02-07 08:15:00,CUST-0159,P008,Wearables,2,5702.16,0.15,Maya,Completed,11404.32,1710.65,9693.67
ORD-00875,2026-01-02 15:08:00,CUST-0224,P006,Smart Devices,4,10381.07,0.15,Maya,Pending,41524.28,6228.64,35295.64
ORD-00876,2026-03-18 08:04:00,CUST-0025,P001,Laptop Accessories,1,5159.72,0.0,Maya,Completed,5159.72,0.0,5159.72
ORD-00877,2026-03-19 21:51:00,CUST-0154,P001,Laptop Accessories,1,3991.44,0.1,Maya,Completed,3991.44,399.14,3592.3
ORD-00878,2026-02-20 21:23:00,CUST-0034,P001,Laptop Accessories,5,2895.74,0.0,Bank Transfer,Pending,14478.7,0.0,14478.7
ORD-00879,2026-02-13 14:08:00,CUST-0023,P006,Smart Devices,5,6635.71,0.0,Credit Card,Completed,33178.55,0.0,33178.55
ORD-00880,2026-01-06 04:31:00,CUST-0224,P005,Office Supplies,3,13912.0,0.0,GCash,Cancelled,41736.0,0.0,41736.0
ORD-00881,2026-02-03 16:20:00,CUST-0112,P003,Home Appliances,3,11118.82,0.05,Debit Card,Cancelled,33356.46,1667.82,31688.64
ORD-00882,2026-03-26 20:51:00,CUST-0113,P001,Laptop Accessories,2,2442.16,0.0,Debit Card,Completed,4884.32,0.0,4884.32
ORD-00883,2026-03-02 08:10:00,CUST-0181,P008,Wearables,4,1961.35,0.05,Credit Card,Pending,7845.4,392.27,7453.13
ORD-00884,2026-02-15 22:35:00,CUST-0125,P008,Wearables,4,1909.24,0.15,Debit Card,Completed,7636.96,1145.54,6491.42
ORD-00885,2026-02-14 02:13:00,CUST-0223,P005,Office Supplies,2,12565.57,0.15,Bank Transfer,Completed,25131.14,3769.67,21361.47
ORD-00886,2026-03-14 21:37:00,CUST-0055,P001,Laptop Accessories,5,11561.0,0.0,Maya,Completed,57805.0,0.0,57805.0
ORD-00887,2026-02-01 15:43:00,CUST-0025,P006,Smart Devices,1,4443.15,0.15,Credit Card,Pending,4443.15,666.47,3776.68
ORD-00888,2026-02-17 18:59:00,CUST-0244,P002,Mobile Accessories,3,2518.19,0.0,Maya,Pending,7554.57,0.0,7554.57
ORD-00889,2026-02-28 20:17:00,CUST-0153,P001,Laptop Accessories,3,14554.12,0.15,Bank Transfer,Pending,43662.36,6549.35,37113.01
ORD-00890,2026-02-11 23:46:00,CUST-0233,P003,Home Appliances,2,12983.36,0.15,GCash,Completed,25966.72,3895.01,22071.71
ORD-00891,2026-01-08 23:04:00,CUST-0141,P007,Audio,1,6133.16,0.0,Debit Card,Pending,6133.16,0.0,6133.16
ORD-00892,2026-01-12 00:54:00,CUST-0054,P003,Home Appliances,4,11747.52,0.0,Debit Card,Completed,46990.08,0.0,46990.08
ORD-00893,2026-02-08 15:51:00,CUST-0111,P005,Office Supplies,5,2186.48,0.15,Credit Card,Completed,10932.4,1639.86,9292.54
ORD-00894,2026-03-07 06:31:00,CUST-0115,P007,Audio,4,4210.07,0.1,Maya,Completed,16840.28,1684.03,15156.25
ORD-00895,2026-02-24 11:39:00,CUST-0048,P007,Audio,4,1620.98,0.1,GCash,Pending,6483.92,648.39,5835.53
ORD-00896,2026-03-28 07:41:00,CUST-0176,P003,Home Appliances,4,8027.36,0.15,Bank Transfer,Completed,32109.44,4816.42,27293.02
ORD-00897,2026-02-07 14:27:00,CUST-0021,P008,Wearables,3,2441.95,0.0,GCash,Completed,7325.85,0.0,7325.85
ORD-00898,2026-03-08 13:18:00,CUST-0146,P001,Laptop Accessories,5,1378.85,0.0,Bank Transfer,Completed,6894.25,0.0,6894.25
ORD-00899,2026-03-07 13:26:00,CUST-0025,P008,Wearables,5,12239.17,0.0,GCash,Cancelled,61195.85,0.0,61195.85
ORD-00900,2026-01-11 16:01:00,CUST-0030,P008,Wearables,2,11846.11,0.05,Credit Card,Completed,23692.22,1184.61,22507.61
ORD-00901,2026-02-23 22:19:00,CUST-0081,P008,Wearables,4,9451.2,0.0,GCash,Completed,37804.8,0.0,37804.8
ORD-00902,2026-01-28 05:05:00,CUST-0192,P005,Office Supplies,1,6648.53,0.0,Credit Card,Pending,6648.53,0.0,6648.53
ORD-00903,2026-01-15 00:10:00,CUST-0168,P008,Wearables,4,10454.14,0.15,Bank Transfer,Pending,41816.56,6272.48,35544.08
ORD-00904,2026-02-08 19:52:00,CUST-0250,P006,Smart Devices,4,12118.45,0.0,Debit Card,Completed,48473.8,0.0,48473.8
ORD-00905,2026-01-02 06:07:00,CUST-0209,P001,Laptop Accessories,2,12920.43,0.0,Maya,Completed,25840.86,0.0,25840.86
ORD-00906,2026-03-25 07:27:00,CUST-0216,P004,Gaming,1,4688.54,0.05,Debit Card,Pending,4688.54,234.43,4454.11
ORD-00907,2026-02-24 00:07:00,CUST-0043,P003,Home Appliances,4,14467.04,0.05,Credit Card,Pending,57868.16,2893.41,54974.75
ORD-00908,2026-03-16 07:12:00,CUST-0076,P007,Audio,1,5174.29,0.0,Maya,Pending,5174.29,0.0,5174.29
ORD-00909,2026-03-05 23:37:00,CUST-0153,P005,Office Supplies,1,7440.57,0.05,Bank Transfer,Cancelled,7440.57,372.03,7068.54
ORD-00910,2026-03-20 21:57:00,CUST-0210,P008,Wearables,2,10785.78,0.1,Credit Card,Pending,21571.56,2157.16,19414.4
ORD-00911,2026-03-15 10:35:00,CUST-0017,P005,Office Supplies,4,13364.82,0.0,Maya,Cancelled,53459.28,0.0,53459.28
ORD-00912,2026-03-24 11:28:00,CUST-0179,P007,Audio,1,2629.67,0.15,Debit Card,Pending,2629.67,394.45,2235.22
ORD-00913,2026-02-14 14:14:00,CUST-0130,P004,Gaming,5,13658.78,0.0,Bank Transfer,Pending,68293.9,0.0,68293.9
ORD-00914,2026-01-17 09:46:00,CUST-0183,P007,Audio,4,12537.94,0.15,GCash,Pending,50151.76,7522.76,42629.0
ORD-00915,2026-01-21 19:13:00,CUST-0073,P002,Mobile Accessories,4,2154.17,0.0,Debit Card,Cancelled,8616.68,0.0,8616.68
ORD-00916,2026-03-04 03:50:00,CUST-0107,P008,Wearables,3,3712.1,0.1,Credit Card,Completed,11136.3,1113.63,10022.67
ORD-00917,2026-02-15 08:22:00,CUST-0174,P003,Home Appliances,2,12462.24,0.1,Credit Card,Completed,24924.48,2492.45,22432.03
ORD-00918,2026-02-13 13:07:00,CUST-0159,P004,Gaming,1,8539.23,0.05,GCash,Completed,8539.23,426.96,8112.27
ORD-00919,2026-02-15 01:49:00,CUST-0225,P005,Office Supplies,2,12837.77,0.1,Bank Transfer,Completed,25675.54,2567.55,23107.99
ORD-00920,2026-01-07 14:51:00,CUST-0118,P002,Mobile Accessories,1,11779.37,0.1,Credit Card,Cancelled,11779.37,1177.94,10601.43
ORD-00921,2026-01-06 16:06:00,CUST-0043,P002,Mobile Accessories,2,13687.04,0.0,GCash,Pending,27374.08,0.0,27374.08
ORD-00922,2026-03-06 15:46:00,CUST-0223,P002,Mobile Accessories,2,9794.62,0.0,Debit Card,Completed,19589.24,0.0,19589.24
ORD-00923,2026-01-26 14:26:00,CUST-0197,P001,Laptop Accessories,2,12563.5,0.05,GCash,Completed,25127.0,1256.35,23870.65
ORD-00924,2026-03-06 05:05:00,CUST-0069,P006,Smart Devices,4,5569.49,0.15,Debit Card,Completed,22277.96,3341.69,18936.27
ORD-00925,2026-03-09 13:50:00,CUST-0059,P003,Home Appliances,4,6347.79,0.05,Maya,Cancelled,25391.16,1269.56,24121.6
ORD-00926,2026-03-29 11:01:00,CUST-0114,P003,Home Appliances,1,10834.98,0.1,Credit Card,Completed,10834.98,1083.5,9751.48
ORD-00927,2026-02-13 10:25:00,CUST-0198,P003,Home Appliances,4,1156.66,0.0,Debit Card,Cancelled,4626.64,0.0,4626.64
ORD-00928,2026-01-08 20:45:00,CUST-0205,P005,Office Supplies,4,6179.54,0.15,Bank Transfer,Completed,24718.16,3707.72,21010.44
ORD-00929,2026-02-10 11:00:00,CUST-0212,P005,Office Supplies,5,9253.42,0.0,Maya,Pending,46267.1,0.0,46267.1
ORD-00930,2026-03-24 06:56:00,CUST-0140,P008,Wearables,3,13343.2,0.15,Maya,Completed,40029.6,6004.44,34025.16
ORD-00931,2026-02-08 02:02:00,CUST-0138,P006,Smart Devices,4,10945.21,0.15,Debit Card,Cancelled,43780.84,6567.13,37213.71
ORD-00932,2026-03-11 09:13:00,CUST-0024,P005,Office Supplies,5,5275.46,0.15,Debit Card,Completed,26377.3,3956.59,22420.71
ORD-00933,2026-01-04 17:37:00,CUST-0067,P004,Gaming,3,10966.01,0.1,Credit Card,Completed,32898.03,3289.8,29608.23
ORD-00934,2026-02-17 08:40:00,CUST-0130,P006,Smart Devices,1,954.06,0.15,Credit Card,Pending,954.06,143.11,810.95
ORD-00935,2026-02-08 18:47:00,CUST-0002,P008,Wearables,3,14748.52,0.15,Bank Transfer,Cancelled,44245.56,6636.83,37608.73
ORD-00936,2026-03-22 21:34:00,CUST-0217,P004,Gaming,3,4663.22,0.15,Bank Transfer,Completed,13989.66,2098.45,11891.21
ORD-00937,2026-02-18 16:47:00,CUST-0064,P002,Mobile Accessories,3,7867.66,0.0,GCash,Pending,23602.98,0.0,23602.98
ORD-00938,2026-01-13 04:45:00,CUST-0109,P007,Audio,1,1610.67,0.05,Debit Card,Pending,1610.67,80.53,1530.14
ORD-00939,2026-01-28 14:04:00,CUST-0095,P007,Audio,5,8494.78,0.05,GCash,Cancelled,42473.9,2123.7,40350.2
ORD-00940,2026-03-05 20:27:00,CUST-0113,P008,Wearables,4,12401.22,0.0,Bank Transfer,Completed,49604.88,0.0,49604.88
ORD-00941,2026-03-04 22:29:00,CUST-0034,P002,Mobile Accessories,2,6967.63,0.0,Debit Card,Cancelled,13935.26,0.0,13935.26
ORD-00942,2026-02-17 03:38:00,CUST-0219,P007,Audio,1,2032.78,0.1,GCash,Completed,2032.78,203.28,1829.5
ORD-00943,2026-03-08 04:07:00,CUST-0096,P005,Office Supplies,3,4723.09,0.05,Credit Card,Completed,14169.27,708.46,13460.81
ORD-00944,2026-01-19 18:26:00,CUST-0013,P005,Office Supplies,3,3429.83,0.15,Maya,Completed,10289.49,1543.42,8746.07
ORD-00945,2026-01-16 17:22:00,CUST-0018,P001,Laptop Accessories,4,7347.35,0.0,Bank Transfer,Pending,29389.4,0.0,29389.4
ORD-00946,2026-02-13 12:30:00,CUST-0214,P003,Home Appliances,2,7695.27,0.05,Maya,Pending,15390.54,769.53,14621.01
ORD-00947,2026-01-20 23:20:00,CUST-0023,P007,Audio,4,3684.13,0.05,GCash,Cancelled,14736.52,736.83,13999.69
ORD-00948,2026-01-06 21:56:00,CUST-0114,P005,Office Supplies,1,13022.82,0.15,Credit Card,Cancelled,13022.82,1953.42,11069.4
ORD-00949,2026-03-22 22:19:00,CUST-0144,P002,Mobile Accessories,5,1505.99,0.1,Bank Transfer,Cancelled,7529.95,753.0,6776.95
ORD-00950,2026-01-07 18:33:00,CUST-0049,P008,Wearables,5,13478.75,0.0,Bank Transfer,Completed,67393.75,0.0,67393.75
ORD-00951,2026-01-03 08:50:00,CUST-0053,P004,Gaming,5,6802.38,0.1,Bank Transfer,Completed,34011.9,3401.19,30610.71
ORD-00952,2026-02-21 18:02:00,CUST-0126,P001,Laptop Accessories,3,6696.01,0.05,Credit Card,Cancelled,20088.03,1004.4,19083.63
ORD-00953,2026-02-10 12:16:00,CUST-0024,P002,Mobile Accessories,1,8241.24,0.0,Debit Card,Completed,8241.24,0.0,8241.24
ORD-00954,2026-02-02 02:09:00,CUST-0079,P007,Audio,2,1118.98,0.0,Debit Card,Completed,2237.96,0.0,2237.96
ORD-00955,2026-01-08 09:24:00,CUST-0026,P006,Smart Devices,2,6339.14,0.0,GCash,Pending,12678.28,0.0,12678.28
ORD-00956,2026-01-16 01:12:00,CUST-0062,P004,Gaming,4,7752.16,0.1,Maya,Completed,31008.64,3100.86,27907.78
ORD-00957,2026-02-04 01:20:00,CUST-0119,P007,Audio,1,7391.53,0.05,Debit Card,Completed,7391.53,369.58,7021.95
ORD-00958,2026-02-04 17:37:00,CUST-0173,P002,Mobile Accessories,2,11503.93,0.15,Debit Card,Completed,23007.86,3451.18,19556.68
ORD-00959,2026-03-14 13:28:00,CUST-0022,P004,Gaming,2,5756.25,0.0,Debit Card,Cancelled,11512.5,0.0,11512.5
ORD-00960,2026-02-24 17:28:00,CUST-0011,P001,Laptop Accessories,4,14426.44,0.1,GCash,Completed,57705.76,5770.58,51935.18
ORD-00961,2026-01-01 01:59:00,CUST-0236,P008,Wearables,3,9068.55,0.15,Maya,Completed,27205.65,4080.85,23124.8
ORD-00962,2026-03-22 06:37:00,CUST-0216,P005,Office Supplies,1,2630.89,0.1,Bank Transfer,Completed,2630.89,263.09,2367.8
ORD-00963,2026-02-08 02:25:00,CUST-0179,P002,Mobile Accessories,2,10944.84,0.0,Maya,Completed,21889.68,0.0,21889.68
ORD-00964,2026-03-20 16:51:00,CUST-0082,P006,Smart Devices,3,14699.7,0.15,Maya,Completed,44099.1,6614.86,37484.24
ORD-00965,2026-02-01 21:20:00,CUST-0088,P004,Gaming,4,14395.14,0.0,Credit Card,Completed,57580.56,0.0,57580.56
ORD-00966,2026-03-24 00:38:00,CUST-0122,P001,Laptop Accessories,1,10172.42,0.05,Bank Transfer,Pending,10172.42,508.62,9663.8
ORD-00967,2026-02-20 17:05:00,CUST-0202,P002,Mobile Accessories,5,706.48,0.15,Maya,Completed,3532.4,529.86,3002.54
ORD-00968,2026-02-15 12:52:00,CUST-0154,P006,Smart Devices,4,2863.5,0.15,Credit Card,Completed,11454.0,1718.1,9735.9
ORD-00969,2026-03-01 11:59:00,CUST-0050,P008,Wearables,1,3517.43,0.0,GCash,Completed,3517.43,0.0,3517.43
ORD-00970,2026-01-25 02:52:00,CUST-0158,P005,Office Supplies,2,3705.3,0.05,GCash,Completed,7410.6,370.53,7040.07
ORD-00971,2026-02-05 15:57:00,CUST-0181,P004,Gaming,1,3142.28,0.15,Maya,Completed,3142.28,471.34,2670.94
ORD-00972,2026-02-05 18:32:00,CUST-0127,P003,Home Appliances,5,3108.11,0.15,Bank Transfer,Cancelled,15540.55,2331.08,13209.47
ORD-00973,2026-03-14 05:04:00,CUST-0151,P003,Home Appliances,1,2129.61,0.1,Debit Card,Cancelled,2129.61,212.96,1916.65
ORD-00974,2026-02-05 06:54:00,CUST-0174,P001,Laptop Accessories,5,9313.23,0.15,Bank Transfer,Pending,46566.15,6984.92,39581.23
ORD-00975,2026-01-01 13:41:00,CUST-0173,P001,Laptop Accessories,3,6630.09,0.05,GCash,Completed,19890.27,994.51,18895.76
ORD-00976,2026-03-29 16:29:00,CUST-0127,P006,Smart Devices,5,11445.57,0.15,Debit Card,Completed,57227.85,8584.18,48643.67
ORD-00977,2026-02-05 13:34:00,CUST-0115,P006,Smart Devices,1,6029.92,0.0,Credit Card,Cancelled,6029.92,0.0,6029.92
ORD-00978,2026-01-04 23:14:00,CUST-0177,P007,Audio,1,13775.68,0.0,Debit Card,Completed,13775.68,0.0,13775.68
ORD-00979,2026-02-09 02:40:00,CUST-0161,P002,Mobile Accessories,1,7329.5,0.0,Bank Transfer,Completed,7329.5,0.0,7329.5
ORD-00980,2026-02-02 07:06:00,CUST-0122,P004,Gaming,3,12529.63,0.0,Bank Transfer,Completed,37588.89,0.0,37588.89
ORD-00981,2026-01-10 19:39:00,CUST-0113,P002,Mobile Accessories,4,8789.28,0.0,Credit Card,Completed,35157.12,0.0,35157.12
ORD-00982,2026-02-18 10:56:00,CUST-0218,P002,Mobile Accessories,2,1164.53,0.05,Credit Card,Completed,2329.06,116.45,2212.61
ORD-00983,2026-03-20 20:27:00,CUST-0017,P002,Mobile Accessories,1,8499.06,0.0,Maya,Pending,8499.06,0.0,8499.06
ORD-00984,2026-01-13 19:48:00,CUST-0106,P004,Gaming,5,11865.25,0.1,Credit Card,Pending,59326.25,5932.62,53393.63
ORD-00985,2026-02-19 14:50:00,CUST-0110,P002,Mobile Accessories,3,9851.09,0.15,Credit Card,Pending,29553.27,4432.99,25120.28
ORD-00986,2026-03-08 10:37:00,CUST-0050,P002,Mobile Accessories,1,431.26,0.15,Credit Card,Cancelled,431.26,64.69,366.57
ORD-00987,2026-01-25 18:08:00,CUST-0164,P005,Office Supplies,3,6459.85,0.15,Bank Transfer,Pending,19379.55,2906.93,16472.62
ORD-00988,2026-01-24 07:08:00,CUST-0205,P001,Laptop Accessories,1,2133.29,0.1,Maya,Cancelled,2133.29,213.33,1919.96
ORD-00989,2026-03-25 11:19:00,CUST-0150,P003,Home Appliances,2,7175.48,0.1,GCash,Completed,14350.96,1435.1,12915.86
ORD-00990,2026-02-17 00:33:00,CUST-0151,P003,Home Appliances,1,3751.46,0.1,Credit Card,Pending,3751.46,375.15,3376.31
ORD-00991,2026-02-14 06:12:00,CUST-0164,P004,Gaming,1,5287.89,0.15,Maya,Pending,5287.89,793.18,4494.71
ORD-00992,2026-03-18 22:21:00,CUST-0219,P006,Smart Devices,5,4669.57,0.0,Debit Card,Completed,23347.85,0.0,23347.85
ORD-00993,2026-02-28 01:31:00,CUST-0057,P001,Laptop Accessories,2,10475.0,0.05,Bank Transfer,Completed,20950.0,1047.5,19902.5
ORD-00994,2026-01-31 15:47:00,CUST-0197,P006,Smart Devices,4,3278.42,0.0,Credit Card,Completed,13113.68,0.0,13113.68
ORD-00995,2026-01-02 02:22:00,CUST-0008,P002,Mobile Accessories,2,4536.0,0.0,Bank Transfer,Completed,9072.0,0.0,9072.0
ORD-00996,2026-01-06 00:12:00,CUST-0051,P005,Office Supplies,2,3479.44,0.0,Debit Card,Completed,6958.88,0.0,6958.88
ORD-00997,2026-03-12 07:11:00,CUST-0051,P001,Laptop Accessories,2,12682.5,0.0,Credit Card,Completed,25365.0,0.0,25365.0
ORD-00998,2026-02-18 20:50:00,CUST-0227,P002,Mobile Accessories,3,14057.68,0.0,Maya,Completed,42173.04,0.0,42173.04
ORD-00999,2026-02-17 11:42:00,CUST-0044,P007,Audio,1,1997.78,0.0,Debit Card,Completed,1997.78,0.0,1997.78
ORD-01000,2026-03-10 12:44:00,CUST-0096,P006,Smart Devices,5,6585.72,0.15,Debit Card,Completed,32928.6,4939.29,27989.31
