ticket_id,created_at,resolved_at,category,issue_type,priority,status,channel,department,location,assigned_agent,response_time_minutes,resolution_time_hours,satisfaction_score,reopened
INC-00001,2026-06-01 14:24:00,2026-06-02 09:51:33.984571,Network,Internet,Medium,Resolved,Email,Human Resources,Manila,Agent 02,131,19.46,4.0,False
INC-00002,2026-02-09 07:20:00,,Software,Microsoft 365,Medium,Open,Email,Sales,Cavite,Agent 05,72,,,True
INC-00003,2026-01-21 18:50:00,2026-01-22 00:04:06.936170,Access,Permission,High,Resolved,Phone,Marketing,Manila,Agent 07,236,5.24,3.0,True
INC-00004,2026-04-05 12:07:00,2026-04-06 13:50:51.733288,Software,Microsoft 365,Medium,Resolved,Portal,Administration,Cavite,Agent 03,379,25.73,4.0,False
INC-00005,2026-01-09 10:46:00,2026-01-10 04:22:39.743491,Security,Malware Alert,Medium,Resolved,Phone,Administration,Manila,Agent 04,128,17.61,3.0,False
INC-00006,2026-02-26 04:43:00,2026-02-26 17:07:22.120980,Access,Permission,Medium,Resolved,Portal,Marketing,Laguna,Agent 06,406,12.41,4.0,False
INC-00007,2026-06-14 11:36:00,2026-06-14 15:48:46.352554,Software,Application,Critical,Resolved,Chat,Finance,Manila,Agent 05,5,4.21,3.0,False
INC-00008,2026-02-11 18:24:00,,Access,Permission,High,Open,Portal,Human Resources,Makati,Agent 06,163,,,False
INC-00009,2026-03-03 19:21:00,,Hardware,Printer,High,Open,Phone,Operations,Makati,Agent 01,134,,,False
INC-00010,2026-05-16 20:42:00,2026-05-18 11:35:44.349899,Network,VPN,Low,Resolved,Portal,Marketing,Makati,Agent 05,246,38.9,5.0,False
INC-00011,2026-01-02 02:25:00,2026-01-03 21:27:35.622282,Software,Microsoft 365,Low,Closed,Portal,Human Resources,Quezon City,Agent 04,90,43.04,3.0,True
INC-00012,2026-01-25 22:29:00,2026-01-27 15:10:29.169032,Security,Security Policy,Low,Resolved,Portal,Sales,Makati,Agent 02,463,40.69,4.0,False
INC-00013,2026-03-05 02:34:00,2026-03-06 04:58:41.279882,Software,Browser,Medium,Resolved,Email,Human Resources,Cavite,Agent 08,70,26.41,5.0,False
INC-00014,2026-04-10 09:03:00,,Software,Browser,High,Open,Chat,Human Resources,Laguna,Agent 01,118,,,False
INC-00015,2026-03-22 01:57:00,2026-03-22 19:49:30.859747,Software,Browser,Low,Resolved,Chat,Marketing,Quezon City,Agent 01,518,17.88,4.0,False
INC-00016,2026-06-08 02:47:00,2026-06-08 18:12:00.083450,Software,Microsoft 365,High,Resolved,Portal,Marketing,Quezon City,Agent 01,143,15.42,4.0,False
INC-00017,2026-01-19 18:21:00,2026-01-19 23:15:38.050439,Software,Application,High,Resolved,Chat,Finance,Laguna,Agent 02,99,4.91,5.0,False
INC-00018,2026-03-09 03:56:00,,Security,Phishing,Medium,In Progress,Portal,IT,Manila,Agent 03,99,,,False
INC-00019,2026-01-14 03:09:00,2026-01-14 23:19:34.636590,Network,VPN,Medium,Closed,Chat,Marketing,Laguna,Agent 05,42,20.18,4.0,False
INC-00020,2026-04-05 19:52:00,2026-04-06 13:42:48.364696,Hardware,Laptop,High,Closed,Portal,Human Resources,Quezon City,Agent 01,20,17.85,4.0,False
INC-00021,2026-03-02 05:32:00,,Network,Wi-Fi,Medium,Open,Chat,Sales,Quezon City,Agent 03,471,,,False
INC-00022,2026-02-10 23:56:00,2026-02-11 08:43:08.480740,Security,Security Policy,High,Resolved,Chat,Administration,Makati,Agent 05,130,8.79,5.0,False
INC-00023,2026-06-14 17:23:00,2026-06-16 21:22:37.560957,Network,Network Access,Low,Resolved,Chat,Administration,Cavite,Agent 06,579,51.99,1.0,False
INC-00024,2026-03-07 01:30:00,2026-03-08 10:32:03.469770,Software,Application,Medium,Closed,Chat,Finance,Laguna,Agent 04,286,33.03,4.0,False
INC-00025,2026-06-20 13:56:00,2026-06-21 23:15:13.967224,Security,Suspicious Login,Medium,Resolved,Email,Operations,Quezon City,Agent 05,303,33.32,4.0,False
INC-00026,2026-04-30 15:04:00,2026-05-02 03:30:25.683372,Network,Internet,Low,Resolved,Email,Administration,Quezon City,Agent 06,248,36.44,2.0,False
INC-00027,2026-05-02 20:51:00,,Software,Application,Low,In Progress,Email,Finance,Manila,Agent 04,104,,,False
INC-00028,2026-04-19 07:28:00,2026-04-20 13:21:06.314664,Network,Network Access,Medium,Resolved,Email,IT,Manila,Agent 02,257,29.89,4.0,False
INC-00029,2026-02-10 16:12:00,2026-02-11 15:49:03.700459,Network,Network Access,Medium,Resolved,Phone,Marketing,Laguna,Agent 08,450,23.62,2.0,False
INC-00030,2026-06-27 05:12:00,2026-06-27 11:13:10.566539,Software,Application,High,Closed,Email,Human Resources,Makati,Agent 07,114,6.02,5.0,False
INC-00031,2026-05-18 18:38:00,2026-05-19 00:57:30.191202,Network,Network Access,Medium,Closed,Chat,Operations,Laguna,Agent 07,269,6.33,4.0,False
INC-00032,2026-01-22 21:56:00,2026-01-23 04:42:58.308850,Software,Browser,Critical,Resolved,Portal,Sales,Quezon City,Agent 01,38,6.78,4.0,False
INC-00033,2026-03-31 07:39:00,2026-03-31 11:53:23.941091,Access,Permission,High,Closed,Portal,IT,Quezon City,Agent 01,203,4.24,3.0,False
INC-00034,2026-02-11 10:37:00,2026-02-12 11:20:07.535207,Network,VPN,Medium,Resolved,Email,Operations,Makati,Agent 02,179,24.72,4.0,False
INC-00035,2026-06-19 12:38:00,2026-06-19 19:55:38.258095,Access,Password Reset,Medium,Resolved,Portal,Finance,Cavite,Agent 07,194,7.29,5.0,False
INC-00036,2026-04-22 20:13:00,2026-04-23 11:42:19.343052,Software,Application,Medium,Resolved,Chat,Administration,Laguna,Agent 08,445,15.49,4.0,True
INC-00037,2026-06-02 23:56:00,,Access,Account Lockout,Medium,In Progress,Portal,Operations,Cavite,Agent 05,25,,,True
INC-00038,2026-01-05 03:10:00,2026-01-05 21:06:05.735049,Access,System Access,Medium,Resolved,Email,Sales,Laguna,Agent 08,374,17.93,5.0,False
INC-00039,2026-01-31 18:17:00,,Software,Operating System,Low,Open,Email,Finance,Makati,Agent 06,219,,,False
INC-00040,2026-02-15 10:19:00,2026-02-15 11:42:43.197854,Network,Wi-Fi,Critical,Resolved,Phone,Operations,Makati,Agent 06,10,1.4,5.0,False
INC-00041,2026-05-03 03:53:00,,Access,Permission,Medium,In Progress,Portal,Human Resources,Manila,Agent 05,271,,,False
INC-00042,2026-05-23 14:12:00,2026-05-23 23:22:13.247349,Hardware,Desktop,High,Closed,Chat,Finance,Makati,Agent 02,208,9.17,4.0,False
INC-00043,2026-02-10 08:11:00,2026-02-10 13:56:49.335209,Hardware,Laptop,High,Resolved,Email,Human Resources,Cavite,Agent 02,10,5.76,5.0,False
INC-00044,2026-04-19 03:55:00,2026-04-19 11:05:59.544195,Software,Browser,High,Closed,Phone,IT,Quezon City,Agent 04,78,7.18,4.0,False
INC-00045,2026-04-23 02:44:00,2026-04-23 12:58:54.526964,Hardware,Printer,Medium,Closed,Chat,Marketing,Quezon City,Agent 08,396,10.25,4.0,False
INC-00046,2026-03-13 06:11:00,,Security,Suspicious Login,Medium,Open,Phone,Human Resources,Laguna,Agent 08,345,,,False
INC-00047,2026-04-16 23:40:00,2026-04-17 15:09:17.044780,Software,Operating System,Low,Resolved,Portal,Administration,Makati,Agent 06,708,15.49,5.0,False
INC-00048,2026-05-13 12:20:00,2026-05-14 10:55:38.530321,Access,Password Reset,Medium,Closed,Portal,Sales,Manila,Agent 04,340,22.59,5.0,True
INC-00049,2026-01-24 07:40:00,,Security,Malware Alert,Medium,Open,Portal,Finance,Quezon City,Agent 07,256,,,False
INC-00050,2026-03-04 15:35:00,2026-03-04 22:29:31.471175,Software,Application,Medium,Closed,Email,Administration,Laguna,Agent 08,117,6.91,5.0,False
INC-00051,2026-02-08 15:14:00,2026-02-09 09:28:04.906044,Access,Permission,High,Closed,Email,Operations,Quezon City,Agent 08,151,18.23,3.0,False
INC-00052,2026-06-19 22:15:00,,Access,System Access,Low,Open,Phone,IT,Laguna,Agent 07,537,,,False
INC-00053,2026-02-06 13:59:00,,Software,Microsoft 365,High,In Progress,Portal,Marketing,Laguna,Agent 01,130,,,False
INC-00054,2026-03-23 21:23:00,2026-03-24 12:19:37.173188,Network,Internet,High,Closed,Chat,Administration,Quezon City,Agent 07,148,14.94,3.0,False
INC-00055,2026-01-15 10:00:00,2026-01-16 08:20:19.958769,Security,Phishing,Medium,Resolved,Portal,Finance,Manila,Agent 06,94,22.34,4.0,False
INC-00056,2026-03-07 22:45:00,2026-03-08 08:20:50.634340,Network,Network Access,High,Resolved,Email,Sales,Cavite,Agent 08,183,9.6,4.0,False
INC-00057,2026-04-08 19:31:00,2026-04-11 00:02:07.606646,Software,Application,Low,Resolved,Portal,Sales,Manila,Agent 04,332,52.52,5.0,False
INC-00058,2026-02-26 21:43:00,2026-02-27 03:18:01.327578,Hardware,Monitor,High,Resolved,Chat,Administration,Makati,Agent 06,203,5.58,1.0,False
INC-00059,2026-02-14 06:51:00,2026-02-14 23:33:11.855414,Hardware,Printer,Medium,Resolved,Email,Operations,Cavite,Agent 07,468,16.7,5.0,False
INC-00060,2026-06-23 23:01:00,,Software,Application,High,Open,Portal,Finance,Makati,Agent 04,33,,,True
INC-00061,2026-06-13 12:40:00,2026-06-14 10:17:50.930707,Network,Network Access,Medium,Resolved,Phone,Operations,Quezon City,Agent 07,261,21.63,2.0,False
INC-00062,2026-05-07 03:57:00,2026-05-08 09:57:55.352222,Access,Permission,Medium,Resolved,Email,Finance,Manila,Agent 05,89,30.02,4.0,False
INC-00063,2026-02-25 15:08:00,2026-02-26 09:06:46.861383,Access,Password Reset,High,Resolved,Portal,Operations,Manila,Agent 06,102,17.98,2.0,False
INC-00064,2026-01-13 11:23:00,2026-01-13 19:10:21.841308,Security,Security Policy,Low,Resolved,Email,IT,Quezon City,Agent 01,158,7.79,5.0,False
INC-00065,2026-02-14 03:45:00,2026-02-15 19:01:21.460397,Hardware,Laptop,Low,Closed,Chat,Human Resources,Quezon City,Agent 05,56,39.27,2.0,False
INC-00066,2026-04-26 17:11:00,2026-04-27 08:09:59.639307,Network,Internet,Medium,Resolved,Phone,Marketing,Quezon City,Agent 02,42,14.98,4.0,False
INC-00067,2026-01-17 04:18:00,2026-01-18 03:56:27.709683,Network,Network Access,Medium,Resolved,Portal,Finance,Cavite,Agent 03,319,23.64,4.0,False
INC-00068,2026-04-13 14:11:00,2026-04-14 22:48:15.058839,Hardware,Desktop,Medium,Closed,Chat,Sales,Cavite,Agent 08,238,32.62,2.0,True
INC-00069,2026-06-21 04:10:00,2026-06-21 12:47:13.709699,Software,Application,High,Resolved,Portal,Marketing,Quezon City,Agent 06,118,8.62,3.0,False
INC-00070,2026-04-20 19:08:00,,Hardware,Laptop,Medium,Open,Portal,Finance,Cavite,Agent 04,334,,,False
INC-00071,2026-03-31 00:12:00,2026-03-31 08:20:03.345759,Network,Wi-Fi,Low,Resolved,Email,Administration,Cavite,Agent 06,176,8.13,4.0,False
INC-00072,2026-01-14 05:18:00,2026-01-15 02:14:46.399529,Software,Browser,Medium,Resolved,Phone,Administration,Quezon City,Agent 02,45,20.95,3.0,False
INC-00073,2026-01-12 07:31:00,2026-01-13 10:05:55.046350,Hardware,Monitor,Low,Resolved,Portal,Marketing,Laguna,Agent 05,643,26.58,4.0,True
INC-00074,2026-01-19 13:33:00,,Access,Account Lockout,Low,In Progress,Portal,Human Resources,Quezon City,Agent 06,73,,,False
INC-00075,2026-04-14 00:42:00,,Access,System Access,Medium,Open,Phone,Sales,Cavite,Agent 02,430,,,False
INC-00076,2026-05-15 02:41:00,2026-05-15 15:14:33.054720,Access,Password Reset,Medium,Resolved,Email,Sales,Quezon City,Agent 07,401,12.56,4.0,False
INC-00077,2026-06-17 02:34:00,2026-06-19 02:44:15.655975,Software,Browser,Low,Resolved,Email,Human Resources,Makati,Agent 03,673,48.17,4.0,False
INC-00078,2026-06-01 01:55:00,2026-06-01 07:23:47.759867,Access,Permission,Low,Resolved,Email,Sales,Cavite,Agent 05,105,5.48,5.0,True
INC-00079,2026-05-27 22:14:00,2026-05-28 16:40:54.612581,Network,Network Access,Medium,Resolved,Portal,Administration,Manila,Agent 08,263,18.45,5.0,True
INC-00080,2026-04-04 12:43:00,,Network,Internet,Low,In Progress,Portal,Sales,Quezon City,Agent 03,426,,,False
INC-00081,2026-03-06 22:24:00,,Hardware,Printer,Low,Open,Email,IT,Laguna,Agent 05,647,,,True
INC-00082,2026-06-02 02:53:00,2026-06-04 01:12:23.400200,Network,Wi-Fi,Low,Resolved,Portal,IT,Laguna,Agent 03,415,46.32,5.0,False
INC-00083,2026-03-29 16:35:00,2026-03-29 22:09:59.095727,Network,Network Access,Medium,Resolved,Email,Operations,Makati,Agent 04,99,5.58,5.0,True
INC-00084,2026-04-23 01:29:00,2026-04-24 05:19:48.757525,Software,Browser,Medium,Resolved,Email,Human Resources,Quezon City,Agent 03,247,27.85,5.0,False
INC-00085,2026-04-08 17:09:00,2026-04-09 08:42:00.335290,Access,Account Lockout,Medium,Closed,Chat,Sales,Laguna,Agent 05,438,15.55,4.0,True
INC-00086,2026-04-22 03:07:00,,Access,Password Reset,Low,Open,Phone,Operations,Laguna,Agent 03,257,,,False
INC-00087,2026-01-08 10:52:00,,Software,Operating System,Medium,Open,Email,Finance,Cavite,Agent 04,191,,,True
INC-00088,2026-06-07 00:10:00,,Software,Operating System,Medium,In Progress,Email,IT,Laguna,Agent 08,151,,,False
INC-00089,2026-03-03 14:19:00,2026-03-05 17:55:15.486532,Access,System Access,Low,Closed,Email,Operations,Manila,Agent 01,667,51.6,4.0,False
INC-00090,2026-05-15 12:18:00,2026-05-16 05:35:23.369679,Software,Microsoft 365,Medium,Resolved,Email,Sales,Makati,Agent 02,298,17.29,5.0,False
INC-00091,2026-02-04 01:30:00,2026-02-05 23:57:51.533560,Hardware,Laptop,Low,Resolved,Phone,IT,Manila,Agent 06,376,46.46,3.0,False
INC-00092,2026-03-22 10:35:00,2026-03-24 09:00:04.976156,Network,Network Access,Low,Resolved,Email,Administration,Makati,Agent 01,586,46.42,5.0,False
INC-00093,2026-02-17 16:56:00,2026-02-18 22:09:07.290261,Hardware,Printer,Medium,Closed,Portal,Sales,Laguna,Agent 06,428,29.22,5.0,False
INC-00094,2026-02-12 23:32:00,2026-02-14 13:55:59.405452,Software,Microsoft 365,Low,Resolved,Email,Sales,Quezon City,Agent 07,487,38.4,2.0,False
INC-00095,2026-02-02 02:17:00,2026-02-02 07:10:06.604294,Software,Browser,High,Resolved,Email,Marketing,Laguna,Agent 01,102,4.89,4.0,False
INC-00096,2026-01-30 00:53:00,2026-01-31 05:06:26.292081,Hardware,Desktop,Medium,Closed,Portal,IT,Cavite,Agent 04,285,28.22,4.0,False
INC-00097,2026-01-23 23:16:00,,Security,Malware Alert,Low,Open,Chat,Sales,Makati,Agent 08,357,,,False
INC-00098,2026-05-11 07:39:00,2026-05-11 18:35:43.350547,Software,Application,High,Resolved,Phone,IT,Makati,Agent 06,45,10.95,5.0,False
INC-00099,2026-04-15 19:37:00,2026-04-17 00:56:41.977857,Network,Internet,Low,Resolved,Portal,IT,Laguna,Agent 07,354,29.33,4.0,False
INC-00100,2026-03-19 05:37:00,2026-03-19 17:10:03.194258,Access,Account Lockout,Medium,Resolved,Chat,Finance,Manila,Agent 03,197,11.55,3.0,False
INC-00101,2026-05-25 01:24:00,,Network,VPN,Medium,In Progress,Portal,Human Resources,Quezon City,Agent 06,61,,,False
INC-00102,2026-06-10 18:37:00,2026-06-11 02:10:58.383863,Software,Browser,Medium,Resolved,Portal,IT,Manila,Agent 08,267,7.57,4.0,False
INC-00103,2026-02-03 12:38:00,2026-02-03 16:46:55.291006,Network,Wi-Fi,High,Resolved,Portal,Administration,Cavite,Agent 07,71,4.15,5.0,False
INC-00104,2026-02-10 17:00:00,,Software,Browser,High,Open,Chat,IT,Cavite,Agent 04,235,,,False
INC-00105,2026-01-13 01:43:00,2026-01-13 18:51:12.131022,Hardware,Monitor,Medium,Resolved,Chat,Human Resources,Quezon City,Agent 06,471,17.14,3.0,False
INC-00106,2026-04-03 18:53:00,2026-04-05 05:12:01.069145,Software,Operating System,Medium,Resolved,Portal,Marketing,Quezon City,Agent 04,278,34.32,5.0,False
INC-00107,2026-05-09 01:22:00,2026-05-09 13:06:09.405382,Access,Permission,Medium,Resolved,Portal,Human Resources,Makati,Agent 07,385,11.74,5.0,False
INC-00108,2026-05-25 10:13:00,2026-05-26 07:36:38.503609,Software,Application,Medium,Resolved,Portal,Marketing,Quezon City,Agent 08,208,21.39,5.0,True
INC-00109,2026-02-07 23:14:00,2026-02-08 15:37:49.495272,Software,Browser,Medium,Resolved,Portal,Human Resources,Quezon City,Agent 07,378,16.4,4.0,False
INC-00110,2026-05-15 12:51:00,2026-05-16 13:42:00.679392,Security,Phishing,Medium,Resolved,Portal,Marketing,Cavite,Agent 08,255,24.85,5.0,False
INC-00111,2026-06-26 16:41:00,2026-06-27 14:22:17.920582,Software,Browser,Low,Resolved,Email,Operations,Cavite,Agent 04,387,21.69,4.0,False
INC-00112,2026-04-24 22:23:00,2026-04-25 21:31:19.578763,Access,Account Lockout,Low,Resolved,Email,IT,Manila,Agent 06,520,23.14,5.0,False
INC-00113,2026-01-26 23:15:00,2026-01-28 06:48:19.594535,Hardware,Desktop,Medium,Closed,Email,Sales,Cavite,Agent 08,301,31.56,5.0,False
INC-00114,2026-02-14 14:15:00,,Software,Microsoft 365,High,In Progress,Email,Marketing,Makati,Agent 01,224,,,False
INC-00115,2026-03-27 09:42:00,2026-03-27 21:25:25.398431,Hardware,Printer,High,Resolved,Email,Marketing,Quezon City,Agent 02,144,11.72,5.0,False
INC-00116,2026-02-14 20:51:00,,Access,Permission,Medium,In Progress,Email,Operations,Cavite,Agent 04,443,,,False
INC-00117,2026-03-08 13:05:00,2026-03-10 05:23:09.346703,Software,Microsoft 365,Low,Resolved,Email,Operations,Makati,Agent 01,303,40.3,2.0,True
INC-00118,2026-06-13 10:04:00,2026-06-14 10:57:03.516999,Software,Operating System,Medium,Resolved,Chat,IT,Cavite,Agent 02,132,24.88,4.0,False
INC-00119,2026-05-16 12:20:00,2026-05-16 20:28:45.167724,Network,VPN,Medium,Resolved,Portal,Marketing,Manila,Agent 08,77,8.15,5.0,False
INC-00120,2026-02-03 17:31:00,2026-02-05 12:34:50.333145,Network,Network Access,Low,Resolved,Portal,Administration,Manila,Agent 08,607,43.06,1.0,False
INC-00121,2026-01-09 09:47:00,2026-01-11 10:55:02.393085,Hardware,Monitor,Low,Resolved,Email,Finance,Manila,Agent 08,168,49.13,5.0,False
INC-00122,2026-05-16 04:20:00,2026-05-17 02:12:37.607285,Hardware,Desktop,Medium,Closed,Portal,Human Resources,Quezon City,Agent 07,447,21.88,4.0,False
INC-00123,2026-06-19 14:18:00,2026-06-19 21:42:28.495688,Software,Browser,Low,Closed,Chat,IT,Manila,Agent 01,46,7.41,2.0,False
INC-00124,2026-05-09 09:52:00,2026-05-10 13:38:59.131861,Software,Browser,Medium,Resolved,Phone,Administration,Manila,Agent 03,183,27.78,5.0,False
INC-00125,2026-05-23 16:55:00,2026-05-25 13:25:49.241094,Software,Application,Low,Resolved,Chat,IT,Makati,Agent 07,382,44.51,4.0,False
INC-00126,2026-05-24 14:05:00,,Software,Browser,Low,Open,Phone,Administration,Laguna,Agent 01,600,,,False
INC-00127,2026-01-14 09:09:00,2026-01-14 22:39:31.230111,Hardware,Laptop,High,Resolved,Phone,Finance,Quezon City,Agent 04,20,13.51,4.0,False
INC-00128,2026-03-04 23:44:00,2026-03-05 20:30:39.445462,Software,Microsoft 365,Low,Closed,Email,IT,Manila,Agent 08,239,20.78,4.0,False
INC-00129,2026-04-05 10:40:00,2026-04-05 23:30:46.015606,Access,System Access,Low,Resolved,Chat,Sales,Cavite,Agent 04,606,12.85,3.0,False
INC-00130,2026-05-06 21:54:00,2026-05-07 21:33:20.732612,Software,Browser,Medium,Closed,Portal,IT,Cavite,Agent 05,106,23.66,4.0,False
INC-00131,2026-04-16 04:41:00,,Hardware,Laptop,High,In Progress,Email,Administration,Manila,Agent 01,191,,,True
INC-00132,2026-01-05 00:13:00,2026-01-06 18:57:15.114701,Network,Wi-Fi,Low,Closed,Portal,Marketing,Laguna,Agent 08,451,42.74,5.0,False
INC-00133,2026-06-08 17:58:00,2026-06-09 06:08:05.586776,Security,Malware Alert,Low,Resolved,Email,Human Resources,Makati,Agent 04,392,12.17,5.0,False
INC-00134,2026-04-14 12:56:00,2026-04-14 17:07:52.431190,Access,Password Reset,Medium,Resolved,Chat,Administration,Manila,Agent 02,48,4.2,4.0,False
INC-00135,2026-03-11 01:35:00,,Security,Phishing,Low,Open,Chat,IT,Quezon City,Agent 08,317,,,False
INC-00136,2026-03-18 05:32:00,2026-03-20 00:50:36.990349,Hardware,Printer,Low,Closed,Email,Human Resources,Laguna,Agent 02,610,43.31,5.0,False
INC-00137,2026-06-04 20:57:00,,Hardware,Printer,Low,Open,Portal,Administration,Manila,Agent 06,436,,,False
INC-00138,2026-06-24 19:59:00,2026-06-26 00:34:48.530812,Access,System Access,Medium,Closed,Portal,Sales,Laguna,Agent 03,415,28.6,5.0,False
INC-00139,2026-03-11 03:29:00,2026-03-11 20:18:59.811879,Access,Permission,Medium,Resolved,Email,Operations,Laguna,Agent 06,240,16.83,2.0,False
INC-00140,2026-05-27 17:47:00,2026-05-28 16:37:07.337546,Software,Operating System,Low,Resolved,Portal,Administration,Manila,Agent 04,419,22.84,4.0,False
INC-00141,2026-04-28 03:39:00,2026-04-28 13:26:14.044053,Hardware,Printer,High,Resolved,Phone,Sales,Quezon City,Agent 04,95,9.79,5.0,False
INC-00142,2026-02-15 13:35:00,,Network,Wi-Fi,Low,Open,Chat,Human Resources,Laguna,Agent 06,328,,,False
INC-00143,2026-01-30 19:14:00,2026-01-31 08:16:17.307597,Network,VPN,Low,Resolved,Email,Administration,Laguna,Agent 06,588,13.04,5.0,False
INC-00144,2026-06-18 05:15:00,2026-06-18 18:49:24.052161,Hardware,Monitor,Medium,Closed,Email,Operations,Makati,Agent 05,57,13.57,5.0,False
INC-00145,2026-03-05 22:26:00,2026-03-06 23:59:21.257688,Access,Permission,Medium,Closed,Phone,Marketing,Manila,Agent 02,351,25.56,4.0,False
INC-00146,2026-04-25 12:46:00,2026-04-26 17:10:06.599386,Hardware,Laptop,Low,Resolved,Portal,Marketing,Quezon City,Agent 04,632,28.4,5.0,False
INC-00147,2026-03-31 16:15:00,2026-04-01 04:31:19.513523,Security,Malware Alert,Low,Resolved,Portal,Administration,Makati,Agent 08,493,12.27,2.0,False
INC-00148,2026-04-29 07:54:00,2026-04-29 22:16:18.800277,Security,Malware Alert,Medium,Closed,Portal,Operations,Quezon City,Agent 07,114,14.37,4.0,False
INC-00149,2026-05-18 06:22:00,2026-05-19 19:04:08.156514,Hardware,Desktop,Low,Resolved,Phone,Administration,Manila,Agent 02,231,36.7,4.0,False
INC-00150,2026-06-22 04:34:00,2026-06-22 12:30:53.185967,Hardware,Printer,High,Resolved,Portal,Administration,Cavite,Agent 02,39,7.95,4.0,False
INC-00151,2026-04-26 21:08:00,2026-04-27 09:40:03.771961,Software,Browser,Medium,Resolved,Portal,Human Resources,Makati,Agent 06,24,12.53,4.0,False
INC-00152,2026-01-09 09:22:00,2026-01-10 10:32:13.973424,Network,Network Access,Medium,Resolved,Email,Finance,Makati,Agent 05,106,25.17,4.0,False
INC-00153,2026-04-19 03:29:00,2026-04-19 12:09:04.853285,Network,Wi-Fi,Medium,Closed,Phone,Administration,Laguna,Agent 04,404,8.67,2.0,False
INC-00154,2026-02-12 21:01:00,2026-02-14 05:15:24.311500,Hardware,Desktop,Low,Resolved,Phone,IT,Cavite,Agent 07,241,32.24,5.0,False
INC-00155,2026-06-17 04:19:00,2026-06-18 23:10:36.586527,Network,Internet,Low,Closed,Phone,Sales,Manila,Agent 05,165,42.86,4.0,False
INC-00156,2026-05-12 09:29:00,2026-05-13 21:02:11.838197,Software,Operating System,Low,Closed,Phone,Administration,Manila,Agent 07,407,35.55,5.0,False
INC-00157,2026-03-10 11:01:00,,Network,Internet,Medium,In Progress,Portal,Sales,Makati,Agent 08,300,,,False
INC-00158,2026-01-05 04:14:00,,Software,Application,High,Open,Phone,Finance,Manila,Agent 08,126,,,False
INC-00159,2026-06-17 12:18:00,2026-06-18 04:26:17.266899,Software,Browser,High,Resolved,Portal,Administration,Cavite,Agent 02,176,16.14,4.0,True
INC-00160,2026-01-03 00:16:00,2026-01-03 15:34:22.052963,Hardware,Desktop,Medium,Closed,Email,Human Resources,Quezon City,Agent 08,460,15.31,2.0,False
INC-00161,2026-05-16 19:13:00,2026-05-17 16:09:51.556003,Software,Operating System,Medium,Resolved,Phone,Human Resources,Makati,Agent 02,104,20.95,5.0,False
INC-00162,2026-04-20 10:44:00,2026-04-21 04:51:56.459702,Hardware,Laptop,Low,Closed,Email,IT,Laguna,Agent 06,283,18.13,5.0,True
INC-00163,2026-06-15 01:51:00,2026-06-15 19:31:23.138728,Access,Permission,Low,Closed,Portal,Human Resources,Laguna,Agent 05,275,17.67,1.0,False
INC-00164,2026-05-01 02:29:00,2026-05-01 18:04:45.269937,Software,Operating System,High,Resolved,Portal,Operations,Quezon City,Agent 03,77,15.6,4.0,False
INC-00165,2026-01-22 10:34:00,2026-01-23 07:33:49.849065,Software,Operating System,Low,Resolved,Portal,Marketing,Makati,Agent 05,238,21.0,4.0,False
INC-00166,2026-06-06 20:46:00,2026-06-07 16:07:39.761944,Software,Browser,Low,Resolved,Email,Sales,Manila,Agent 08,712,19.36,5.0,False
INC-00167,2026-01-08 11:26:00,2026-01-10 03:20:00.729902,Access,Permission,Low,Closed,Email,Administration,Cavite,Agent 02,308,39.9,4.0,False
INC-00168,2026-05-11 00:05:00,2026-05-11 19:31:34.507792,Network,Wi-Fi,Low,Resolved,Phone,Marketing,Manila,Agent 04,42,19.44,1.0,False
INC-00169,2026-01-20 19:30:00,2026-01-21 14:48:59.424405,Network,Network Access,Low,Resolved,Email,IT,Cavite,Agent 05,544,19.32,2.0,False
INC-00170,2026-03-16 19:14:00,2026-03-18 11:34:04.018833,Software,Application,Low,Closed,Portal,Finance,Cavite,Agent 04,667,40.33,5.0,False
INC-00171,2026-03-27 00:02:00,2026-03-27 08:00:04.558455,Software,Microsoft 365,High,Closed,Email,Marketing,Cavite,Agent 01,198,7.97,2.0,False
INC-00172,2026-06-29 12:42:00,2026-06-29 22:46:29.893602,Network,Internet,Low,Resolved,Email,Administration,Quezon City,Agent 07,116,10.07,4.0,False
INC-00173,2026-04-26 09:16:00,2026-04-26 21:07:02.705108,Software,Application,High,Resolved,Chat,Sales,Cavite,Agent 06,209,11.85,3.0,False
INC-00174,2026-06-25 10:23:00,,Access,System Access,Low,In Progress,Email,Finance,Manila,Agent 03,647,,,True
INC-00175,2026-01-08 13:48:00,,Network,Wi-Fi,Medium,In Progress,Email,Operations,Cavite,Agent 03,403,,,False
INC-00176,2026-02-20 13:40:00,2026-02-22 05:52:41.265365,Hardware,Desktop,Low,Resolved,Email,Administration,Makati,Agent 03,675,40.21,3.0,False
INC-00177,2026-04-29 01:43:00,2026-04-29 13:20:59.833161,Access,Password Reset,High,Resolved,Phone,Operations,Manila,Agent 01,220,11.63,5.0,False
INC-00178,2026-04-16 18:47:00,2026-04-17 18:03:05.286390,Software,Browser,Low,Resolved,Portal,Human Resources,Cavite,Agent 08,119,23.27,5.0,False
INC-00179,2026-05-25 17:08:00,2026-05-25 20:50:59.281280,Hardware,Monitor,Medium,Resolved,Portal,Marketing,Laguna,Agent 06,112,3.72,5.0,False
INC-00180,2026-05-17 01:54:00,2026-05-17 04:24:53.200255,Software,Browser,Critical,Closed,Email,IT,Makati,Agent 05,54,2.51,4.0,False
INC-00181,2026-05-25 06:25:00,,Network,Internet,Medium,In Progress,Portal,Marketing,Quezon City,Agent 03,297,,,False
INC-00182,2026-06-07 06:52:00,2026-06-07 18:36:01.134782,Hardware,Desktop,Medium,Closed,Email,Sales,Manila,Agent 06,387,11.73,2.0,False
INC-00183,2026-03-28 10:18:00,2026-03-29 12:41:34.419733,Software,Microsoft 365,Medium,Resolved,Chat,Sales,Quezon City,Agent 02,394,26.39,5.0,False
INC-00184,2026-02-02 06:03:00,2026-02-03 04:11:09.376882,Access,Account Lockout,Medium,Closed,Phone,Sales,Cavite,Agent 05,220,22.14,3.0,False
INC-00185,2026-06-12 03:01:00,,Security,Malware Alert,Low,In Progress,Email,Operations,Cavite,Agent 03,716,,,False
INC-00186,2026-01-13 13:10:00,2026-01-14 02:53:57.592806,Software,Browser,Medium,Resolved,Portal,Administration,Manila,Agent 01,105,13.73,4.0,False
INC-00187,2026-01-06 10:52:00,2026-01-08 07:59:41.417937,Network,VPN,Low,Resolved,Email,Administration,Manila,Agent 05,137,45.13,5.0,False
INC-00188,2026-02-10 01:49:00,2026-02-11 01:56:09.286192,Security,Security Policy,Medium,Resolved,Portal,IT,Makati,Agent 07,117,24.12,3.0,True
INC-00189,2026-06-19 21:20:00,2026-06-20 11:05:29.810944,Network,Network Access,Low,Closed,Portal,Sales,Manila,Agent 05,234,13.76,4.0,False
INC-00190,2026-04-05 06:22:00,2026-04-05 23:45:25.721615,Software,Application,Low,Resolved,Portal,Human Resources,Cavite,Agent 07,299,17.39,4.0,True
INC-00191,2026-05-14 14:17:00,,Software,Operating System,Critical,Open,Portal,Marketing,Manila,Agent 07,35,,,False
INC-00192,2026-01-31 15:19:00,2026-02-01 06:43:40.339489,Hardware,Laptop,Medium,Resolved,Chat,Administration,Quezon City,Agent 03,128,15.41,5.0,False
INC-00193,2026-04-10 18:59:00,2026-04-12 00:06:30.829194,Access,Permission,Low,Resolved,Phone,Administration,Manila,Agent 02,363,29.13,4.0,False
INC-00194,2026-03-15 18:16:00,,Software,Browser,Medium,In Progress,Portal,Finance,Manila,Agent 02,155,,,False
INC-00195,2026-01-10 13:30:00,,Network,Internet,Low,In Progress,Portal,Marketing,Quezon City,Agent 07,369,,,False
INC-00196,2026-05-06 23:45:00,2026-05-08 17:44:19.517072,Security,Suspicious Login,Low,Closed,Phone,Operations,Cavite,Agent 05,263,41.99,2.0,False
INC-00197,2026-05-12 05:25:00,2026-05-12 11:01:22.187833,Access,System Access,Medium,Resolved,Phone,Administration,Cavite,Agent 01,226,5.61,5.0,False
INC-00198,2026-06-12 04:13:00,2026-06-13 12:34:18.327492,Software,Application,Medium,Closed,Email,Administration,Laguna,Agent 07,210,32.36,4.0,False
INC-00199,2026-02-26 22:05:00,2026-02-28 03:42:39.372310,Software,Microsoft 365,Low,Resolved,Portal,Human Resources,Quezon City,Agent 04,241,29.63,4.0,True
INC-00200,2026-04-07 11:54:00,2026-04-09 08:02:05.872036,Hardware,Laptop,Low,Resolved,Portal,Operations,Cavite,Agent 07,253,44.13,4.0,False
INC-00201,2026-06-13 11:05:00,,Software,Application,Low,In Progress,Email,Finance,Cavite,Agent 05,297,,,False
INC-00202,2026-06-19 10:54:00,2026-06-19 20:28:41.320023,Hardware,Desktop,High,Closed,Phone,Administration,Quezon City,Agent 07,137,9.58,5.0,False
INC-00203,2026-02-13 22:26:00,,Hardware,Desktop,Medium,In Progress,Portal,Sales,Cavite,Agent 05,170,,,False
INC-00204,2026-04-01 07:37:00,2026-04-01 19:44:56.919576,Software,Browser,High,Closed,Chat,IT,Manila,Agent 04,211,12.13,2.0,False
INC-00205,2026-04-16 01:50:00,,Network,Internet,Medium,In Progress,Email,Finance,Laguna,Agent 05,90,,,False
INC-00206,2026-03-27 21:32:00,,Network,Network Access,Low,Open,Chat,Human Resources,Manila,Agent 08,350,,,False
INC-00207,2026-06-07 14:48:00,2026-06-08 11:15:46.903737,Hardware,Desktop,Medium,Closed,Email,Administration,Manila,Agent 03,239,20.46,5.0,False
INC-00208,2026-03-21 04:24:00,2026-03-21 12:04:32.995921,Network,Internet,Medium,Resolved,Portal,Human Resources,Makati,Agent 06,321,7.68,4.0,False
INC-00209,2026-04-14 00:39:00,2026-04-15 08:30:33.133443,Software,Browser,Low,Resolved,Chat,Operations,Makati,Agent 03,164,31.86,1.0,False
INC-00210,2026-06-26 03:57:00,2026-06-26 10:46:26.469044,Software,Microsoft 365,Medium,Resolved,Email,Finance,Manila,Agent 01,83,6.82,4.0,False
INC-00211,2026-03-14 03:53:00,2026-03-15 07:00:48.476861,Network,Wi-Fi,Medium,Closed,Phone,Sales,Manila,Agent 02,121,27.13,4.0,False
INC-00212,2026-06-21 03:02:00,,Network,VPN,Medium,In Progress,Portal,Human Resources,Manila,Agent 01,362,,,False
INC-00213,2026-03-17 09:00:00,2026-03-18 03:42:46.410927,Access,Password Reset,Medium,Resolved,Email,Operations,Makati,Agent 08,436,18.71,2.0,False
INC-00214,2026-04-23 21:13:00,2026-04-24 18:11:25.525599,Access,Password Reset,High,Resolved,Portal,Human Resources,Cavite,Agent 06,218,20.97,4.0,False
INC-00215,2026-04-17 20:09:00,2026-04-19 12:28:15.115013,Access,Account Lockout,Low,Resolved,Portal,Finance,Makati,Agent 02,612,40.32,5.0,False
INC-00216,2026-01-17 08:55:00,2026-01-17 23:10:15.770218,Access,System Access,High,Closed,Email,Sales,Laguna,Agent 01,232,14.25,4.0,False
INC-00217,2026-02-08 19:03:00,,Network,Internet,Medium,In Progress,Phone,Sales,Cavite,Agent 07,47,,,False
INC-00218,2026-03-03 11:17:00,,Network,Network Access,High,Open,Chat,Finance,Laguna,Agent 06,67,,,False
INC-00219,2026-05-08 15:15:00,2026-05-09 06:57:17.734037,Software,Browser,Low,Resolved,Portal,Marketing,Laguna,Agent 02,539,15.7,2.0,False
INC-00220,2026-04-04 01:51:00,2026-04-04 11:15:27.556472,Network,Wi-Fi,High,Closed,Portal,IT,Laguna,Agent 06,153,9.41,2.0,False
INC-00221,2026-06-29 03:37:00,2026-06-29 08:08:55.234233,Hardware,Printer,High,Resolved,Chat,Operations,Quezon City,Agent 06,45,4.53,4.0,False
INC-00222,2026-04-26 15:36:00,2026-04-28 03:05:48.335949,Access,Permission,Low,Closed,Portal,IT,Quezon City,Agent 02,546,35.5,4.0,False
INC-00223,2026-04-10 22:26:00,2026-04-11 21:43:38.941608,Security,Malware Alert,Medium,Closed,Email,Administration,Makati,Agent 02,278,23.29,4.0,False
INC-00224,2026-06-29 18:41:00,,Software,Browser,Low,In Progress,Portal,IT,Quezon City,Agent 05,596,,,False
INC-00225,2026-01-30 12:01:00,2026-01-31 00:51:35.876633,Network,Wi-Fi,High,Closed,Email,IT,Makati,Agent 06,180,12.84,4.0,True
INC-00226,2026-03-15 23:19:00,2026-03-16 12:15:02.549590,Hardware,Monitor,Low,Resolved,Portal,Human Resources,Cavite,Agent 03,93,12.93,4.0,False
INC-00227,2026-06-27 22:40:00,2026-06-28 04:51:36.948877,Network,VPN,Medium,Resolved,Portal,Human Resources,Quezon City,Agent 05,218,6.19,5.0,False
INC-00228,2026-02-19 10:02:00,2026-02-19 16:19:04.071517,Software,Browser,High,Resolved,Phone,IT,Cavite,Agent 04,54,6.28,3.0,False
INC-00229,2026-06-10 21:00:00,,Hardware,Monitor,Medium,In Progress,Email,Human Resources,Cavite,,271,,,False
INC-00230,2026-04-17 18:32:00,2026-04-18 08:26:03.346422,Hardware,Printer,Medium,Closed,Chat,Marketing,Manila,Agent 03,198,13.9,4.0,False
INC-00231,2026-01-11 23:17:00,,Network,Internet,Low,In Progress,Portal,Human Resources,Quezon City,Agent 04,420,,,False
INC-00232,2026-05-05 01:29:00,2026-05-05 20:31:12.612504,Access,Password Reset,High,Resolved,Phone,Operations,Quezon City,Agent 08,92,19.04,4.0,False
INC-00233,2026-06-15 02:27:00,2026-06-15 08:10:53.506304,Hardware,Desktop,High,Closed,Portal,Finance,Makati,Agent 07,127,5.73,2.0,False
INC-00234,2026-04-10 22:58:00,2026-04-12 03:23:57.287641,Access,System Access,Medium,Resolved,Portal,Sales,Cavite,Agent 01,348,28.43,4.0,False
INC-00235,2026-06-19 01:03:00,2026-06-20 04:53:04.400533,Software,Application,Medium,Resolved,Email,Sales,Laguna,Agent 07,132,27.83,3.0,False
INC-00236,2026-02-01 01:25:00,2026-02-01 17:27:42.684964,Security,Suspicious Login,High,Resolved,Email,Administration,Quezon City,Agent 03,147,16.05,4.0,False
INC-00237,2026-01-30 06:11:00,2026-01-31 15:34:05.517731,Network,VPN,Low,Closed,Email,Administration,Cavite,Agent 04,610,33.38,2.0,False
INC-00238,2026-06-08 02:22:00,,Software,Application,Medium,In Progress,Portal,Human Resources,Manila,Agent 05,268,,,False
INC-00239,2026-01-02 10:41:00,2026-01-03 18:26:47.490137,Software,Browser,Medium,Resolved,Portal,Operations,Laguna,Agent 03,384,31.76,5.0,False
INC-00240,2026-03-13 04:46:00,,Software,Application,Medium,In Progress,Email,IT,Quezon City,Agent 02,154,,,True
INC-00241,2026-06-01 07:15:00,,Hardware,Laptop,High,In Progress,Portal,Administration,Quezon City,Agent 07,149,,,False
INC-00242,2026-04-29 17:06:00,2026-04-30 22:07:29.304107,Access,Permission,Medium,Resolved,Chat,Marketing,Cavite,Agent 03,206,29.02,3.0,False
INC-00243,2026-04-02 01:22:00,2026-04-02 05:54:29.201224,Software,Browser,Medium,Resolved,Portal,Administration,Makati,Agent 08,138,4.54,4.0,False
INC-00244,2026-03-09 19:45:00,2026-03-10 18:01:13.146435,Software,Microsoft 365,Low,Closed,Portal,Finance,Quezon City,Agent 05,208,22.27,4.0,False
INC-00245,2026-05-09 04:44:00,2026-05-09 10:20:13.513220,Network,Wi-Fi,High,Resolved,Portal,Administration,Laguna,Agent 01,141,5.6,5.0,False
INC-00246,2026-06-01 05:30:00,2026-06-02 00:11:41.095743,Software,Application,Medium,Closed,Portal,Sales,Laguna,Agent 04,31,18.69,5.0,True
INC-00247,2026-01-22 07:23:00,2026-01-23 04:01:44.059339,Hardware,Desktop,Medium,Resolved,Portal,Marketing,Manila,Agent 05,464,20.65,5.0,False
INC-00248,2026-02-28 12:54:00,2026-03-01 04:59:35.134522,Network,VPN,Medium,Resolved,Portal,Sales,Quezon City,Agent 02,28,16.09,2.0,False
INC-00249,2026-05-04 22:30:00,2026-05-05 14:02:41.599312,Network,Internet,High,Resolved,Portal,Administration,Manila,Agent 02,221,15.54,4.0,True
INC-00250,2026-05-31 23:46:00,2026-06-01 02:59:00.507601,Network,VPN,High,Closed,Portal,Administration,Laguna,Agent 06,75,3.22,4.0,False
INC-00251,2026-06-26 10:46:00,2026-06-26 20:59:40.022213,Hardware,Laptop,Medium,Resolved,Email,Finance,Laguna,Agent 04,99,10.23,4.0,False
INC-00252,2026-05-24 18:56:00,2026-05-26 01:58:41.887543,Software,Browser,Medium,Resolved,Phone,Sales,Makati,Agent 06,315,31.04,4.0,False
INC-00253,2026-02-11 13:16:00,,Hardware,Desktop,Medium,Open,Phone,Administration,Quezon City,Agent 01,431,,,False
INC-00254,2026-04-09 13:40:00,2026-04-10 03:41:35.878527,Network,Internet,Low,Closed,Email,Finance,Quezon City,Agent 01,563,14.03,1.0,False
INC-00255,2026-06-07 05:47:00,2026-06-09 11:17:46.961197,Security,Suspicious Login,Low,Closed,Phone,Marketing,Quezon City,Agent 04,398,53.51,4.0,False
INC-00256,2026-05-24 19:53:00,2026-05-25 10:50:53.055437,Hardware,Laptop,Medium,Resolved,Email,Finance,Quezon City,Agent 05,135,14.96,4.0,False
INC-00257,2026-06-27 15:06:00,,Network,Wi-Fi,High,Open,Phone,Operations,Quezon City,Agent 05,207,,,False
INC-00258,2026-01-30 08:48:00,2026-01-31 04:48:37.271497,Security,Security Policy,Medium,Resolved,Chat,Administration,Manila,Agent 08,423,20.01,5.0,False
INC-00259,2026-05-02 10:42:00,2026-05-02 20:06:25.186681,Software,Operating System,Medium,Resolved,Phone,Finance,Quezon City,Agent 03,157,9.41,3.0,False
INC-00260,2026-05-19 01:26:00,,Software,Application,Low,In Progress,Email,Finance,Laguna,Agent 01,410,,,False
INC-00261,2026-02-26 19:41:00,2026-02-27 04:46:39.540350,Access,Permission,Medium,Resolved,Chat,Marketing,Cavite,Agent 07,429,9.09,5.0,False
INC-00262,2026-05-29 03:26:00,2026-05-30 17:37:02.099103,Hardware,Monitor,Low,Resolved,Email,IT,Makati,Agent 07,657,38.18,4.0,False
INC-00263,2026-05-28 23:24:00,2026-05-30 07:42:58.632325,Hardware,Printer,Medium,Resolved,Portal,Sales,Makati,Agent 03,389,32.32,5.0,False
INC-00264,2026-05-05 10:14:00,2026-05-05 13:42:27.797834,Hardware,Monitor,Medium,Resolved,Chat,Administration,Quezon City,Agent 06,44,3.47,4.0,False
INC-00265,2026-01-06 14:03:00,2026-01-07 08:40:52.953760,Software,Application,Medium,Resolved,Portal,Administration,Cavite,Agent 06,121,18.63,4.0,False
INC-00266,2026-02-12 21:51:00,2026-02-13 02:26:54.676925,Access,System Access,High,Closed,Portal,Operations,Laguna,Agent 03,171,4.6,3.0,False
INC-00267,2026-04-16 05:42:00,2026-04-17 11:22:21.658018,Software,Application,Medium,Resolved,Portal,Sales,Cavite,Agent 08,84,29.67,3.0,True
INC-00268,2026-01-27 08:57:00,2026-01-27 23:02:28.196617,Hardware,Monitor,Medium,Closed,Email,Sales,Quezon City,Agent 02,355,14.09,3.0,False
INC-00269,2026-05-21 15:11:00,2026-05-22 09:43:09.503739,Hardware,Printer,High,Resolved,Portal,Sales,Laguna,Agent 05,161,18.54,4.0,False
INC-00270,2026-04-16 08:52:00,2026-04-16 23:48:24.266527,Access,System Access,Medium,Resolved,Phone,Sales,Cavite,Agent 06,20,14.94,5.0,False
INC-00271,2026-02-18 14:03:00,,Hardware,Monitor,Medium,In Progress,Portal,Administration,Manila,Agent 06,222,,,False
INC-00272,2026-03-14 22:08:00,2026-03-15 13:36:26.628843,Network,Network Access,Low,Closed,Email,IT,Makati,Agent 05,305,15.47,3.0,False
INC-00273,2026-03-14 09:11:00,2026-03-14 23:17:56.620409,Hardware,Laptop,Low,Resolved,Chat,Finance,Makati,Agent 02,478,14.12,5.0,False
INC-00274,2026-04-11 02:26:00,2026-04-12 21:36:36.719894,Software,Microsoft 365,Low,Closed,Phone,Human Resources,Manila,Agent 05,215,43.18,3.0,False
INC-00275,2026-05-02 13:16:00,2026-05-04 06:34:56.060102,Software,Microsoft 365,Low,Closed,Phone,Finance,Quezon City,Agent 04,349,41.32,4.0,False
INC-00276,2026-03-25 00:30:00,2026-03-25 02:24:05.582248,Software,Microsoft 365,High,Resolved,Email,Finance,Makati,Agent 07,40,1.9,4.0,False
INC-00277,2026-06-10 02:02:00,2026-06-12 03:56:26.810067,Software,Microsoft 365,Low,Resolved,Portal,IT,Quezon City,Agent 06,690,49.91,5.0,False
INC-00278,2026-03-06 01:20:00,2026-03-06 12:56:12.597301,Access,System Access,Medium,Resolved,Email,Sales,Cavite,Agent 03,306,11.6,5.0,False
INC-00279,2026-04-27 00:01:00,2026-04-29 03:45:53.600891,Access,Account Lockout,Low,Closed,Email,Operations,Cavite,Agent 06,548,51.75,4.0,True
INC-00280,2026-06-06 09:39:00,2026-06-07 23:09:02.009290,Security,Security Policy,Low,Resolved,Portal,Administration,Quezon City,Agent 03,686,37.5,5.0,False
INC-00281,2026-01-13 12:30:00,2026-01-14 14:48:16.751037,Software,Microsoft 365,Low,Resolved,Portal,Sales,Laguna,Agent 05,102,26.3,2.0,False
INC-00282,2026-05-16 01:23:00,2026-05-16 12:16:14.646238,Security,Security Policy,High,Closed,Phone,Finance,Quezon City,Agent 05,65,10.89,4.0,False
INC-00283,2026-06-22 15:39:00,2026-06-23 16:27:56.394710,Network,VPN,Medium,Closed,Portal,IT,Manila,Agent 06,472,24.82,4.0,False
INC-00284,2026-06-12 14:41:00,,Security,Suspicious Login,Medium,In Progress,Chat,Administration,Cavite,Agent 07,331,,,False
INC-00285,2026-03-14 20:20:00,2026-03-15 11:41:04.971844,Software,Application,Medium,Resolved,Portal,Sales,Manila,,475,15.35,5.0,False
INC-00286,2026-04-04 19:52:00,2026-04-06 04:58:32.673611,Software,Browser,Low,Resolved,Portal,Human Resources,Makati,Agent 05,292,33.11,4.0,False
INC-00287,2026-01-21 01:54:00,,Software,Microsoft 365,Medium,Open,Portal,IT,Quezon City,Agent 07,198,,,False
INC-00288,2026-03-20 17:53:00,2026-03-21 06:26:11.225051,Access,Account Lockout,Medium,Resolved,Phone,Finance,Laguna,Agent 01,309,12.55,4.0,False
INC-00289,2026-03-28 02:49:00,2026-03-28 10:03:49.080325,Network,Internet,Low,Resolved,Email,Sales,Makati,Agent 03,80,7.25,3.0,False
INC-00290,2026-01-19 09:05:00,2026-01-20 04:14:37.966277,Software,Browser,Medium,Closed,Chat,Marketing,Makati,Agent 04,370,19.16,4.0,False
INC-00291,2026-04-23 01:31:00,,Access,Account Lockout,Critical,Open,Portal,Administration,Laguna,Agent 03,52,,,True
INC-00292,2026-01-04 11:43:00,2026-01-04 17:08:47.087869,Access,Password Reset,Low,Closed,Email,Marketing,Makati,Agent 05,143,5.43,4.0,False
INC-00293,2026-03-07 05:48:00,2026-03-08 03:21:01.909441,Software,Browser,Medium,Resolved,Portal,Sales,Quezon City,Agent 01,424,21.55,4.0,False
INC-00294,2026-04-08 17:21:00,,Access,Permission,High,Open,Email,Administration,Laguna,Agent 04,134,,,False
INC-00295,2026-03-27 16:43:00,2026-03-28 02:58:02.856491,Hardware,Monitor,Medium,Resolved,Phone,Finance,Makati,Agent 05,29,10.25,3.0,True
INC-00296,2026-02-27 05:10:00,2026-02-27 18:16:53.678484,Software,Operating System,High,Resolved,Phone,Finance,Quezon City,Agent 05,45,13.11,5.0,False
INC-00297,2026-02-22 22:16:00,2026-02-23 03:04:34.172990,Network,Network Access,Critical,Resolved,Chat,Operations,Laguna,Agent 03,30,4.81,3.0,False
INC-00298,2026-05-23 18:11:00,,Security,Malware Alert,Medium,Open,Portal,Human Resources,Cavite,Agent 02,114,,,False
INC-00299,2026-02-18 03:38:00,2026-02-18 10:56:27.414970,Access,System Access,High,Resolved,Portal,IT,Cavite,Agent 03,166,7.31,5.0,False
INC-00300,2026-04-10 16:46:00,2026-04-11 16:50:42.364926,Network,Network Access,Low,Resolved,Phone,Sales,Cavite,Agent 03,197,24.08,3.0,False
INC-00301,2026-06-26 11:05:00,,Hardware,Desktop,Low,In Progress,Chat,Sales,Quezon City,Agent 08,282,,,False
INC-00302,2026-05-14 03:43:00,2026-05-15 17:03:51.919203,Access,Permission,Medium,Resolved,Chat,Marketing,Quezon City,Agent 01,469,37.35,5.0,False
INC-00303,2026-02-12 14:25:00,2026-02-13 16:22:12.997428,Hardware,Monitor,Medium,Resolved,Portal,Administration,Cavite,Agent 08,373,25.95,3.0,False
INC-00304,2026-06-01 06:53:00,,Access,Account Lockout,Medium,In Progress,Portal,Finance,Makati,Agent 08,148,,,False
INC-00305,2026-05-15 13:06:00,2026-05-17 01:37:57.278657,Access,Password Reset,Low,Closed,Phone,IT,Cavite,Agent 02,553,36.53,5.0,False
INC-00306,2026-04-25 09:51:00,2026-04-25 14:30:45.048007,Hardware,Desktop,Low,Closed,Phone,Sales,Cavite,Agent 05,150,4.66,4.0,False
INC-00307,2026-04-24 02:42:00,2026-04-24 18:05:35.502476,Network,Network Access,Low,Closed,Portal,Sales,Laguna,Agent 07,36,15.39,3.0,True
INC-00308,2026-03-26 02:59:00,2026-03-26 14:44:43.046137,Software,Browser,High,Resolved,Portal,Administration,Quezon City,Agent 05,51,11.76,3.0,False
INC-00309,2026-04-20 18:47:00,2026-04-21 20:27:36.932065,Network,Internet,Low,Resolved,Email,Operations,Laguna,Agent 02,512,25.68,2.0,False
INC-00310,2026-06-05 10:48:00,2026-06-06 07:50:43.839017,Security,Phishing,Medium,Resolved,Portal,Administration,Cavite,Agent 07,339,21.05,5.0,False
INC-00311,2026-02-23 21:00:00,,Software,Application,Critical,Open,Email,Finance,Laguna,Agent 02,49,,,False
INC-00312,2026-03-18 17:17:00,2026-03-19 16:35:27.009509,Network,Internet,Medium,Closed,Portal,Operations,Manila,Agent 05,78,23.31,3.0,False
INC-00313,2026-02-09 21:24:00,2026-02-10 12:28:42.832708,Software,Operating System,High,Resolved,Phone,IT,Makati,Agent 08,95,15.08,3.0,False
INC-00314,2026-02-08 09:34:00,,Software,Microsoft 365,Low,In Progress,Portal,Administration,Cavite,Agent 02,377,,,False
INC-00315,2026-01-09 09:16:00,2026-01-10 17:01:15.688184,Network,Network Access,Low,Resolved,Email,Administration,Cavite,Agent 06,538,31.75,2.0,False
INC-00316,2026-02-18 11:36:00,,Access,Password Reset,Medium,Open,Email,Sales,Quezon City,Agent 03,178,,,True
INC-00317,2026-01-02 10:36:00,,Access,Account Lockout,Low,Open,Email,Sales,Quezon City,Agent 02,638,,,False
INC-00318,2026-02-21 06:34:00,2026-02-23 01:01:18.141348,Hardware,Printer,Low,Resolved,Phone,IT,Makati,Agent 06,575,42.46,5.0,False
INC-00319,2026-02-13 02:25:00,2026-02-13 22:00:04.794448,Hardware,Printer,Medium,Resolved,Email,IT,Cavite,Agent 04,296,19.58,2.0,False
INC-00320,2026-04-30 19:22:00,2026-05-01 18:06:46.540177,Hardware,Monitor,Medium,Resolved,Portal,Administration,Makati,Agent 02,69,22.75,3.0,False
INC-00321,2026-04-27 16:38:00,2026-04-27 23:52:11.681277,Network,Wi-Fi,Medium,Resolved,Portal,IT,Cavite,Agent 06,77,7.24,3.0,False
INC-00322,2026-04-13 20:09:00,2026-04-16 06:01:56.470690,Access,Password Reset,Low,Resolved,Portal,Administration,Cavite,Agent 08,665,57.88,4.0,False
INC-00323,2026-01-30 20:12:00,2026-02-01 05:59:14.231802,Software,Application,Medium,Closed,Email,IT,Manila,Agent 08,304,33.79,5.0,False
INC-00324,2026-02-07 22:33:00,2026-02-08 08:02:27.595147,Software,Operating System,Medium,Resolved,Email,Human Resources,Makati,Agent 01,169,9.49,4.0,False
INC-00325,2026-06-06 17:25:00,2026-06-07 17:56:03.608261,Software,Operating System,Medium,Resolved,Chat,Finance,Quezon City,Agent 01,456,24.52,5.0,False
INC-00326,2026-04-14 13:01:00,2026-04-15 01:30:49.804158,Access,Password Reset,Low,Resolved,Phone,Sales,Cavite,Agent 07,246,12.5,4.0,False
INC-00327,2026-06-18 14:54:00,,Access,Account Lockout,Low,Open,Email,Finance,Makati,Agent 08,169,,,False
INC-00328,2026-04-09 12:07:00,2026-04-10 15:47:47.356878,Access,System Access,Medium,Resolved,Portal,Sales,Quezon City,Agent 08,329,27.68,5.0,False
INC-00329,2026-06-26 02:43:00,2026-06-26 13:38:07.692443,Hardware,Laptop,Medium,Resolved,Phone,Finance,Quezon City,Agent 08,459,10.92,4.0,False
INC-00330,2026-03-29 18:15:00,2026-03-30 09:03:50.060465,Security,Phishing,Medium,Closed,Portal,Marketing,Cavite,Agent 01,252,14.81,3.0,False
INC-00331,2026-05-27 01:45:00,2026-05-28 00:02:28.963646,Network,Wi-Fi,Medium,Closed,Portal,Finance,Laguna,Agent 03,434,22.29,5.0,False
INC-00332,2026-06-01 05:09:00,2026-06-01 09:42:50.979024,Network,Wi-Fi,High,Closed,Email,Finance,Quezon City,Agent 03,54,4.56,1.0,False
INC-00333,2026-06-19 15:01:00,2026-06-20 08:28:30.453596,Security,Malware Alert,High,Closed,Phone,Sales,Laguna,Agent 04,157,17.46,4.0,False
INC-00334,2026-05-16 14:50:00,2026-05-17 15:13:12.286859,Software,Browser,Medium,Resolved,Phone,Sales,Cavite,Agent 03,215,24.39,4.0,False
INC-00335,2026-04-29 23:02:00,2026-05-01 12:55:04.104536,Software,Application,Low,Closed,Email,Finance,Cavite,Agent 07,718,37.88,1.0,True
INC-00336,2026-03-14 08:35:00,2026-03-16 06:39:16.505456,Hardware,Monitor,Low,Resolved,Email,Sales,Cavite,Agent 04,54,46.07,4.0,False
INC-00337,2026-01-29 23:44:00,2026-01-31 07:48:29.398804,Hardware,Desktop,Medium,Resolved,Phone,IT,Quezon City,Agent 03,259,32.07,5.0,False
INC-00338,2026-03-27 02:03:00,2026-03-28 07:49:44.409535,Software,Browser,Medium,Resolved,Email,Finance,Laguna,Agent 07,111,29.78,4.0,True
INC-00339,2026-01-09 02:29:00,2026-01-09 14:45:00.386356,Access,Account Lockout,Medium,Resolved,Email,Sales,Cavite,Agent 02,417,12.27,4.0,False
INC-00340,2026-04-22 13:47:00,,Network,Network Access,Medium,In Progress,Portal,Administration,Laguna,Agent 08,296,,,False
INC-00341,2026-04-13 01:53:00,2026-04-15 06:40:13.448172,Network,Network Access,Low,Closed,Portal,Operations,Cavite,Agent 05,692,52.79,3.0,False
INC-00342,2026-05-05 02:53:00,,Network,Network Access,Medium,In Progress,Email,Sales,Manila,Agent 06,396,,,True
INC-00343,2026-05-17 15:20:00,,Hardware,Desktop,Medium,Open,Email,Marketing,Cavite,Agent 08,38,,,False
INC-00344,2026-06-23 18:18:00,2026-06-25 16:30:52.130234,Access,System Access,Low,Resolved,Phone,IT,Quezon City,Agent 08,623,46.21,4.0,False
INC-00345,2026-06-06 05:49:00,,Network,Internet,Low,In Progress,Email,Operations,Manila,Agent 08,95,,,False
INC-00346,2026-01-31 23:21:00,2026-02-02 15:20:16.137320,Network,VPN,Low,Closed,Email,Operations,Laguna,Agent 06,170,39.99,3.0,False
INC-00347,2026-06-11 20:54:00,2026-06-11 22:34:34.185065,Network,VPN,Medium,Resolved,Chat,Finance,Makati,Agent 02,28,1.68,4.0,False
INC-00348,2026-04-16 08:09:00,,Network,Network Access,Medium,Open,Email,IT,Cavite,Agent 08,374,,,False
INC-00349,2026-05-23 08:02:00,2026-05-24 14:47:00.053610,Software,Microsoft 365,Medium,Resolved,Phone,Operations,Laguna,Agent 01,68,30.75,4.0,False
INC-00350,2026-02-10 22:52:00,,Hardware,Laptop,Medium,Open,Portal,Sales,Laguna,Agent 03,350,,,False
INC-00351,2026-01-08 16:33:00,2026-01-09 23:30:52.223271,Software,Operating System,Low,Resolved,Phone,Marketing,Makati,Agent 03,102,30.96,4.0,False
INC-00352,2026-01-19 16:04:00,2026-01-20 05:25:36.950841,Software,Microsoft 365,Low,Closed,Portal,Human Resources,Laguna,Agent 04,85,13.36,4.0,False
INC-00353,2026-03-13 04:39:00,2026-03-15 02:03:32.234951,Software,Application,Low,Resolved,Email,IT,Quezon City,Agent 01,-10,45.41,5.0,False
INC-00354,2026-04-29 09:31:00,2026-04-30 06:43:00.887110,Access,Account Lockout,Low,Resolved,Chat,Sales,Makati,Agent 08,468,21.2,5.0,False
INC-00355,2026-04-19 18:07:00,2026-04-19 22:06:04.644450,Access,System Access,Critical,Resolved,Email,Sales,Quezon City,Agent 01,35,3.98,3.0,False
INC-00356,2026-04-27 15:49:00,2026-04-29 06:03:59.894393,Software,Microsoft 365,Low,Closed,Portal,Human Resources,Laguna,Agent 01,445,38.25,4.0,False
INC-00357,2026-06-25 02:45:00,2026-06-26 05:54:53.769712,Network,Wi-Fi,Medium,Closed,Email,Marketing,Quezon City,Agent 04,396,27.16,4.0,False
INC-00358,2026-03-27 08:08:00,2026-03-28 09:54:56.873457,Software,Browser,Medium,Closed,Phone,Marketing,Makati,Agent 03,264,25.78,4.0,False
INC-00359,2026-05-09 17:58:00,,Network,Network Access,Low,In Progress,Email,Operations,Laguna,Agent 08,511,,,False
INC-00360,2026-04-28 02:58:00,2026-04-28 09:59:55.366221,Software,Application,Medium,Resolved,Chat,Administration,Manila,Agent 04,167,7.03,3.0,False
INC-00361,2026-04-18 15:09:00,2026-04-19 07:13:41.693673,Hardware,Monitor,High,Closed,Portal,Human Resources,Laguna,Agent 06,58,16.08,4.0,False
INC-00362,2026-04-28 10:22:00,2026-04-28 23:56:06.601852,Network,Wi-Fi,Medium,Closed,Portal,Marketing,Quezon City,Agent 08,107,13.57,3.0,False
INC-00363,2026-03-02 03:59:00,2026-03-02 15:34:01.443274,Security,Malware Alert,Medium,Resolved,Email,Human Resources,Makati,Agent 03,314,11.58,4.0,False
INC-00364,2026-02-07 15:38:00,,Software,Browser,Medium,Open,Email,Finance,Laguna,Agent 08,22,,,False
INC-00365,2026-05-25 15:05:00,2026-05-26 14:37:40.222987,Software,Application,Medium,Resolved,Email,Administration,Quezon City,Agent 03,394,23.54,5.0,False
INC-00366,2026-02-20 00:46:00,2026-02-20 19:18:17.825188,Hardware,Laptop,Medium,Resolved,Email,Marketing,Makati,Agent 05,366,18.54,4.0,True
INC-00367,2026-01-04 09:42:00,2026-01-04 21:28:46.333278,Network,Network Access,Low,Resolved,Chat,Operations,Laguna,Agent 06,345,11.78,5.0,False
INC-00368,2026-02-06 07:05:00,2026-02-06 13:49:54.000292,Access,System Access,Medium,Resolved,Portal,Administration,Quezon City,Agent 02,191,6.75,4.0,False
INC-00369,2026-01-11 10:18:00,,Network,VPN,Low,In Progress,Phone,Operations,Quezon City,Agent 08,341,,,False
INC-00370,2026-06-17 22:43:00,,Access,Account Lockout,Low,In Progress,Chat,Administration,Laguna,Agent 02,457,,,False
INC-00371,2026-05-25 14:53:00,,Hardware,Printer,Medium,In Progress,Chat,Marketing,Cavite,Agent 08,371,,,False
INC-00372,2026-04-29 23:39:00,2026-04-30 07:41:47.012355,Access,Password Reset,High,Resolved,Email,Finance,Makati,Agent 06,79,8.05,4.0,False
INC-00373,2026-03-22 23:22:00,2026-03-23 23:21:16.869369,Network,VPN,Medium,Closed,Portal,Human Resources,Quezon City,Agent 06,370,23.99,4.0,False
INC-00374,2026-02-18 19:04:00,2026-02-19 05:18:12.814218,Software,Application,High,Closed,Email,Human Resources,Makati,Agent 04,146,10.24,2.0,True
INC-00375,2026-02-14 10:23:00,2026-02-15 22:33:00.609270,Hardware,Printer,Low,Resolved,Portal,Administration,Laguna,Agent 06,151,36.17,4.0,False
INC-00376,2026-01-09 22:31:00,2026-01-10 12:35:51.822088,Hardware,Laptop,Medium,Resolved,Phone,Finance,Makati,Agent 02,260,14.08,3.0,False
INC-00377,2026-05-29 11:52:00,2026-05-30 10:01:25.809671,Network,VPN,Low,Resolved,Portal,Finance,Makati,Agent 05,542,22.16,1.0,False
INC-00378,2026-05-10 16:12:00,2026-05-11 13:04:08.517834,Hardware,Printer,Low,Resolved,Phone,Finance,Manila,Agent 04,633,20.87,3.0,False
INC-00379,2026-05-23 01:23:00,2026-05-24 01:02:56.609641,Security,Phishing,Medium,Resolved,Portal,Sales,Cavite,Agent 05,79,23.67,3.0,False
INC-00380,2026-02-15 00:26:00,,Security,Security Policy,Low,Open,Email,Administration,Laguna,Agent 06,533,,,False
INC-00381,2026-02-13 02:12:00,2026-02-14 22:54:31.285367,Network,Internet,Low,Resolved,Portal,IT,Quezon City,Agent 02,233,44.71,4.0,False
INC-00382,2026-06-20 20:35:00,,Access,Permission,Medium,Open,Phone,Sales,Cavite,Agent 08,281,,,False
INC-00383,2026-01-14 02:19:00,2026-01-14 09:35:45.706382,Hardware,Printer,Medium,Resolved,Email,Human Resources,Manila,Agent 02,111,7.28,2.0,False
INC-00384,2026-05-19 11:43:00,2026-05-21 21:00:21.835254,Access,System Access,Low,Closed,Portal,Sales,Quezon City,Agent 05,583,57.29,5.0,False
INC-00385,2026-04-21 04:35:00,2026-04-22 00:17:33.807512,Hardware,Desktop,Medium,Resolved,Chat,Operations,Makati,Agent 08,269,19.71,4.0,False
INC-00386,2026-03-14 10:56:00,2026-03-15 10:10:10.764799,Hardware,Laptop,Medium,Resolved,Portal,Sales,Quezon City,Agent 06,43,23.24,4.0,False
INC-00387,2026-06-15 10:39:00,2026-06-15 19:57:17.931776,Software,Application,Medium,Closed,Email,Human Resources,Makati,Agent 04,464,9.3,5.0,False
INC-00388,2026-05-27 13:19:00,2026-05-29 01:15:47.072525,Access,Permission,Low,Resolved,Portal,Finance,Cavite,Agent 07,130,35.95,4.0,False
INC-00389,2026-03-15 09:03:00,2026-03-17 02:03:49.171233,Software,Operating System,Low,Resolved,Portal,Administration,Manila,Agent 04,617,41.01,4.0,False
INC-00390,2026-04-21 22:38:00,2026-04-22 16:38:37.066396,Network,Network Access,Medium,Closed,Portal,Finance,Cavite,Agent 05,232,18.01,1.0,False
INC-00391,2026-06-13 18:11:00,2026-06-14 06:50:16.403104,Access,System Access,Low,Closed,Chat,IT,Laguna,Agent 05,474,12.65,5.0,False
INC-00392,2026-03-10 09:47:00,2026-03-11 11:19:11.399540,Access,System Access,Low,Closed,Phone,Finance,Makati,,292,25.54,5.0,False
INC-00393,2026-02-04 00:59:00,2026-02-04 09:09:29.059595,Network,Network Access,Medium,Resolved,Chat,Human Resources,Makati,Agent 05,357,8.17,2.0,False
INC-00394,2026-04-12 04:47:00,2026-04-13 00:12:09.493521,Software,Application,High,Resolved,Chat,Sales,Cavite,Agent 02,138,19.42,3.0,False
INC-00395,2026-03-02 14:26:00,2026-03-03 00:37:29.538097,Software,Microsoft 365,Medium,Resolved,Portal,Administration,Quezon City,Agent 07,109,10.19,4.0,False
INC-00396,2026-05-02 12:33:00,,Software,Operating System,Medium,In Progress,Email,Operations,Makati,Agent 06,350,,,False
INC-00397,2026-03-21 21:48:00,,Network,Internet,Medium,Open,Phone,Human Resources,Cavite,Agent 07,435,,,False
INC-00398,2026-01-24 08:02:00,2026-01-25 11:20:07.750024,Software,Operating System,Medium,Resolved,Chat,Sales,Cavite,Agent 05,244,27.3,5.0,False
INC-00399,2026-02-11 23:50:00,2026-02-12 20:03:02.775210,Security,Security Policy,Medium,Resolved,Chat,Operations,Laguna,Agent 02,200,20.22,5.0,False
INC-00400,2026-03-22 19:39:00,2026-03-23 23:39:42.668871,Hardware,Monitor,Medium,Resolved,Email,Sales,Makati,Agent 05,147,28.01,4.0,False
INC-00401,2026-01-22 14:08:00,2026-01-23 09:39:35.069304,Access,Permission,Low,Resolved,Portal,Operations,Cavite,Agent 04,432,19.53,4.0,False
INC-00402,2026-06-03 08:52:00,2026-06-03 18:16:57.428562,Security,Malware Alert,Low,Resolved,Chat,Finance,Laguna,Agent 07,406,9.42,5.0,False
INC-00403,2026-05-07 13:02:00,2026-05-09 04:28:42.855902,Hardware,Desktop,Low,Resolved,Chat,Administration,Cavite,Agent 05,241,39.45,1.0,False
INC-00404,2026-01-03 16:00:00,2026-01-04 07:13:54.558640,Software,Operating System,High,Resolved,Portal,IT,Laguna,Agent 02,111,15.23,2.0,True
INC-00405,2026-01-02 08:39:00,2026-01-03 16:37:25.235412,Software,Browser,Medium,Resolved,Portal,Marketing,Quezon City,Agent 01,174,31.97,3.0,False
INC-00406,2026-03-08 03:59:00,2026-03-09 19:02:59.549694,Security,Security Policy,Low,Resolved,Portal,Marketing,Laguna,Agent 03,160,39.07,4.0,False
INC-00407,2026-05-23 22:26:00,2026-05-24 05:31:39.953934,Software,Application,Medium,Closed,Email,IT,Laguna,Agent 03,47,7.09,4.0,True
INC-00408,2026-04-28 16:49:00,2026-04-29 07:12:18.302617,Access,System Access,Low,Resolved,Portal,IT,Quezon City,Agent 08,181,14.39,5.0,False
INC-00409,2026-04-17 02:37:00,2026-04-18 05:28:29.008800,Network,VPN,Medium,Resolved,Chat,Marketing,Quezon City,Agent 03,366,26.86,4.0,False
INC-00410,2026-06-10 09:11:00,2026-06-11 16:23:43.620143,Access,Account Lockout,Low,Closed,Portal,IT,Laguna,Agent 08,35,31.21,5.0,False
INC-00411,2026-05-21 20:33:00,2026-05-21 23:31:38.863384,Hardware,Laptop,High,Resolved,Email,Administration,Manila,Agent 02,55,2.98,3.0,False
INC-00412,2026-04-02 22:42:00,2026-04-04 03:57:25.263911,Software,Browser,Low,Resolved,Portal,Sales,Cavite,Agent 03,406,29.26,2.0,False
INC-00413,2026-04-29 23:05:00,2026-04-30 07:04:06.478634,Software,Browser,Medium,Resolved,Portal,Finance,Quezon City,Agent 06,273,7.99,5.0,False
INC-00414,2026-05-22 02:36:00,,Security,Suspicious Login,High,In Progress,Portal,Operations,Quezon City,Agent 01,140,,,False
INC-00415,2026-01-30 22:34:00,2026-02-01 08:30:33.258241,Software,Application,Medium,Resolved,Portal,Administration,Quezon City,Agent 01,451,33.94,4.0,False
INC-00416,2026-02-17 02:40:00,2026-02-18 11:25:17.101255,Network,Wi-Fi,Low,Closed,Chat,Administration,Makati,Agent 04,648,32.75,4.0,False
INC-00417,2026-03-19 02:59:00,2026-03-20 13:44:02.972384,Software,Operating System,Low,Resolved,Phone,Marketing,Cavite,Agent 07,44,34.75,3.0,False
INC-00418,2026-01-06 03:58:00,2026-01-08 05:24:16.353794,Access,Account Lockout,Low,Resolved,Phone,Human Resources,Laguna,Agent 07,186,49.44,3.0,False
INC-00419,2026-05-07 19:45:00,2026-05-09 02:05:07.069640,Access,Password Reset,Low,Closed,Email,Administration,Laguna,Agent 07,597,30.34,5.0,False
INC-00420,2026-03-10 22:07:00,2026-03-11 10:29:22.173436,Software,Microsoft 365,Medium,Resolved,Portal,Operations,Quezon City,Agent 02,79,12.37,3.0,False
INC-00421,2026-02-03 10:00:00,2026-02-04 13:57:59.546091,Software,Browser,Medium,Closed,Portal,IT,Cavite,Agent 08,233,27.97,4.0,False
INC-00422,2026-04-17 16:51:00,2026-04-18 15:25:15.086367,Access,System Access,Low,Resolved,Email,Marketing,Laguna,Agent 02,244,22.57,5.0,False
INC-00423,2026-05-05 08:48:00,,Access,Permission,Medium,Open,Portal,Finance,Quezon City,Agent 04,413,,,False
INC-00424,2026-01-28 20:50:00,2026-01-29 10:01:39.633544,Hardware,Laptop,Medium,Closed,Chat,Sales,Laguna,Agent 02,441,13.19,4.0,False
INC-00425,2026-02-05 04:11:00,,Network,Network Access,Medium,In Progress,Email,IT,Cavite,Agent 06,232,,,False
INC-00426,2026-04-03 21:29:00,2026-04-04 21:57:57.197870,Access,Permission,Low,Closed,Email,Operations,Cavite,Agent 07,185,24.48,4.0,False
INC-00427,2026-01-22 11:32:00,2026-01-22 23:40:32.342530,Access,Permission,High,Resolved,Portal,Administration,Manila,Agent 02,25,12.14,2.0,False
INC-00428,2026-03-22 11:44:00,2026-03-23 17:02:30.804669,Network,Wi-Fi,Medium,Resolved,Chat,IT,Quezon City,,480,29.31,4.0,False
INC-00429,2026-01-22 01:15:00,2026-01-22 08:43:25.274489,Network,Wi-Fi,High,Closed,Phone,Sales,Makati,Agent 05,194,7.47,4.0,False
INC-00430,2026-03-19 14:25:00,,Network,Internet,Low,Open,Phone,Marketing,Cavite,Agent 04,143,,,False
INC-00431,2026-05-27 00:10:00,2026-05-28 08:42:02.900722,Network,Internet,Low,Resolved,Portal,Finance,Laguna,Agent 05,271,32.53,4.0,False
INC-00432,2026-05-13 19:52:00,2026-05-15 01:05:28.888513,Software,Browser,Medium,Resolved,Portal,Human Resources,Manila,Agent 06,252,29.22,5.0,False
INC-00433,2026-03-09 19:56:00,2026-03-10 13:06:26.693538,Software,Application,Medium,Resolved,Portal,Marketing,Quezon City,Agent 07,245,17.17,4.0,False
INC-00434,2026-01-31 20:32:00,,Security,Phishing,Medium,In Progress,Portal,Finance,Makati,Agent 06,81,,,False
INC-00435,2026-01-08 04:52:00,2026-01-08 16:02:06.703975,Network,Internet,Medium,Resolved,Chat,Operations,Cavite,Agent 08,235,11.17,3.0,False
INC-00436,2026-05-02 20:40:00,2026-05-03 21:38:57.845763,Access,System Access,Medium,Resolved,Portal,Sales,Cavite,Agent 07,278,24.98,2.0,False
INC-00437,2026-03-13 22:02:00,2026-03-15 08:20:06.085470,Network,Network Access,Low,Resolved,Portal,Marketing,Manila,Agent 08,199,34.3,4.0,True
INC-00438,2026-01-31 22:28:00,,Security,Phishing,High,Open,Portal,Administration,Laguna,Agent 01,80,,,False
INC-00439,2026-05-06 00:47:00,2026-05-06 20:56:58.531297,Network,Network Access,Low,Resolved,Portal,Operations,Laguna,Agent 01,214,20.17,3.0,False
INC-00440,2026-06-07 11:06:00,2026-06-08 05:18:18.866412,Software,Microsoft 365,Low,Resolved,Chat,IT,Makati,Agent 01,89,18.21,5.0,True
INC-00441,2026-01-16 10:51:00,2026-01-16 19:30:42.503581,Hardware,Desktop,Medium,Resolved,Phone,Sales,Manila,Agent 05,53,8.66,5.0,False
INC-00442,2026-02-06 12:44:00,2026-02-08 13:55:12.650986,Software,Browser,Low,Closed,Portal,Finance,Quezon City,Agent 04,202,49.19,5.0,False
INC-00443,2026-06-24 12:58:00,,Network,VPN,Low,Open,Chat,Sales,Cavite,Agent 05,677,,,False
INC-00444,2026-04-21 07:11:00,2026-04-22 20:19:04.132219,Hardware,Laptop,Low,Closed,Portal,Finance,Makati,Agent 05,355,37.13,4.0,False
INC-00445,2026-01-02 00:19:00,2026-01-03 20:56:24.243992,Hardware,Printer,Low,Closed,Portal,IT,Manila,Agent 08,453,44.62,2.0,True
INC-00446,2026-04-10 06:02:00,,Access,System Access,Medium,In Progress,Portal,Administration,Laguna,Agent 06,83,,,False
INC-00447,2026-01-24 20:56:00,2026-01-25 14:32:32.274189,Software,Browser,Medium,Closed,Phone,IT,Cavite,Agent 04,139,17.61,1.0,False
INC-00448,2026-06-18 19:18:00,2026-06-18 22:55:48.147350,Network,Internet,High,Closed,Portal,Sales,Makati,Agent 04,54,3.63,5.0,False
INC-00449,2026-06-24 19:07:00,,Access,Permission,Low,In Progress,Portal,IT,Quezon City,Agent 05,32,,,True
INC-00450,2026-05-07 12:20:00,2026-05-08 01:23:01.847782,Security,Security Policy,High,Resolved,Portal,Finance,Quezon City,Agent 08,194,13.05,4.0,False
INC-00451,2026-03-05 06:43:00,2026-03-05 12:58:31.608499,Access,Password Reset,Critical,Resolved,Email,IT,Laguna,Agent 02,85,6.26,4.0,False
INC-00452,2026-05-14 08:04:00,,Software,Microsoft 365,Medium,Open,Chat,Administration,Manila,Agent 06,337,,,False
INC-00453,2026-02-02 02:06:00,,Network,Internet,Critical,In Progress,Chat,Sales,Cavite,Agent 02,83,,,False
INC-00454,2026-06-08 14:01:00,2026-06-09 09:12:01.250591,Hardware,Laptop,Medium,Resolved,Email,Sales,Laguna,Agent 02,423,19.18,4.0,False
INC-00455,2026-01-04 20:18:00,2026-01-05 08:01:12.481775,Security,Phishing,Medium,Closed,Portal,Human Resources,Manila,Agent 02,424,11.72,4.0,False
INC-00456,2026-05-12 22:14:00,2026-05-13 08:48:29.506136,Hardware,Desktop,Medium,Closed,Email,Operations,Quezon City,Agent 07,318,10.57,4.0,True
INC-00457,2026-04-19 11:44:00,2026-04-20 09:21:40.998560,Network,VPN,Low,Resolved,Portal,Administration,Quezon City,Agent 01,235,21.63,4.0,False
INC-00458,2026-01-11 16:55:00,2026-01-12 05:52:51.660193,Network,Wi-Fi,Medium,Resolved,Portal,Human Resources,Manila,Agent 08,347,12.96,5.0,False
INC-00459,2026-04-02 01:01:00,2026-04-03 10:58:29.006016,Software,Operating System,Low,Closed,Chat,Operations,Manila,Agent 02,175,33.96,3.0,False
INC-00460,2026-02-20 00:44:00,2026-02-21 01:45:06.030008,Hardware,Printer,Medium,Resolved,Portal,Marketing,Makati,Agent 03,71,25.02,4.0,False
INC-00461,2026-01-31 04:55:00,,Access,Account Lockout,High,In Progress,Chat,Marketing,Laguna,Agent 02,58,,,False
INC-00462,2026-05-18 10:02:00,2026-05-19 14:46:45.695756,Network,Wi-Fi,Medium,Closed,Chat,Human Resources,Manila,Agent 04,146,28.75,5.0,False
INC-00463,2026-06-15 17:22:00,2026-06-16 13:53:19.660063,Hardware,Monitor,Medium,Resolved,Portal,Human Resources,Quezon City,Agent 07,257,20.52,4.0,False
INC-00464,2026-02-25 10:26:00,2026-02-26 07:04:30.042450,Network,Internet,Low,Resolved,Chat,Sales,Makati,Agent 07,416,20.64,4.0,False
INC-00465,2026-03-23 09:19:00,2026-03-24 00:49:49.302433,Hardware,Printer,Medium,Resolved,Portal,Sales,Cavite,Agent 08,246,15.51,4.0,False
INC-00466,2026-03-27 06:42:00,2026-03-27 22:14:10.387507,Access,Account Lockout,Low,Closed,Email,Finance,Quezon City,Agent 04,286,15.54,5.0,False
INC-00467,2026-05-01 22:19:00,2026-05-02 13:47:18.995667,Software,Application,Low,Resolved,Portal,Sales,Laguna,Agent 01,182,15.47,5.0,False
INC-00468,2026-06-28 14:15:00,2026-06-29 17:39:10.347708,Access,System Access,Low,Resolved,Email,Administration,Makati,Agent 07,490,27.4,1.0,False
INC-00469,2026-03-25 20:02:00,2026-03-27 01:12:12.410525,Access,Permission,Low,Resolved,Portal,Administration,Laguna,Agent 05,62,29.17,4.0,False
INC-00470,2026-06-13 10:23:00,2026-06-14 13:26:54.162994,Security,Phishing,Medium,Resolved,Email,Finance,Cavite,Agent 08,365,27.07,2.0,False
INC-00471,2026-05-13 00:22:00,2026-05-13 15:48:25.197991,Software,Browser,Low,Resolved,Portal,Sales,Manila,Agent 06,450,15.44,5.0,False
INC-00472,2026-05-31 06:55:00,2026-05-31 23:31:34.377029,Access,Permission,Medium,Resolved,Phone,Sales,Makati,Agent 05,161,16.61,3.0,False
INC-00473,2026-06-15 15:34:00,2026-06-16 01:26:27.954666,Network,Network Access,Medium,Resolved,Portal,IT,Manila,Agent 05,220,9.87,4.0,False
INC-00474,2026-06-10 18:21:00,2026-06-11 13:33:37.439734,Network,Internet,Medium,Resolved,Chat,Human Resources,Makati,Agent 05,377,19.21,4.0,False
INC-00475,2026-04-29 00:54:00,2026-04-29 16:59:12.799826,Network,Wi-Fi,Medium,Resolved,Email,Human Resources,Quezon City,Agent 01,215,16.09,5.0,False
INC-00476,2026-02-05 16:04:00,,Access,System Access,Medium,In Progress,Email,IT,Makati,Agent 08,107,,,False
INC-00477,2026-02-09 15:02:00,2026-02-10 18:39:19.902763,Hardware,Laptop,Medium,Resolved,Portal,Finance,Manila,Agent 05,385,27.62,4.0,False
INC-00478,2026-04-07 06:53:00,,Access,System Access,Medium,Open,Portal,Marketing,Manila,Agent 01,142,,,True
INC-00479,2026-01-25 22:40:00,2026-01-26 08:58:12.442014,Hardware,Laptop,Low,Resolved,Email,IT,Manila,Agent 04,201,10.3,3.0,False
INC-00480,2026-04-13 22:19:00,2026-04-14 10:29:12.296641,Security,Phishing,Low,Resolved,Email,Operations,Makati,Agent 01,428,12.17,2.0,False
INC-00481,2026-03-06 03:14:00,2026-03-06 06:18:51.278606,Software,Operating System,Critical,Closed,Email,Marketing,Quezon City,Agent 03,22,3.08,5.0,False
INC-00482,2026-03-01 00:43:00,2026-03-01 22:39:23.594255,Software,Operating System,Medium,Closed,Portal,Human Resources,Quezon City,Agent 01,178,21.94,3.0,True
INC-00483,2026-03-13 10:50:00,2026-03-14 19:48:36.487993,Hardware,Laptop,Low,Closed,Phone,Sales,Cavite,Agent 03,70,32.98,4.0,False
INC-00484,2026-05-14 10:58:00,2026-05-14 23:00:05.118434,Network,VPN,High,Resolved,Portal,Human Resources,Quezon City,Agent 07,26,12.03,3.0,False
INC-00485,2026-02-12 06:44:00,2026-02-13 01:21:34.438587,Network,VPN,Low,Resolved,Email,IT,Laguna,Agent 05,210,18.63,5.0,True
INC-00486,2026-02-09 16:27:00,2026-02-11 00:08:27.992900,Security,Security Policy,Medium,Resolved,Portal,Sales,Quezon City,,238,31.69,5.0,False
INC-00487,2026-02-04 16:01:00,2026-02-06 07:20:49.047107,Software,Operating System,Low,Resolved,Portal,Sales,Manila,Agent 06,224,39.33,4.0,False
INC-00488,2026-04-09 19:18:00,2026-04-10 12:58:12.120422,Software,Application,Medium,Resolved,Portal,Sales,Manila,Agent 02,150,17.67,4.0,False
INC-00489,2026-03-08 20:39:00,2026-03-09 19:21:55.927137,Access,Account Lockout,Medium,Resolved,Chat,Operations,Manila,Agent 03,150,22.72,2.0,False
INC-00490,2026-03-06 23:36:00,2026-03-08 03:50:02.650818,Software,Microsoft 365,Medium,Resolved,Email,Sales,Makati,Agent 07,357,28.23,5.0,True
INC-00491,2026-01-02 05:44:00,2026-01-02 19:30:41.660862,Network,Wi-Fi,High,Closed,Email,Human Resources,Laguna,Agent 05,27,13.78,4.0,False
INC-00492,2026-02-21 02:00:00,2026-02-22 08:00:34.214617,Hardware,Desktop,Medium,Closed,Email,Marketing,Makati,Agent 03,152,30.01,2.0,True
INC-00493,2026-01-03 02:05:00,2026-01-03 09:09:17.010519,Hardware,Laptop,Low,Resolved,Portal,Sales,Laguna,Agent 02,37,7.07,5.0,False
INC-00494,2026-03-22 08:10:00,,Security,Security Policy,Medium,Open,Portal,Operations,Cavite,Agent 06,224,,,True
INC-00495,2026-01-07 20:32:00,2026-01-08 11:42:49.194626,Software,Application,High,Resolved,Email,Administration,Laguna,Agent 03,189,15.18,4.0,False
INC-00496,2026-03-01 20:42:00,2026-03-03 05:20:02.936046,Security,Suspicious Login,Low,Resolved,Portal,Finance,Cavite,Agent 08,657,32.63,5.0,False
INC-00497,2026-02-02 16:59:00,2026-02-03 14:57:14.237933,Access,Permission,Medium,Closed,Phone,Administration,Quezon City,Agent 01,446,21.97,4.0,False
INC-00498,2026-01-08 05:28:00,,Software,Browser,Medium,Open,Portal,Finance,Manila,Agent 07,216,,,False
INC-00499,2026-01-24 23:36:00,2026-01-25 19:27:40.528922,Software,Operating System,High,Resolved,Portal,IT,Makati,Agent 08,206,19.86,5.0,False
INC-00500,2026-01-29 03:02:00,2026-01-29 12:21:02.454351,Access,System Access,High,Resolved,Email,Finance,Cavite,Agent 02,200,9.32,5.0,False
INC-00501,2026-05-14 22:39:00,2026-05-15 03:31:56.149555,Network,VPN,High,Closed,Chat,Operations,Cavite,Agent 03,111,4.88,5.0,False
INC-00502,2026-03-21 17:08:00,,Software,Application,Low,Open,Portal,Administration,Manila,Agent 06,156,,,False
INC-00503,2026-02-23 07:40:00,2026-02-25 02:27:42.568728,Access,System Access,Low,Closed,Chat,Finance,Cavite,Agent 03,83,42.8,5.0,True
INC-00504,2026-01-19 18:01:00,2026-01-20 19:26:48.718348,Hardware,Monitor,Low,Closed,Portal,Operations,Laguna,Agent 07,319,25.43,5.0,False
INC-00505,2026-02-07 07:09:00,2026-02-08 15:34:41.151287,Network,Network Access,Medium,Resolved,Portal,Sales,Laguna,Agent 05,396,32.43,5.0,False
INC-00506,2026-01-31 17:35:00,2026-01-31 20:57:44.560133,Security,Malware Alert,High,Closed,Email,Sales,Makati,Agent 01,48,3.38,4.0,False
INC-00507,2026-06-16 13:02:00,2026-06-16 20:32:47.301815,Hardware,Monitor,Medium,Resolved,Chat,IT,Manila,Agent 08,247,7.51,4.0,True
INC-00508,2026-04-09 16:31:00,,Network,Network Access,Low,Open,Phone,Administration,Quezon City,Agent 03,474,,,False
INC-00509,2026-01-17 17:42:00,,Hardware,Desktop,Medium,In Progress,Phone,Sales,Quezon City,Agent 08,385,,,False
INC-00510,2026-03-22 04:11:00,2026-03-22 20:31:23.145844,Access,Password Reset,Low,Resolved,Portal,Human Resources,Manila,Agent 08,618,16.34,3.0,False
INC-00511,2026-01-12 17:43:00,,Security,Malware Alert,Medium,In Progress,Chat,Finance,Makati,Agent 05,357,,,False
INC-00512,2026-06-26 03:22:00,2026-06-27 07:32:35.292013,Software,Application,Medium,Closed,Chat,Operations,Quezon City,Agent 04,141,28.18,4.0,False
INC-00513,2026-04-27 02:50:00,,Software,Operating System,Low,Open,Email,Sales,Makati,Agent 07,465,,,False
INC-00514,2026-04-18 05:14:00,2026-04-18 12:09:03.020995,Network,Wi-Fi,Critical,Resolved,Portal,Human Resources,Cavite,Agent 03,82,6.92,4.0,False
INC-00515,2026-01-03 03:20:00,2026-01-04 05:00:17.382121,Hardware,Printer,Medium,Resolved,Email,Administration,Makati,Agent 05,213,25.67,4.0,False
INC-00516,2026-04-10 06:10:00,2026-04-10 15:53:58.538006,Network,Wi-Fi,Medium,Resolved,Portal,Finance,Makati,Agent 06,302,9.73,3.0,False
INC-00517,2026-06-30 15:37:00,2026-07-01 20:23:51.629945,Software,Application,Low,Resolved,Phone,Operations,Makati,Agent 07,392,28.78,3.0,False
INC-00518,2026-03-03 03:11:00,2026-03-03 19:31:33.595665,Hardware,Printer,Medium,Resolved,Portal,Finance,Manila,Agent 02,63,16.34,4.0,False
INC-00519,2026-04-14 00:28:00,2026-04-14 14:57:57.220190,Access,System Access,Medium,Closed,Portal,IT,Quezon City,Agent 02,385,14.5,5.0,False
INC-00520,2026-02-14 02:33:00,2026-02-14 19:15:37.493556,Network,Internet,Medium,Resolved,Chat,IT,Quezon City,Agent 04,283,16.71,5.0,False
INC-00521,2026-06-11 19:24:00,2026-06-13 22:07:44.622119,Network,Internet,Low,Resolved,Portal,Operations,Makati,Agent 01,342,50.73,1.0,False
INC-00522,2026-01-03 03:27:00,2026-01-05 02:38:53.249052,Software,Microsoft 365,Low,Resolved,Chat,Human Resources,Laguna,Agent 06,232,47.2,5.0,False
INC-00523,2026-01-28 14:58:00,2026-01-30 11:18:58.284165,Software,Application,Low,Closed,Portal,Human Resources,Quezon City,Agent 05,479,44.35,2.0,False
INC-00524,2026-06-20 09:04:00,2026-06-21 13:15:02.598881,Hardware,Monitor,Medium,Resolved,Chat,Human Resources,Makati,Agent 08,301,28.18,5.0,False
INC-00525,2026-05-09 00:27:00,2026-05-09 04:08:25.820098,Software,Microsoft 365,High,Closed,Phone,Human Resources,Makati,Agent 06,183,3.69,3.0,True
INC-00526,2026-06-29 08:26:00,2026-06-30 01:02:51.045275,Software,Browser,Medium,Closed,Email,Operations,Manila,Agent 05,121,16.61,4.0,False
INC-00527,2026-06-07 06:48:00,2026-06-08 00:15:47.448748,Hardware,Laptop,Low,Resolved,Email,Human Resources,Laguna,Agent 01,82,17.46,4.0,False
INC-00528,2026-03-23 01:37:00,2026-03-23 13:52:03.482449,Network,Wi-Fi,Low,Resolved,Portal,Operations,Laguna,Agent 04,30,12.25,3.0,False
INC-00529,2026-03-26 12:18:00,2026-03-27 21:17:39.557736,Software,Application,Low,Closed,Portal,IT,Quezon City,Agent 03,400,32.99,4.0,False
INC-00530,2026-06-30 15:12:00,,Hardware,Laptop,Low,Open,Chat,IT,Makati,Agent 04,106,,,False
INC-00531,2026-05-21 08:37:00,,Software,Browser,Medium,In Progress,Email,Human Resources,Makati,Agent 07,197,,,False
INC-00532,2026-06-03 09:21:00,2026-06-03 16:50:47.385521,Network,Network Access,Low,Closed,Portal,Marketing,Manila,Agent 03,162,7.5,4.0,False
INC-00533,2026-04-13 20:43:00,2026-04-14 12:22:08.958769,Network,Internet,Low,Resolved,Phone,Sales,Quezon City,Agent 07,218,15.65,4.0,False
INC-00534,2026-02-13 07:38:00,2026-02-14 00:41:36.621315,Network,Wi-Fi,High,Resolved,Email,Operations,Quezon City,Agent 02,20,17.06,5.0,False
INC-00535,2026-03-25 02:50:00,,Software,Browser,Medium,Open,Email,Operations,Quezon City,Agent 06,155,,,False
INC-00536,2026-03-13 06:01:00,2026-03-13 12:39:01.709652,Network,Wi-Fi,Critical,Resolved,Portal,Finance,Cavite,Agent 04,79,6.63,5.0,False
INC-00537,2026-04-25 07:54:00,2026-04-25 22:06:35.239892,Network,Network Access,Low,Closed,Email,Marketing,Laguna,Agent 03,474,14.21,3.0,False
INC-00538,2026-01-18 04:53:00,2026-01-18 16:10:38.717057,Access,Permission,Low,Resolved,Email,Human Resources,Laguna,Agent 04,281,11.29,4.0,False
INC-00539,2026-01-22 09:08:00,2026-01-22 18:40:01.785816,Hardware,Laptop,Medium,Resolved,Portal,Finance,Makati,Agent 04,327,9.53,5.0,False
INC-00540,2026-01-15 18:33:00,2026-01-16 00:55:34.524947,Software,Operating System,High,Closed,Portal,Sales,Makati,Agent 04,41,6.38,5.0,True
INC-00541,2026-06-25 13:07:00,2026-06-26 03:51:40.918926,Access,Password Reset,Low,Closed,Portal,Operations,Cavite,Agent 04,145,14.74,4.0,False
INC-00542,2026-06-03 06:11:00,2026-06-04 01:00:10.336597,Security,Phishing,High,Closed,Portal,Human Resources,Laguna,Agent 06,180,18.82,4.0,False
INC-00543,2026-02-07 13:19:00,2026-02-09 01:25:40.706828,Software,Microsoft 365,Medium,Resolved,Chat,Human Resources,Makati,Agent 06,437,36.11,5.0,False
INC-00544,2026-02-05 22:19:00,,Software,Application,Medium,Open,Portal,Sales,Quezon City,Agent 06,234,,,False
INC-00545,2026-06-29 02:58:00,2026-06-29 19:46:37.910957,Software,Browser,Medium,Resolved,Portal,Sales,Quezon City,Agent 04,124,16.81,5.0,False
INC-00546,2026-03-04 07:11:00,,Access,Account Lockout,Low,In Progress,Email,Administration,Quezon City,Agent 07,87,,,False
INC-00547,2026-06-29 03:37:00,2026-06-29 09:53:31.390250,Network,Network Access,Medium,Closed,Portal,Sales,Cavite,Agent 01,264,6.28,2.0,False
INC-00548,2026-05-01 14:02:00,2026-05-02 02:33:14.637877,Access,Account Lockout,Medium,Closed,Portal,Human Resources,Quezon City,Agent 05,420,12.52,5.0,False
INC-00549,2026-02-28 14:27:00,,Hardware,Monitor,Medium,Open,Chat,Marketing,Cavite,Agent 05,67,,,False
INC-00550,2026-06-27 15:59:00,2026-06-28 22:04:48.618807,Hardware,Desktop,Medium,Resolved,Email,Sales,Makati,Agent 02,348,30.1,2.0,True
INC-00551,2026-02-24 20:22:00,2026-02-26 09:29:57.211946,Network,Wi-Fi,Low,Resolved,Email,Marketing,Manila,Agent 02,346,37.13,4.0,False
INC-00552,2026-03-14 13:35:00,2026-03-16 18:14:49.683032,Access,Password Reset,Low,Resolved,Email,Operations,Manila,Agent 06,352,52.66,5.0,True
INC-00553,2026-03-16 05:30:00,2026-03-16 20:11:28.967256,Access,Account Lockout,Low,Resolved,Phone,Sales,Quezon City,Agent 01,504,14.69,4.0,False
INC-00554,2026-01-11 23:18:00,2026-01-12 22:16:24.449938,Hardware,Printer,Medium,Resolved,Email,Operations,Cavite,Agent 07,332,22.97,1.0,False
INC-00555,2026-01-18 09:33:00,2026-01-19 00:59:41.375989,Software,Microsoft 365,Medium,Closed,Portal,Human Resources,Cavite,Agent 03,65,15.44,5.0,False
INC-00556,2026-04-15 21:09:00,,Security,Phishing,Critical,In Progress,Portal,Operations,Cavite,Agent 07,70,,,False
INC-00557,2026-06-08 21:58:00,2026-06-09 04:59:55.351844,Security,Suspicious Login,Low,Resolved,Portal,Sales,Cavite,Agent 01,280,7.03,4.0,True
INC-00558,2026-01-28 02:55:00,2026-01-28 17:09:58.434518,Software,Operating System,Medium,Resolved,Portal,Sales,Quezon City,Agent 08,223,14.25,4.0,False
INC-00559,2026-03-23 19:23:00,2026-03-24 13:47:59.844030,Software,Application,Medium,Resolved,Portal,Sales,Makati,Agent 04,416,18.42,2.0,False
INC-00560,2026-03-12 13:49:00,2026-03-13 09:51:55.771980,Security,Security Policy,Low,Resolved,Portal,Finance,Makati,,492,20.05,5.0,False
INC-00561,2026-05-18 23:30:00,2026-05-20 03:21:01.247352,Security,Suspicious Login,Low,Closed,Portal,Sales,Laguna,Agent 08,477,27.85,2.0,False
INC-00562,2026-02-08 15:39:00,,Network,Wi-Fi,Medium,Open,Phone,IT,Cavite,Agent 01,462,,,False
INC-00563,2026-06-13 19:44:00,2026-06-15 01:52:25.730893,Network,Wi-Fi,Medium,Resolved,Email,Sales,Makati,Agent 08,401,30.14,3.0,False
INC-00564,2026-06-29 17:02:00,2026-06-30 00:29:27.863954,Network,Internet,Medium,Closed,Portal,Operations,Cavite,Agent 02,231,7.46,3.0,False
INC-00565,2026-06-29 21:10:00,,Hardware,Desktop,Medium,Open,Portal,Administration,Laguna,Agent 05,64,,,True
INC-00566,2026-06-12 15:09:00,2026-06-13 03:56:45.858543,Hardware,Monitor,Low,Resolved,Phone,Marketing,Quezon City,Agent 02,63,12.8,5.0,False
INC-00567,2026-04-06 07:38:00,2026-04-07 18:38:39.067896,Software,Operating System,Medium,Resolved,Phone,IT,Laguna,Agent 01,470,35.01,1.0,False
INC-00568,2026-03-27 05:49:00,,Hardware,Laptop,Low,Open,Portal,Administration,Quezon City,Agent 06,470,,,False
INC-00569,2026-04-14 10:51:00,2026-04-15 01:39:29.721521,Network,Internet,High,Resolved,Portal,Human Resources,Laguna,Agent 03,35,14.81,4.0,False
INC-00570,2026-01-08 21:05:00,2026-01-10 11:03:51.441730,Network,Wi-Fi,Low,Closed,Email,Sales,Manila,Agent 03,110,37.98,4.0,False
INC-00571,2026-06-18 01:45:00,2026-06-20 04:00:02.522249,Access,Permission,Low,Resolved,Phone,IT,Laguna,Agent 05,177,50.25,3.0,True
INC-00572,2026-01-26 16:45:00,2026-01-27 05:48:37.380651,Software,Browser,Low,Closed,Portal,Operations,Makati,Agent 07,453,13.06,5.0,False
INC-00573,2026-01-31 11:42:00,,Hardware,Laptop,High,Open,Portal,IT,Quezon City,Agent 01,163,,,True
INC-00574,2026-05-13 17:28:00,2026-05-13 22:06:29.596286,Network,Wi-Fi,High,Closed,Email,Finance,Quezon City,Agent 01,103,4.64,5.0,False
INC-00575,2026-05-07 14:53:00,2026-05-08 05:10:15.956489,Software,Browser,High,Resolved,Portal,Marketing,Cavite,Agent 08,74,14.29,2.0,False
INC-00576,2026-04-19 20:21:00,2026-04-20 08:46:30.848842,Network,VPN,Medium,Closed,Chat,Sales,Laguna,Agent 08,338,12.43,5.0,False
INC-00577,2026-04-12 01:01:00,2026-04-12 08:06:23.650578,Access,Permission,Medium,Resolved,Email,Administration,Quezon City,Agent 06,239,7.09,5.0,True
INC-00578,2026-05-24 02:15:00,2026-05-24 13:26:48.260112,Software,Microsoft 365,Medium,Resolved,Email,Marketing,Cavite,Agent 04,128,11.2,5.0,True
INC-00579,2026-02-20 01:41:00,2026-02-20 16:31:50.765044,Access,System Access,Medium,Closed,Portal,Administration,Cavite,Agent 04,43,14.85,3.0,True
INC-00580,2026-05-17 18:00:00,2026-05-18 07:36:24.981185,Hardware,Laptop,High,Resolved,Email,Administration,Laguna,Agent 01,27,13.61,5.0,False
INC-00581,2026-06-14 04:08:00,,Network,Wi-Fi,Medium,In Progress,Email,Operations,Laguna,Agent 08,72,,,True
INC-00582,2026-02-13 03:00:00,2026-02-13 09:24:59.938589,Hardware,Laptop,Critical,Resolved,Chat,IT,Laguna,Agent 04,5,6.42,2.0,False
INC-00583,2026-02-05 19:54:00,2026-02-07 01:41:46.154267,Hardware,Printer,Medium,Resolved,Phone,Sales,Cavite,Agent 03,183,29.8,4.0,False
INC-00584,2026-01-24 09:00:00,2026-01-25 10:39:22.008310,Network,Network Access,Medium,Closed,Chat,Operations,Laguna,Agent 04,200,25.66,5.0,True
INC-00585,2026-02-23 20:09:00,2026-02-24 23:48:12.206907,Hardware,Desktop,Medium,Closed,Portal,Sales,Manila,Agent 06,459,27.65,3.0,False
INC-00586,2026-01-18 09:29:00,2026-01-18 14:28:31.923494,Software,Operating System,High,Resolved,Portal,Administration,Laguna,Agent 04,157,4.99,1.0,False
INC-00587,2026-04-01 14:43:00,2026-04-02 09:07:55.958381,Software,Operating System,Medium,Resolved,Portal,Operations,Manila,Agent 02,277,18.42,4.0,False
INC-00588,2026-05-13 14:47:00,2026-05-13 23:09:27.583293,Hardware,Desktop,Medium,Resolved,Portal,Marketing,Quezon City,Agent 08,350,8.37,2.0,False
INC-00589,2026-02-22 05:50:00,2026-02-22 12:41:24.357276,Hardware,Monitor,Medium,Closed,Email,IT,Cavite,Agent 08,346,6.86,4.0,False
INC-00590,2026-04-27 04:50:00,,Access,Account Lockout,Low,Open,Portal,Human Resources,Makati,Agent 06,712,,,True
INC-00591,2026-05-02 19:54:00,2026-05-04 16:17:14.218268,Security,Phishing,Low,Resolved,Phone,Finance,Quezon City,Agent 06,283,44.39,4.0,False
INC-00592,2026-03-31 18:37:00,2026-04-01 06:02:25.710506,Hardware,Laptop,Low,Resolved,Phone,Operations,Laguna,Agent 08,528,11.42,5.0,False
INC-00593,2026-04-16 07:31:00,2026-04-16 23:40:27.308501,Access,System Access,Low,Closed,Portal,IT,Manila,Agent 03,175,16.16,5.0,False
INC-00594,2026-05-15 05:58:00,2026-05-15 12:52:03.569262,Security,Phishing,High,Resolved,Chat,IT,Quezon City,Agent 08,94,6.9,4.0,False
INC-00595,2026-01-29 00:17:00,2026-01-29 13:59:13.217440,Access,Password Reset,Medium,Resolved,Portal,Administration,Cavite,Agent 05,258,13.7,4.0,True
INC-00596,2026-05-06 10:26:00,2026-05-06 21:13:43.778836,Software,Operating System,Low,Resolved,Email,Marketing,Manila,Agent 01,390,10.8,4.0,False
INC-00597,2026-05-30 02:45:00,2026-05-31 02:35:27.461327,Network,Internet,Medium,Resolved,Email,IT,Makati,Agent 07,262,23.84,2.0,False
INC-00598,2026-06-24 06:48:00,2026-06-25 06:25:47.353537,Software,Application,Low,Resolved,Portal,Operations,Quezon City,Agent 03,456,23.63,3.0,False
INC-00599,2026-04-30 12:05:00,2026-05-02 15:43:39.653080,Access,Password Reset,Low,Resolved,Portal,Operations,Quezon City,Agent 06,460,51.64,3.0,False
INC-00600,2026-04-11 04:17:00,2026-04-12 04:03:12.556688,Access,Permission,Low,Resolved,Portal,Marketing,Cavite,Agent 01,36,23.77,4.0,False
INC-00601,2026-05-30 23:01:00,2026-06-01 03:48:20.277991,Hardware,Printer,Medium,Resolved,Portal,Administration,Manila,Agent 02,379,28.79,4.0,False
INC-00602,2026-01-30 02:17:00,2026-01-30 17:02:28.257492,Software,Application,Medium,Resolved,Chat,Administration,Laguna,Agent 04,470,14.76,4.0,True
INC-00603,2026-06-06 23:15:00,2026-06-07 06:27:41.082468,Hardware,Monitor,Medium,Resolved,Email,Human Resources,Quezon City,Agent 05,335,7.21,3.0,False
INC-00604,2026-04-05 22:47:00,2026-04-07 05:39:28.732377,Network,VPN,Medium,Resolved,Email,IT,Manila,Agent 08,377,30.87,3.0,False
INC-00605,2026-04-01 04:45:00,2026-04-02 09:15:09.651297,Network,Internet,Medium,Resolved,Chat,Marketing,Laguna,Agent 01,161,28.5,5.0,False
INC-00606,2026-03-13 22:28:00,2026-03-15 04:16:50.743009,Hardware,Desktop,Medium,Resolved,Phone,Operations,Laguna,Agent 03,54,29.81,5.0,False
INC-00607,2026-01-18 01:32:00,2026-01-18 11:37:10.104093,Network,Wi-Fi,Low,Resolved,Portal,Marketing,Cavite,Agent 07,192,10.09,5.0,False
INC-00608,2026-01-17 02:06:00,2026-01-18 02:51:37.111760,Access,Account Lockout,Low,Closed,Chat,IT,Laguna,Agent 07,147,24.76,3.0,True
INC-00609,2026-05-06 14:56:00,2026-05-06 16:15:59.910526,Software,Browser,Critical,Closed,Portal,Human Resources,Makati,Agent 05,25,1.33,1.0,False
INC-00610,2026-03-29 06:19:00,2026-03-29 17:23:25.170815,Hardware,Laptop,High,Closed,Chat,Operations,Laguna,Agent 02,137,11.07,4.0,False
INC-00611,2026-02-02 17:39:00,2026-02-03 08:49:48.026588,Hardware,Laptop,Medium,Resolved,Portal,Administration,Manila,Agent 02,275,15.18,5.0,False
INC-00612,2026-05-13 20:51:00,2026-05-14 05:59:31.658516,Network,Internet,High,Resolved,Email,Operations,Manila,Agent 04,24,9.14,3.0,True
INC-00613,2026-05-21 11:15:00,,Software,Application,Low,Open,Chat,Finance,Makati,Agent 04,709,,,False
INC-00614,2026-05-22 16:20:00,,Access,Password Reset,Low,Open,Email,Sales,Quezon City,Agent 02,307,,,True
INC-00615,2026-01-15 00:53:00,2026-01-16 04:09:59.220720,Network,Wi-Fi,Medium,Closed,Portal,Administration,Makati,Agent 01,-10,27.28,5.0,False
INC-00616,2026-04-01 06:36:00,2026-04-01 16:32:11.942517,Software,Operating System,Medium,Resolved,Email,Finance,Quezon City,Agent 06,141,9.94,5.0,False
INC-00617,2026-02-02 14:58:00,2026-02-02 22:14:02.001460,Security,Phishing,High,Resolved,Email,Finance,Manila,Agent 01,-10,7.27,4.0,False
INC-00618,2026-04-24 10:19:00,,Hardware,Printer,High,Open,Email,IT,Cavite,Agent 04,232,,,False
INC-00619,2026-06-30 21:13:00,2026-07-01 19:03:36.239943,Access,Permission,Medium,Resolved,Portal,Finance,Cavite,Agent 07,124,21.84,3.0,False
INC-00620,2026-03-13 20:04:00,2026-03-14 04:36:43.055389,Network,Network Access,High,Resolved,Email,Administration,Manila,Agent 05,81,8.55,3.0,False
INC-00621,2026-06-05 11:28:00,,Network,Internet,Medium,Open,Email,Administration,Cavite,Agent 01,434,,,False
INC-00622,2026-05-22 13:14:00,,Hardware,Monitor,High,Open,Phone,IT,Manila,Agent 02,146,,,False
INC-00623,2026-01-04 09:34:00,2026-01-05 06:20:28.606369,Network,Wi-Fi,Low,Closed,Portal,IT,Makati,Agent 03,310,20.77,3.0,False
INC-00624,2026-04-24 15:47:00,2026-04-25 16:31:22.429884,Network,Internet,Low,Resolved,Portal,Operations,Cavite,Agent 03,39,24.74,5.0,False
INC-00625,2026-05-07 04:20:00,2026-05-07 20:10:19.852238,Network,Wi-Fi,High,Resolved,Portal,Operations,Cavite,Agent 05,233,15.84,4.0,False
INC-00626,2026-06-23 12:03:00,2026-06-23 20:19:17.472055,Software,Browser,Low,Closed,Phone,Operations,Cavite,Agent 01,75,8.27,3.0,False
INC-00627,2026-03-25 20:43:00,2026-03-26 22:10:12.904585,Access,System Access,Low,Closed,Portal,Operations,Makati,Agent 01,373,25.45,4.0,False
INC-00628,2026-02-25 12:55:00,,Hardware,Laptop,Low,In Progress,Email,Operations,Quezon City,Agent 06,63,,,False
INC-00629,2026-05-18 04:08:00,,Security,Phishing,High,In Progress,Chat,Human Resources,Quezon City,Agent 07,23,,,False
INC-00630,2026-03-26 08:17:00,2026-03-28 03:21:59.979063,Network,Network Access,Low,Closed,Email,Marketing,Cavite,Agent 04,400,43.08,5.0,False
INC-00631,2026-04-18 07:50:00,2026-04-18 20:07:49.376850,Software,Microsoft 365,High,Closed,Portal,Marketing,Makati,Agent 08,72,12.3,4.0,True
INC-00632,2026-04-27 00:31:00,2026-04-27 17:42:33.412053,Software,Browser,Medium,Resolved,Portal,Administration,Makati,Agent 03,154,17.19,5.0,True
INC-00633,2026-02-02 13:43:00,2026-02-03 11:49:35.453369,Hardware,Laptop,Low,Closed,Chat,Sales,Laguna,Agent 06,277,22.11,2.0,False
INC-00634,2026-03-16 16:17:00,2026-03-16 21:40:58.737952,Hardware,Printer,High,Closed,Chat,IT,Laguna,Agent 07,206,5.4,4.0,False
INC-00635,2026-01-25 07:55:00,2026-01-27 09:30:33.149207,Network,Network Access,Low,Resolved,Email,IT,Quezon City,Agent 05,379,49.59,4.0,False
INC-00636,2026-05-13 09:29:00,2026-05-14 11:35:01.382432,Hardware,Desktop,Low,Closed,Chat,IT,Makati,Agent 07,660,26.1,5.0,False
INC-00637,2026-05-22 17:21:00,2026-05-23 02:43:47.051372,Access,Password Reset,High,Closed,Portal,Human Resources,Manila,Agent 04,20,9.38,4.0,False
INC-00638,2026-01-29 04:05:00,2026-01-30 14:24:57.264943,Security,Security Policy,Medium,Resolved,Portal,Administration,Laguna,Agent 05,272,34.33,4.0,True
INC-00639,2026-06-30 23:28:00,2026-07-01 02:26:10.676219,Access,Password Reset,Low,Resolved,Portal,Operations,Laguna,Agent 02,69,2.97,4.0,True
INC-00640,2026-02-08 16:32:00,2026-02-09 02:47:07.292356,Hardware,Monitor,High,Closed,Email,Human Resources,Cavite,Agent 08,43,10.25,3.0,False
INC-00641,2026-06-11 19:55:00,2026-06-13 02:49:31.679493,Software,Browser,Medium,Resolved,Email,IT,Cavite,Agent 07,267,30.91,4.0,False
INC-00642,2026-04-18 15:15:00,2026-04-19 05:26:53.781651,Network,Wi-Fi,Medium,Resolved,Email,Human Resources,Manila,Agent 05,237,14.2,5.0,False
INC-00643,2026-05-10 07:20:00,,Software,Operating System,Medium,In Progress,Portal,Finance,Cavite,Agent 05,51,,,False
INC-00644,2026-05-05 07:28:00,2026-05-05 19:24:48.825181,Software,Operating System,High,Resolved,Portal,Operations,Manila,Agent 05,124,11.95,2.0,False
INC-00645,2026-01-24 11:22:00,,Network,VPN,Medium,In Progress,Email,IT,Manila,Agent 07,52,,,False
INC-00646,2026-02-11 12:45:00,2026-02-11 20:53:15.909887,Software,Browser,Critical,Resolved,Phone,Sales,Makati,Agent 05,36,8.14,2.0,False
INC-00647,2026-03-11 04:13:00,2026-03-13 02:47:29.798832,Software,Browser,Low,Closed,Email,IT,Makati,Agent 01,416,46.57,4.0,False
INC-00648,2026-05-31 13:21:00,2026-06-01 21:44:25.288434,Access,Password Reset,Low,Resolved,Phone,Marketing,Makati,Agent 02,650,32.39,2.0,False
INC-00649,2026-05-04 09:42:00,,Network,Network Access,Low,In Progress,Email,Sales,Quezon City,Agent 05,576,,,True
INC-00650,2026-02-27 19:43:00,,Software,Operating System,High,Open,Phone,IT,Manila,Agent 08,69,,,False
INC-00651,2026-02-23 16:43:00,2026-02-25 11:11:04.457600,Network,Wi-Fi,Low,Closed,Phone,Finance,Manila,Agent 03,115,42.47,2.0,False
INC-00652,2026-01-02 09:09:00,2026-01-02 16:01:31.578282,Software,Application,High,Closed,Email,IT,Quezon City,Agent 07,135,6.88,4.0,False
INC-00653,2026-01-04 05:31:00,2026-01-04 22:30:46.678498,Access,Password Reset,High,Resolved,Portal,Finance,Laguna,Agent 03,60,17.0,4.0,False
INC-00654,2026-05-14 11:00:00,2026-05-15 08:18:27.429517,Hardware,Monitor,Medium,Closed,Email,Sales,Cavite,Agent 05,308,21.31,5.0,False
INC-00655,2026-05-15 16:10:00,2026-05-16 04:51:03.150979,Software,Operating System,Low,Resolved,Portal,IT,Makati,Agent 03,456,12.68,5.0,False
INC-00656,2026-03-30 21:27:00,2026-03-31 09:59:00.333471,Software,Microsoft 365,Medium,Resolved,Portal,Finance,Cavite,Agent 04,160,12.53,3.0,False
INC-00657,2026-03-09 19:14:00,2026-03-10 23:57:14.574472,Network,Internet,Medium,Resolved,Email,Human Resources,Cavite,Agent 03,320,28.72,5.0,False
INC-00658,2026-06-07 05:00:00,2026-06-07 19:10:41.598130,Network,Network Access,Low,Resolved,Email,Human Resources,Makati,Agent 02,516,14.18,4.0,False
INC-00659,2026-04-01 10:38:00,,Software,Microsoft 365,Low,In Progress,Portal,Administration,Laguna,Agent 08,354,,,False
INC-00660,2026-06-27 08:33:00,2026-06-27 18:17:00.855900,Security,Suspicious Login,Medium,Closed,Phone,Marketing,Laguna,Agent 08,480,9.73,4.0,False
INC-00661,2026-04-24 12:19:00,2026-04-25 05:20:49.759325,Hardware,Desktop,Medium,Closed,Email,IT,Manila,Agent 04,320,17.03,4.0,True
INC-00662,2026-06-10 01:57:00,,Software,Operating System,Medium,Open,Chat,IT,Cavite,Agent 05,461,,,False
INC-00663,2026-01-10 12:36:00,2026-01-12 09:45:43.229451,Network,Network Access,Low,Resolved,Phone,IT,Quezon City,Agent 02,186,45.16,2.0,False
INC-00664,2026-03-27 22:56:00,,Hardware,Laptop,High,In Progress,Email,Administration,Makati,Agent 01,191,,,False
INC-00665,2026-01-17 06:35:00,,Network,Wi-Fi,Medium,In Progress,Chat,Sales,Laguna,Agent 01,95,,,True
INC-00666,2026-03-21 09:20:00,2026-03-21 16:03:48.342326,Software,Application,Medium,Closed,Portal,Sales,Makati,Agent 01,194,6.73,5.0,False
INC-00667,2026-02-25 21:46:00,2026-02-27 02:19:44.978091,Hardware,Printer,Medium,Resolved,Chat,Administration,Makati,Agent 01,469,28.56,5.0,False
INC-00668,2026-04-16 07:42:00,,Software,Operating System,Medium,In Progress,Email,Human Resources,Quezon City,Agent 06,472,,,False
INC-00669,2026-06-14 17:51:00,2026-06-15 08:48:22.669124,Software,Operating System,Low,Resolved,Portal,Marketing,Cavite,Agent 06,676,14.96,3.0,False
INC-00670,2026-01-24 17:31:00,2026-01-25 01:51:47.797204,Software,Application,Low,Closed,Portal,Marketing,Quezon City,Agent 05,294,8.35,3.0,False
INC-00671,2026-01-03 05:25:00,2026-01-03 19:59:55.673458,Software,Operating System,Medium,Resolved,Chat,Operations,Manila,Agent 06,192,14.58,5.0,False
INC-00672,2026-06-03 11:31:00,2026-06-04 17:31:30.360754,Network,Network Access,Medium,Resolved,Portal,Human Resources,Cavite,Agent 06,173,30.01,5.0,False
INC-00673,2026-05-26 04:45:00,2026-05-27 03:09:35.698130,Software,Microsoft 365,Low,Resolved,Email,Operations,Quezon City,Agent 04,371,22.41,3.0,True
INC-00674,2026-01-24 08:21:00,2026-01-24 20:32:38.855988,Hardware,Desktop,Low,Resolved,Email,Human Resources,Makati,Agent 07,598,12.19,4.0,False
INC-00675,2026-02-02 10:51:00,2026-02-03 03:34:53.442777,Software,Operating System,High,Closed,Phone,Administration,Manila,Agent 07,207,16.73,4.0,True
INC-00676,2026-04-03 11:36:00,2026-04-05 08:11:15.441719,Software,Microsoft 365,Low,Resolved,Portal,Administration,Makati,Agent 06,31,44.59,3.0,False
INC-00677,2026-03-08 14:23:00,2026-03-08 23:55:47.665241,,Browser,Medium,Resolved,Email,Sales,Laguna,Agent 01,369,9.55,5.0,False
INC-00678,2026-05-05 22:19:00,,Hardware,Printer,Low,Open,Portal,IT,Laguna,Agent 01,441,,,False
INC-00679,2026-05-02 11:26:00,,Software,Microsoft 365,Medium,In Progress,Phone,Sales,Quezon City,Agent 06,77,,,False
INC-00680,2026-02-20 17:34:00,2026-02-21 03:00:06.148938,Network,Network Access,High,Closed,Email,Finance,Cavite,Agent 05,22,9.44,5.0,False
INC-00681,2026-02-15 10:00:00,2026-02-16 08:24:39.317754,Software,Application,Medium,Resolved,Phone,Finance,Quezon City,Agent 05,248,22.41,5.0,False
INC-00682,2026-03-30 15:38:00,2026-04-01 00:27:37.706971,Hardware,Laptop,Low,Closed,Email,Sales,Laguna,Agent 05,279,32.83,4.0,False
INC-00683,2026-04-19 13:40:00,2026-04-20 09:43:10.643581,Access,Password Reset,Medium,Resolved,Chat,Finance,Cavite,Agent 05,389,20.05,3.0,False
INC-00684,2026-04-22 09:22:00,2026-04-23 00:36:41.214340,Network,VPN,Medium,Closed,Email,Marketing,Laguna,Agent 04,161,15.24,1.0,False
INC-00685,2026-02-26 07:40:00,2026-02-27 04:56:24.865248,Access,Account Lockout,Low,Resolved,Portal,Administration,Cavite,Agent 02,362,21.27,4.0,False
INC-00686,2026-04-29 17:01:00,2026-04-30 16:57:06.569996,Software,Microsoft 365,Low,Resolved,Portal,Administration,Laguna,Agent 03,204,23.94,4.0,False
INC-00687,2026-02-09 21:19:00,2026-02-11 05:34:29.079947,Hardware,Printer,Low,Closed,Phone,Sales,Laguna,Agent 01,669,32.26,5.0,False
INC-00688,2026-02-25 07:12:00,,Software,Browser,Medium,Open,Chat,Finance,Manila,Agent 07,168,,,False
INC-00689,2026-03-23 12:23:00,2026-03-24 06:27:55.720102,Security,Security Policy,Medium,Closed,Portal,Human Resources,Laguna,Agent 05,472,18.08,5.0,False
INC-00690,2026-05-17 11:24:00,2026-05-18 18:43:03.327002,Software,Operating System,Low,Closed,Chat,Sales,Cavite,Agent 01,701,31.32,4.0,False
INC-00691,2026-02-12 19:25:00,2026-02-13 18:52:09.715083,Hardware,Laptop,Medium,Closed,Phone,Finance,Cavite,Agent 04,209,23.45,5.0,False
INC-00692,2026-03-17 02:12:00,,Software,Browser,Low,In Progress,Chat,Human Resources,Cavite,Agent 03,241,,,False
INC-00693,2026-02-10 08:21:00,2026-02-10 21:31:02.596268,Network,VPN,Medium,Resolved,Chat,Marketing,Manila,Agent 06,23,13.17,4.0,False
INC-00694,2026-05-04 02:02:00,2026-05-05 07:12:55.610796,Security,Phishing,Medium,Resolved,Portal,Marketing,Manila,Agent 08,444,29.18,4.0,False
INC-00695,2026-04-04 14:05:00,2026-04-04 20:17:59.923504,Hardware,Printer,Medium,Closed,Portal,Administration,Manila,Agent 03,144,6.22,5.0,False
INC-00696,2026-05-26 09:23:00,2026-05-26 15:27:35.744638,Software,Application,Low,Closed,Portal,Operations,Laguna,Agent 05,173,6.08,4.0,False
INC-00697,2026-02-07 20:44:00,2026-02-08 06:23:17.517342,Network,Wi-Fi,Medium,Resolved,Portal,Operations,Makati,Agent 03,151,9.65,3.0,False
INC-00698,2026-05-14 12:46:00,2026-05-15 09:39:09.435522,Access,System Access,Medium,Resolved,Chat,Operations,Makati,Agent 06,351,20.89,2.0,False
INC-00699,2026-04-02 17:01:00,2026-04-04 23:42:51.101824,Hardware,Desktop,Low,Resolved,Phone,Administration,Manila,Agent 04,683,54.7,4.0,False
INC-00700,2026-01-15 15:14:00,2026-01-16 13:31:24.273319,Network,Wi-Fi,Medium,Closed,Portal,IT,Quezon City,Agent 02,145,22.29,4.0,True
INC-00701,2026-05-14 10:20:00,2026-05-15 14:40:17.949551,Network,Wi-Fi,Low,Resolved,Email,Administration,Manila,Agent 03,263,28.34,5.0,True
INC-00702,2026-06-03 16:37:00,2026-06-05 04:23:08.928694,Software,Operating System,Low,Resolved,Email,Marketing,Quezon City,Agent 04,39,35.77,4.0,False
INC-00703,2026-05-10 16:29:00,2026-05-11 04:21:00.103581,Security,Suspicious Login,Medium,Resolved,Portal,Sales,Makati,Agent 06,173,11.87,4.0,False
INC-00704,2026-02-11 06:06:00,2026-02-13 10:31:48.907808,Security,Security Policy,Low,Resolved,Chat,Marketing,Laguna,Agent 08,472,52.43,3.0,False
INC-00705,2026-01-27 23:22:00,2026-01-29 03:09:35.554883,Access,Account Lockout,Low,Resolved,Portal,Administration,Quezon City,Agent 08,654,27.79,3.0,False
INC-00706,2026-03-09 16:06:00,,Software,Operating System,Medium,Open,Phone,Administration,Cavite,Agent 04,209,,,False
INC-00707,2026-04-14 01:53:00,,Software,Application,Medium,Open,Portal,Sales,Laguna,Agent 01,350,,,False
INC-00708,2026-04-06 00:48:00,2026-04-06 14:38:26.017800,Access,Password Reset,High,Resolved,Email,IT,Cavite,Agent 05,152,13.84,3.0,True
INC-00709,2026-03-05 09:33:00,,Hardware,Monitor,High,Open,Portal,Finance,Laguna,Agent 08,25,,,True
INC-00710,2026-03-25 14:07:00,,Software,Application,Medium,In Progress,Email,Sales,Makati,Agent 02,321,,,False
INC-00711,2026-06-26 00:44:00,2026-06-28 00:24:52.342964,Hardware,Desktop,Low,Resolved,Portal,IT,Cavite,Agent 05,99,47.68,3.0,False
INC-00712,2026-06-04 00:47:00,2026-06-06 03:18:44.332619,Hardware,Printer,Low,Resolved,Portal,IT,Cavite,Agent 05,687,50.53,5.0,False
INC-00713,2026-03-14 19:37:00,2026-03-14 22:33:57.100333,Network,Internet,High,Resolved,Chat,Operations,Quezon City,Agent 08,29,2.95,4.0,False
INC-00714,2026-03-12 15:53:00,2026-03-13 15:26:53.361463,Network,Network Access,Medium,Resolved,Chat,Administration,Manila,Agent 07,353,23.56,5.0,False
INC-00715,2026-01-03 07:41:00,2026-01-04 09:28:56.110752,Access,System Access,Medium,Resolved,Email,Administration,Laguna,Agent 01,152,25.8,3.0,False
INC-00716,2026-01-07 18:12:00,2026-01-08 13:23:54.845858,Security,Malware Alert,Low,Closed,Email,Operations,Makati,Agent 02,70,19.2,4.0,False
INC-00717,2026-02-05 15:00:00,2026-02-06 17:23:56.983166,Hardware,Printer,Low,Resolved,Chat,Administration,Cavite,Agent 01,414,26.4,4.0,False
INC-00718,2026-02-23 04:06:00,,Hardware,Desktop,Medium,Open,Portal,Marketing,Manila,Agent 03,203,,,False
INC-00719,2026-04-27 00:33:00,2026-04-28 08:42:34.398222,Hardware,Laptop,Medium,Resolved,Portal,Operations,Quezon City,Agent 02,224,32.16,5.0,False
INC-00720,2026-06-15 11:02:00,2026-06-15 18:23:01.168073,Security,Phishing,Medium,Resolved,Phone,Sales,Manila,Agent 05,110,7.35,2.0,False
INC-00721,2026-02-14 17:42:00,,Access,Permission,Medium,Open,Portal,Human Resources,Laguna,Agent 03,112,,,False
INC-00722,2026-01-08 00:52:00,2026-01-10 05:24:28.340237,Hardware,Desktop,Low,Resolved,Portal,Administration,Cavite,Agent 06,511,52.54,4.0,False
INC-00723,2026-04-17 18:19:00,2026-04-18 21:25:32.954140,Hardware,Desktop,Low,Resolved,Chat,Finance,Laguna,Agent 08,647,27.11,4.0,False
INC-00724,2026-02-02 07:29:00,2026-02-03 07:32:02.786260,Network,Internet,Medium,Resolved,Phone,Administration,Quezon City,Agent 04,135,24.05,3.0,False
INC-00725,2026-02-03 11:11:00,2026-02-05 11:22:18.192095,Access,Permission,Low,Resolved,Chat,IT,Quezon City,Agent 05,707,48.19,5.0,True
INC-00726,2026-03-30 06:24:00,2026-03-31 15:35:48.859278,Network,VPN,Low,Closed,Portal,Marketing,Laguna,Agent 08,621,33.2,4.0,False
INC-00727,2026-06-19 03:17:00,2026-06-19 14:31:12.302831,Software,Browser,Low,Closed,Phone,Sales,Quezon City,Agent 08,380,11.24,3.0,False
INC-00728,2026-04-26 14:53:00,2026-04-27 13:04:15.621224,Software,Microsoft 365,Low,Closed,Phone,Human Resources,Cavite,Agent 05,114,22.19,5.0,False
INC-00729,2026-05-17 12:22:00,2026-05-17 19:55:12.347871,Hardware,Printer,Medium,Closed,Phone,Marketing,Quezon City,Agent 01,105,7.55,5.0,False
INC-00730,2026-05-14 14:22:00,,Hardware,Monitor,High,In Progress,Email,Sales,Cavite,Agent 07,44,,,True
INC-00731,2026-04-16 04:47:00,2026-04-17 04:00:49.057611,Software,Application,Low,Resolved,Phone,Marketing,Manila,Agent 01,194,23.23,3.0,False
INC-00732,2026-02-22 15:08:00,2026-02-24 03:37:26.894165,Hardware,Printer,Low,Resolved,Portal,IT,Quezon City,Agent 03,312,36.49,4.0,False
INC-00733,2026-03-11 01:23:00,2026-03-11 08:33:06.807402,Software,Microsoft 365,Medium,Resolved,Portal,Human Resources,Manila,Agent 06,77,7.17,4.0,False
INC-00734,2026-06-20 16:52:00,,Network,Internet,Critical,In Progress,Portal,Marketing,Cavite,Agent 04,86,,,False
INC-00735,2026-04-02 02:50:00,2026-04-02 10:38:02.512335,Access,Permission,High,Resolved,Portal,Operations,Laguna,Agent 05,159,7.8,5.0,False
INC-00736,2026-06-04 03:40:00,2026-06-05 03:59:24.802406,Network,Network Access,Medium,Closed,Chat,IT,Laguna,Agent 01,70,24.32,5.0,False
INC-00737,2026-04-13 21:26:00,2026-04-15 09:22:43.607563,Software,Microsoft 365,Low,Closed,Phone,Administration,Laguna,,472,35.95,5.0,False
INC-00738,2026-04-25 01:37:00,2026-04-26 03:32:12.449614,Access,Permission,Medium,Resolved,Portal,Operations,Makati,Agent 05,154,25.92,4.0,False
INC-00739,2026-03-23 10:26:00,2026-03-24 02:03:23.562142,Access,System Access,High,Resolved,Portal,Marketing,Quezon City,Agent 04,113,15.62,5.0,False
INC-00740,2026-01-29 06:28:00,2026-01-29 12:58:48.210499,Software,Operating System,High,Closed,Phone,Human Resources,Cavite,Agent 01,174,6.51,2.0,True
INC-00741,2026-04-12 04:32:00,,Network,Network Access,High,Open,Email,Operations,Quezon City,Agent 06,198,,,False
INC-00742,2026-06-20 09:20:00,2026-06-20 11:48:25.509874,Security,Suspicious Login,Critical,Resolved,Portal,Finance,Makati,Agent 03,33,2.47,1.0,False
INC-00743,2026-04-16 06:21:00,,Hardware,Monitor,High,In Progress,Portal,Marketing,Quezon City,Agent 04,170,,,False
INC-00744,2026-04-05 12:26:00,,Security,Suspicious Login,Medium,In Progress,Chat,Administration,Cavite,Agent 07,183,,,True
INC-00745,2026-01-25 17:19:00,2026-01-26 06:42:15.102621,Network,Wi-Fi,High,Closed,Chat,Human Resources,Quezon City,Agent 03,36,13.39,5.0,False
INC-00746,2026-02-13 00:45:00,2026-02-14 04:05:58.661079,Software,Microsoft 365,Medium,Closed,Portal,Marketing,Laguna,Agent 02,352,27.35,5.0,False
INC-00747,2026-02-25 22:35:00,2026-02-26 22:22:33.108894,Software,Microsoft 365,Medium,Resolved,Portal,IT,Makati,Agent 07,376,23.79,3.0,False
INC-00748,2026-01-19 20:57:00,2026-01-20 11:34:45.723193,Network,Wi-Fi,High,Resolved,Chat,Finance,Cavite,Agent 02,51,14.63,3.0,False
INC-00749,2026-04-15 13:00:00,2026-04-15 22:15:34.962463,Software,Microsoft 365,Low,Closed,Email,Sales,Quezon City,Agent 07,171,9.26,4.0,False
INC-00750,2026-01-25 17:52:00,2026-01-25 22:29:09.189697,Software,Browser,Medium,Resolved,Portal,Finance,Cavite,Agent 08,51,4.62,1.0,False
INC-00751,2026-02-16 18:16:00,2026-02-17 14:15:00.516283,Software,Application,High,Resolved,Chat,Human Resources,Quezon City,Agent 08,233,19.98,5.0,False
INC-00752,2026-03-16 03:40:00,2026-03-18 02:38:38.187720,Hardware,Monitor,Low,Resolved,Email,Marketing,Manila,Agent 05,214,46.98,5.0,False
INC-00753,2026-03-28 08:24:00,2026-03-28 17:54:22.036487,Security,Security Policy,Medium,Resolved,Chat,IT,Quezon City,Agent 02,-10,9.51,4.0,False
INC-00754,2026-05-20 21:57:00,2026-05-21 07:35:26.999400,Network,Internet,High,Resolved,Email,IT,Cavite,Agent 07,124,9.64,4.0,False
INC-00755,2026-05-16 01:25:00,2026-05-16 21:56:01.100650,Software,Operating System,Medium,Resolved,Portal,Administration,Cavite,Agent 01,177,20.52,2.0,True
INC-00756,2026-05-11 12:39:00,2026-05-13 11:35:54.088276,Security,Security Policy,Low,Closed,Chat,Finance,Laguna,Agent 03,75,46.95,3.0,False
INC-00757,2026-01-02 08:12:00,2026-01-03 09:26:07.393547,Network,Internet,Low,Closed,Portal,IT,Manila,Agent 05,368,25.24,3.0,False
INC-00758,2026-06-17 09:18:00,2026-06-18 14:36:11.015180,Access,System Access,Medium,Resolved,Phone,IT,Cavite,Agent 04,232,29.3,3.0,True
INC-00759,2026-06-13 03:54:00,2026-06-14 09:09:41.726205,Network,Internet,Medium,Resolved,Portal,IT,Makati,Agent 02,54,29.26,5.0,False
INC-00760,2026-02-21 02:57:00,2026-02-21 06:03:48.665363,Network,Wi-Fi,High,Closed,Email,Administration,Manila,Agent 07,42,3.11,5.0,False
INC-00761,2026-06-02 01:24:00,2026-06-03 21:49:45.122050,Access,Password Reset,Low,Closed,Portal,Sales,Makati,Agent 08,545,44.43,5.0,False
INC-00762,2026-03-16 17:15:00,2026-03-18 05:09:06.823085,Hardware,Monitor,Low,Resolved,Portal,Sales,Laguna,Agent 03,218,35.9,3.0,False
INC-00763,2026-05-13 18:14:00,2026-05-15 03:52:38.647519,Network,VPN,Medium,Resolved,Portal,Finance,Manila,Agent 07,390,33.64,1.0,True
INC-00764,2026-01-06 22:08:00,,Software,Microsoft 365,High,In Progress,Phone,Finance,Quezon City,Agent 02,175,,,False
INC-00765,2026-03-30 21:43:00,2026-03-31 13:27:31.647700,Network,Network Access,High,Resolved,Email,Sales,Quezon City,Agent 05,147,15.74,4.0,False
INC-00766,2026-05-19 07:44:00,,Hardware,Laptop,Medium,Open,Email,Finance,Laguna,Agent 07,450,,,False
INC-00767,2026-03-28 11:07:00,2026-03-29 15:16:54.381529,Software,Operating System,Medium,Closed,Portal,Sales,Laguna,Agent 06,390,28.17,5.0,False
INC-00768,2026-02-24 13:24:00,2026-02-25 19:30:13.496246,Software,Operating System,Medium,Resolved,Phone,Sales,Cavite,Agent 05,297,30.1,2.0,False
INC-00769,2026-01-07 23:41:00,2026-01-09 02:26:17.789388,Network,VPN,Medium,Resolved,Chat,Sales,Makati,Agent 08,361,26.75,4.0,False
INC-00770,2026-06-06 20:54:00,2026-06-07 08:11:12.306103,Hardware,Printer,Medium,Closed,Chat,Human Resources,Laguna,Agent 06,468,11.29,2.0,False
INC-00771,2026-04-03 21:16:00,,Software,Application,Low,In Progress,Email,Human Resources,Cavite,Agent 02,627,,,False
INC-00772,2026-01-31 18:10:00,,Hardware,Printer,Low,In Progress,Portal,Human Resources,Makati,Agent 07,449,,,False
INC-00773,2026-01-25 01:20:00,2026-01-25 07:16:43.210078,Network,Wi-Fi,Medium,Resolved,Chat,Finance,Makati,Agent 08,262,5.95,5.0,False
INC-00774,2026-01-22 12:37:00,2026-01-22 21:13:35.561752,Hardware,Laptop,Critical,Resolved,Chat,Marketing,Cavite,Agent 06,55,8.61,3.0,False
INC-00775,2026-02-13 12:27:00,,Software,Microsoft 365,Medium,In Progress,Chat,Sales,Manila,Agent 07,282,,,False
INC-00776,2026-04-25 14:46:00,2026-04-26 04:18:50.269156,Hardware,Printer,High,Resolved,Email,Human Resources,Cavite,Agent 05,204,13.55,5.0,False
INC-00777,2026-01-10 23:43:00,2026-01-12 23:53:00.575054,Access,Password Reset,Low,Closed,Email,Sales,Laguna,Agent 07,414,48.17,5.0,False
INC-00778,2026-05-11 03:52:00,2026-05-11 19:43:34.346118,Network,Network Access,Low,Resolved,Email,Sales,Manila,Agent 06,161,15.86,3.0,True
INC-00779,2026-05-30 21:22:00,,Hardware,Laptop,Medium,Open,Portal,Marketing,Manila,Agent 03,343,,,False
INC-00780,2026-01-24 03:07:00,2026-01-25 03:22:50.797135,Hardware,Laptop,Low,Resolved,Email,IT,Manila,Agent 03,268,24.26,5.0,False
INC-00781,2026-02-17 17:19:00,2026-02-19 15:12:46.052989,Network,Network Access,Low,Resolved,Portal,Administration,Manila,Agent 08,210,45.9,5.0,False
INC-00782,2026-05-10 21:51:00,2026-05-12 17:26:49.386349,Access,Account Lockout,Low,Resolved,Portal,Marketing,Cavite,Agent 07,466,43.6,3.0,False
INC-00783,2026-01-21 23:00:00,2026-01-22 22:48:12.709745,Hardware,Laptop,Medium,Closed,Chat,Finance,Quezon City,Agent 07,26,23.8,4.0,False
INC-00784,2026-03-18 16:41:00,2026-03-19 06:11:02.234334,Network,Wi-Fi,Medium,Resolved,Phone,Sales,Cavite,Agent 08,136,13.5,5.0,False
INC-00785,2026-04-18 00:50:00,,Security,Security Policy,High,In Progress,Portal,Human Resources,Makati,Agent 07,232,,,False
INC-00786,2026-02-25 03:14:00,2026-02-25 20:15:20.462279,Software,Operating System,Medium,Resolved,Portal,Human Resources,Makati,Agent 03,96,17.02,5.0,False
INC-00787,2026-04-01 03:37:00,2026-04-01 17:47:09.912627,Hardware,Monitor,Medium,Resolved,Chat,Human Resources,Laguna,Agent 01,381,14.17,4.0,True
INC-00788,2026-06-03 04:25:00,2026-06-04 05:44:00.384629,Software,Browser,Low,Closed,Portal,Marketing,Laguna,Agent 02,379,25.32,4.0,False
INC-00789,2026-05-23 11:37:00,2026-05-23 23:06:53.322503,Software,Browser,High,Closed,Chat,IT,Laguna,Agent 05,59,11.5,5.0,False
INC-00790,2026-04-09 05:03:00,2026-04-10 12:43:11.063812,Access,Account Lockout,Medium,Closed,Portal,Finance,Cavite,Agent 02,290,31.67,4.0,False
INC-00791,2026-03-05 07:37:00,2026-03-05 16:13:14.948510,Access,Permission,Medium,Closed,Portal,Administration,Manila,Agent 08,202,8.6,5.0,False
INC-00792,2026-02-19 17:52:00,2026-02-19 22:05:27.582946,Network,VPN,High,Closed,Portal,Finance,Cavite,Agent 01,212,4.22,3.0,True
INC-00793,2026-05-23 05:21:00,2026-05-24 01:53:37.228890,Network,Network Access,Low,Closed,Portal,Human Resources,Laguna,Agent 07,351,20.54,3.0,False
INC-00794,2026-06-10 14:49:00,2026-06-10 18:40:05.348530,Hardware,Printer,Medium,Closed,Portal,Operations,Laguna,Agent 01,111,3.85,4.0,False
INC-00795,2026-05-14 05:34:00,,Hardware,Desktop,Medium,Open,Chat,Human Resources,Makati,Agent 02,67,,,False
INC-00796,2026-05-15 14:12:00,2026-05-17 13:18:03.289550,Software,Operating System,Low,Closed,Email,Sales,Quezon City,Agent 01,435,47.1,5.0,False
INC-00797,2026-01-11 07:28:00,2026-01-12 03:15:42.413057,Software,Microsoft 365,Low,Closed,Phone,Human Resources,Laguna,Agent 01,186,19.8,4.0,False
INC-00798,2026-02-28 19:53:00,2026-03-01 17:57:55.117412,Hardware,Monitor,Medium,Resolved,Email,Marketing,Manila,Agent 04,379,22.08,3.0,True
INC-00799,2026-06-05 08:44:00,2026-06-05 22:16:54.164588,Network,Wi-Fi,Low,Resolved,Portal,Sales,Makati,Agent 04,364,13.55,4.0,False
INC-00800,2026-05-26 10:11:00,,Software,Browser,Low,In Progress,Portal,Finance,Makati,Agent 04,720,,,False
INC-00801,2026-05-11 00:48:00,2026-05-12 12:39:25.405730,Software,Microsoft 365,Medium,Resolved,Email,Administration,Cavite,Agent 04,444,35.86,5.0,False
INC-00802,2026-06-07 03:39:00,,Hardware,Monitor,Medium,In Progress,Portal,Administration,Makati,Agent 02,337,,,False
INC-00803,2026-04-05 07:20:00,2026-04-06 03:05:25.645946,Security,Suspicious Login,Medium,Closed,Phone,Human Resources,Manila,Agent 01,399,19.76,5.0,False
INC-00804,2026-02-14 00:29:00,2026-02-15 14:56:58.516360,Software,Browser,Low,Resolved,Portal,IT,Manila,Agent 08,270,38.47,2.0,False
INC-00805,2026-04-16 05:58:00,,Hardware,Monitor,Medium,Open,Email,Sales,Laguna,Agent 08,479,,,True
INC-00806,2026-06-21 09:16:00,,Access,Permission,Medium,Open,Phone,Human Resources,Cavite,Agent 01,140,,,False
INC-00807,2026-03-01 01:36:00,2026-03-01 10:21:55.850093,Security,Phishing,High,Resolved,Phone,Sales,Quezon City,Agent 08,104,8.77,5.0,False
INC-00808,2026-03-16 05:02:00,2026-03-17 00:38:10.663025,Software,Application,Medium,Closed,Portal,Operations,Laguna,Agent 06,365,19.6,4.0,False
INC-00809,2026-05-19 21:35:00,,Software,Browser,High,In Progress,Portal,Administration,Makati,Agent 06,214,,,True
INC-00810,2026-05-09 18:34:00,2026-05-09 22:07:56.219665,Access,Account Lockout,High,Resolved,Portal,Administration,Laguna,Agent 02,11,3.57,5.0,False
INC-00811,2026-05-28 11:59:00,2026-05-29 15:25:46.064812,Hardware,Printer,Medium,Closed,Portal,IT,Laguna,Agent 04,135,27.45,1.0,False
INC-00812,2026-04-14 10:20:00,,Network,Internet,Medium,In Progress,Chat,IT,Cavite,Agent 04,346,,,True
INC-00813,2026-03-06 15:26:00,,Hardware,Laptop,Low,Open,Phone,IT,Manila,Agent 02,462,,,True
INC-00814,2026-06-12 20:59:00,2026-06-13 06:00:03.659311,Network,Wi-Fi,Medium,Closed,Email,Sales,Quezon City,Agent 08,36,9.02,5.0,False
INC-00815,2026-05-05 02:57:00,2026-05-05 20:06:25.586036,Software,Application,High,Resolved,Portal,Finance,Laguna,Agent 01,31,17.16,5.0,False
INC-00816,2026-06-07 14:00:00,2026-06-09 13:43:05.123261,Security,Phishing,Low,Resolved,Portal,IT,Laguna,Agent 04,161,47.72,5.0,False
INC-00817,2026-04-26 10:00:00,,Security,Phishing,Low,In Progress,Email,Marketing,Laguna,Agent 03,70,,,False
INC-00818,2026-04-07 01:29:00,2026-04-08 22:40:41.162135,Network,Internet,Low,Resolved,Portal,Finance,Laguna,Agent 03,258,45.19,5.0,False
INC-00819,2026-05-15 23:40:00,2026-05-16 14:33:08.793460,Hardware,Laptop,Medium,Resolved,Portal,IT,Laguna,Agent 01,74,14.89,2.0,False
INC-00820,2026-02-11 02:56:00,2026-02-11 16:45:34.280794,Network,Network Access,Medium,Closed,Chat,Human Resources,Manila,Agent 01,120,13.83,5.0,False
INC-00821,2026-04-06 02:02:00,2026-04-06 16:57:50.973001,Software,Microsoft 365,Low,Resolved,Email,Human Resources,Laguna,Agent 01,42,14.93,4.0,False
INC-00822,2026-02-14 13:14:00,2026-02-15 09:09:16.212584,Software,Browser,Low,Closed,Portal,Sales,Makati,Agent 02,672,19.92,2.0,False
INC-00823,2026-03-09 13:52:00,2026-03-11 11:38:32.659139,Security,Malware Alert,Low,Resolved,Phone,Administration,Cavite,Agent 04,472,45.78,4.0,False
INC-00824,2026-03-03 20:26:00,2026-03-04 16:27:07.836050,Access,Account Lockout,Medium,Closed,Chat,Marketing,Laguna,Agent 03,415,20.02,5.0,False
INC-00825,2026-05-18 20:39:00,2026-05-20 03:13:54.408681,Hardware,Printer,Medium,Resolved,Portal,Administration,Cavite,Agent 05,457,30.58,4.0,False
INC-00826,2026-03-06 21:28:00,2026-03-07 15:19:42.590484,Network,VPN,Medium,Resolved,Email,Sales,Cavite,Agent 02,467,17.86,4.0,False
INC-00827,2026-06-21 22:29:00,2026-06-23 03:21:41.879581,Software,Application,Medium,Resolved,Portal,Operations,Quezon City,Agent 07,475,28.88,5.0,False
INC-00828,2026-02-22 20:24:00,2026-02-23 10:09:29.856291,Hardware,Monitor,Medium,Closed,Email,IT,Cavite,Agent 04,113,13.76,5.0,False
INC-00829,2026-01-01 02:16:00,2026-01-01 15:51:08.369660,Software,Application,Medium,Resolved,Email,Sales,Quezon City,Agent 07,273,13.59,2.0,False
INC-00830,2026-02-01 12:20:00,2026-02-02 05:55:22.429043,Security,Phishing,Medium,Closed,Portal,Finance,Makati,Agent 03,41,17.59,5.0,False
INC-00831,2026-04-21 08:12:00,2026-04-23 15:55:52.214941,Hardware,Laptop,Low,Resolved,Portal,Marketing,Cavite,Agent 05,663,55.73,4.0,False
INC-00832,2026-05-05 04:15:00,2026-05-06 17:43:30.953318,Hardware,Monitor,Low,Resolved,Portal,Human Resources,Manila,Agent 05,446,37.48,1.0,False
INC-00833,2026-04-24 15:06:00,2026-04-25 21:52:11.829411,Software,Operating System,Medium,Resolved,Email,Administration,Manila,Agent 07,455,30.77,4.0,False
INC-00834,2026-04-06 04:55:00,2026-04-07 01:05:58.258905,Software,Microsoft 365,Medium,Closed,Portal,Administration,Laguna,Agent 04,448,20.18,3.0,False
INC-00835,2026-06-15 23:48:00,2026-06-16 05:02:39.586336,Access,System Access,Medium,Resolved,Portal,Finance,Quezon City,Agent 04,219,5.24,4.0,False
INC-00836,2026-02-26 19:59:00,2026-02-28 06:13:44.460216,Software,Application,Medium,Closed,Chat,Sales,Makati,Agent 03,291,34.25,2.0,False
INC-00837,2026-03-17 04:50:00,,Hardware,Laptop,Low,In Progress,Portal,Operations,Laguna,Agent 03,315,,,False
INC-00838,2026-03-15 18:42:00,2026-03-16 05:12:25.308114,Hardware,Laptop,Low,Resolved,Email,Finance,Quezon City,Agent 03,463,10.51,5.0,False
INC-00839,2026-05-17 06:22:00,2026-05-18 01:21:02.872901,Access,Password Reset,Medium,Resolved,Portal,Operations,Makati,Agent 03,186,18.98,2.0,True
INC-00840,2026-04-29 08:23:00,2026-04-29 11:16:25.663922,Hardware,Desktop,High,Resolved,Email,Marketing,Cavite,Agent 05,73,2.89,1.0,False
INC-00841,2026-06-05 19:42:00,2026-06-06 08:16:23.893062,Access,System Access,Medium,Closed,Phone,Marketing,Laguna,Agent 06,404,12.57,1.0,True
INC-00842,2026-04-06 00:48:00,2026-04-07 02:43:05.016251,Security,Suspicious Login,Low,Resolved,Chat,Sales,Laguna,Agent 05,233,25.92,5.0,False
INC-00843,2026-05-05 13:37:00,2026-05-06 06:10:29.522845,Network,Wi-Fi,Medium,Resolved,Email,Human Resources,Laguna,Agent 05,210,16.56,5.0,False
INC-00844,2026-06-03 10:02:00,2026-06-04 17:15:24.871483,Software,Microsoft 365,Medium,Resolved,Chat,IT,Laguna,Agent 02,302,31.22,3.0,False
INC-00845,2026-05-11 07:27:00,2026-05-12 07:38:57.178150,Hardware,Laptop,Low,Closed,Phone,Operations,Manila,Agent 01,410,24.2,4.0,False
INC-00846,2026-02-09 12:53:00,2026-02-10 00:34:26.853637,Network,Network Access,Medium,Resolved,Portal,Marketing,Manila,Agent 02,394,11.69,4.0,False
INC-00847,2026-04-17 05:10:00,2026-04-19 14:56:13.988213,Hardware,Printer,Low,Resolved,Email,Sales,Quezon City,Agent 04,611,57.77,5.0,False
INC-00848,2026-06-07 12:42:00,,Access,Account Lockout,High,In Progress,Portal,Finance,Laguna,Agent 06,152,,,False
INC-00849,2026-06-02 08:22:00,2026-06-03 04:09:22.376858,Access,Permission,Medium,Resolved,Portal,Human Resources,Quezon City,Agent 05,242,19.79,4.0,False
INC-00850,2026-04-29 05:13:00,,Software,Application,Low,Open,Email,Human Resources,Makati,Agent 04,585,,,False
INC-00851,2026-03-22 01:56:00,2026-03-24 08:48:16.187330,Software,Application,Low,Resolved,Email,Marketing,Laguna,Agent 02,472,54.87,4.0,False
INC-00852,2026-03-04 20:50:00,2026-03-06 00:15:33.932641,Security,Security Policy,Medium,Closed,Portal,Administration,Makati,Agent 05,101,27.43,5.0,False
INC-00853,2026-01-01 16:05:00,2026-01-02 08:34:59.016052,Software,Microsoft 365,High,Resolved,Phone,IT,Makati,Agent 01,225,16.5,2.0,False
INC-00854,2026-02-19 05:48:00,,Software,Microsoft 365,Low,In Progress,Portal,Finance,Quezon City,Agent 01,532,,,False
INC-00855,2026-02-10 21:57:00,2026-02-11 07:37:03.789126,Access,Password Reset,High,Closed,Email,Finance,Laguna,Agent 05,137,9.67,3.0,False
INC-00856,2026-03-21 22:44:00,2026-03-22 07:01:33.690964,Software,Application,Low,Resolved,Phone,Sales,Laguna,Agent 04,276,8.29,5.0,True
INC-00857,2026-04-22 13:59:00,2026-04-23 05:47:25.802557,Access,Permission,Medium,Resolved,Portal,Marketing,Makati,Agent 08,362,15.81,4.0,False
INC-00858,2026-02-17 16:59:00,2026-02-18 22:56:55.787930,Software,Application,Low,Resolved,Email,Administration,Cavite,Agent 07,437,29.97,4.0,False
INC-00859,2026-05-05 11:25:00,2026-05-06 15:05:11.226379,Access,Account Lockout,Low,Resolved,Phone,Operations,Laguna,Agent 02,173,27.67,1.0,True
INC-00860,2026-05-09 06:53:00,2026-05-09 19:36:10.315129,Software,Application,High,Resolved,Portal,Finance,Manila,Agent 08,178,12.72,5.0,False
INC-00861,2026-01-12 09:42:00,2026-01-13 17:31:07.668714,Access,Password Reset,Medium,Resolved,Phone,Marketing,Cavite,Agent 08,321,31.82,4.0,False
INC-00862,2026-06-21 19:46:00,2026-06-23 00:44:29.696668,Software,Browser,Medium,Resolved,Portal,IT,Manila,Agent 04,22,28.97,4.0,False
INC-00863,2026-06-03 22:38:00,2026-06-05 00:23:38.049027,Access,Permission,Medium,Resolved,Chat,Sales,Manila,Agent 05,129,25.76,4.0,False
INC-00864,2026-01-06 03:23:00,2026-01-07 17:11:11.879628,Hardware,Desktop,Low,Resolved,Portal,Operations,Makati,Agent 08,294,37.8,3.0,False
INC-00865,2026-02-09 04:08:00,,Security,Suspicious Login,Critical,In Progress,Portal,IT,Manila,Agent 02,39,,,False
INC-00866,2026-05-11 04:10:00,2026-05-12 09:32:16.500554,Hardware,Monitor,Low,Resolved,Portal,Administration,Quezon City,Agent 08,659,29.37,4.0,False
INC-00867,2026-05-03 21:33:00,2026-05-04 00:26:44.843470,Hardware,Laptop,Critical,Resolved,Email,Operations,Makati,Agent 04,60,2.9,3.0,False
INC-00868,2026-04-10 10:59:00,2026-04-10 19:02:15.780816,Access,Password Reset,Critical,Closed,Phone,Administration,Laguna,Agent 08,9,8.05,5.0,False
INC-00869,2026-06-02 17:46:00,2026-06-03 07:42:11.931880,Software,Microsoft 365,High,Closed,Chat,Finance,Makati,Agent 02,44,13.94,4.0,True
INC-00870,2026-01-28 01:52:00,,Access,Permission,Low,Open,Portal,Sales,Cavite,Agent 01,710,,,False
INC-00871,2026-01-20 17:00:00,2026-01-22 21:45:15.639962,Security,Suspicious Login,Low,Resolved,Portal,Finance,Quezon City,Agent 06,337,52.75,5.0,False
INC-00872,2026-02-01 06:14:00,2026-02-01 20:55:27.433546,Access,Permission,Low,Closed,Chat,Administration,Cavite,Agent 06,626,14.69,5.0,True
INC-00873,2026-03-21 14:20:00,2026-03-22 10:40:55.851200,Network,Wi-Fi,High,Resolved,Portal,Finance,Laguna,Agent 01,199,20.35,5.0,True
INC-00874,2026-01-21 11:24:00,2026-01-21 18:04:18.669215,Access,System Access,Medium,Resolved,Email,Marketing,Quezon City,Agent 04,311,6.67,3.0,False
INC-00875,2026-05-07 18:41:00,2026-05-07 21:29:20.273275,Access,Account Lockout,Critical,Resolved,Email,Marketing,Cavite,Agent 04,90,2.81,5.0,False
INC-00876,2026-06-15 20:39:00,2026-06-17 11:27:07.701181,Network,Wi-Fi,Low,Resolved,Chat,Finance,Laguna,Agent 05,147,38.8,4.0,False
INC-00877,2026-02-04 07:26:00,2026-02-04 21:31:09.942081,Software,Microsoft 365,Low,Resolved,Email,Finance,Manila,Agent 07,145,14.09,4.0,False
INC-00878,2026-04-24 22:38:00,2026-04-25 15:11:01.155950,Hardware,Laptop,High,Resolved,Portal,Sales,Laguna,Agent 05,62,16.55,4.0,False
INC-00879,2026-05-15 09:52:00,2026-05-16 03:17:18.686161,Software,Application,Low,Resolved,Portal,Finance,Manila,Agent 08,143,17.42,5.0,True
INC-00880,2026-04-10 09:12:00,2026-04-11 08:58:41.005356,Software,Application,Medium,Resolved,Portal,IT,Cavite,Agent 08,244,23.78,4.0,False
INC-00881,2026-06-18 17:37:00,2026-06-18 22:13:23.239496,Hardware,Printer,Medium,Closed,Portal,IT,Manila,Agent 05,30,4.61,3.0,False
INC-00882,2026-03-25 23:32:00,2026-03-26 11:08:01.622781,Security,Malware Alert,Medium,Closed,Chat,Finance,Makati,Agent 01,310,11.6,4.0,False
INC-00883,2026-01-25 12:58:00,2026-01-26 07:37:53.848497,Software,Browser,Medium,Resolved,Portal,Marketing,Quezon City,Agent 06,475,18.66,4.0,False
INC-00884,2026-01-12 06:59:00,2026-01-13 18:55:06.806736,Security,Phishing,Medium,Resolved,Email,Human Resources,Makati,Agent 07,398,35.94,5.0,False
INC-00885,2026-02-23 03:11:00,2026-02-24 22:45:56.857071,Hardware,Printer,Low,Resolved,Portal,Finance,Cavite,Agent 08,272,43.58,5.0,True
INC-00886,2026-04-16 11:17:00,2026-04-17 05:58:09.836656,Network,VPN,Medium,Resolved,Portal,Finance,Laguna,Agent 04,318,18.69,4.0,False
INC-00887,2026-02-14 05:21:00,2026-02-14 06:34:29.576944,Hardware,Laptop,Critical,Resolved,Portal,IT,Cavite,Agent 04,30,1.22,4.0,False
INC-00888,2026-02-09 23:28:00,2026-02-10 05:51:07.520467,Hardware,Desktop,Medium,Resolved,Phone,Administration,Cavite,Agent 07,262,6.39,4.0,True
INC-00889,2026-05-14 18:56:00,,Hardware,Laptop,Low,In Progress,Email,Human Resources,Makati,Agent 05,573,,,False
INC-00890,2026-04-25 14:30:00,2026-04-26 06:28:13.033076,,Account Lockout,High,Resolved,Portal,IT,Quezon City,Agent 04,90,15.97,3.0,False
INC-00891,2026-02-28 23:54:00,2026-03-01 15:30:29.572913,Access,System Access,High,Closed,Chat,Finance,Makati,Agent 01,132,15.61,4.0,False
INC-00892,2026-03-03 18:23:00,2026-03-04 14:36:39.401129,Software,Browser,Low,Closed,Email,Administration,Quezon City,Agent 02,377,20.23,4.0,False
INC-00893,2026-01-19 14:24:00,2026-01-20 12:10:31.785143,Hardware,Desktop,Medium,Closed,Email,Human Resources,Quezon City,Agent 08,61,21.78,1.0,True
INC-00894,2026-06-13 19:59:00,2026-06-14 11:24:55.506182,Hardware,Laptop,High,Resolved,Phone,Finance,Cavite,Agent 03,216,15.43,4.0,False
INC-00895,2026-03-16 08:54:00,2026-03-16 14:32:49.998281,Hardware,Desktop,Critical,Resolved,Portal,IT,Manila,Agent 05,81,5.65,5.0,False
INC-00896,2026-01-11 17:18:00,2026-01-12 02:34:38.184978,Access,Permission,Medium,Resolved,Phone,Operations,Laguna,Agent 08,42,9.28,4.0,False
INC-00897,2026-03-10 17:27:00,2026-03-11 21:45:32.765474,Network,VPN,Medium,Resolved,Portal,Human Resources,Laguna,Agent 03,209,28.31,2.0,False
INC-00898,2026-06-08 12:07:00,2026-06-09 20:51:42.722796,Network,Internet,Medium,Closed,Email,Marketing,Quezon City,Agent 08,415,32.75,2.0,False
INC-00899,2026-03-08 21:21:00,2026-03-10 09:45:42.860229,Security,Security Policy,Low,Closed,Portal,Marketing,Quezon City,Agent 01,689,36.41,5.0,False
INC-00900,2026-02-13 17:48:00,2026-02-15 02:28:05.384687,Hardware,Printer,Low,Closed,Portal,Human Resources,Laguna,Agent 05,715,32.67,5.0,False
INC-00901,2026-04-29 01:23:00,,Access,System Access,Low,In Progress,Portal,Administration,Cavite,Agent 02,328,,,False
INC-00902,2026-03-29 18:33:00,2026-03-30 04:17:06.956661,Access,Permission,High,Closed,Email,Sales,Makati,Agent 06,231,9.74,5.0,False
INC-00903,2026-03-12 11:19:00,2026-03-13 02:28:28.588359,Security,Phishing,Medium,Closed,Phone,Operations,Makati,Agent 03,258,15.16,5.0,False
INC-00904,2026-05-31 10:45:00,,Hardware,Desktop,Low,In Progress,Phone,Operations,Makati,Agent 05,155,,,False
INC-00905,2026-05-20 01:38:00,2026-05-21 12:32:12.667459,Access,Password Reset,Low,Closed,Portal,Marketing,Laguna,Agent 02,233,34.9,4.0,False
INC-00906,2026-03-25 13:17:00,2026-03-26 13:08:35.093547,Access,Password Reset,Medium,Resolved,Chat,Administration,Quezon City,Agent 08,459,23.86,3.0,True
INC-00907,2026-03-04 23:29:00,2026-03-05 22:10:19.712050,Access,Password Reset,Low,Resolved,Portal,Marketing,Makati,Agent 01,513,22.69,5.0,False
INC-00908,2026-01-20 10:37:00,2026-01-21 03:41:05.696197,Hardware,Desktop,Medium,Closed,Portal,Operations,Makati,Agent 01,465,17.07,4.0,False
INC-00909,2026-06-05 20:32:00,2026-06-06 12:01:47.281425,Access,Account Lockout,Medium,Resolved,Portal,Human Resources,Makati,Agent 04,142,15.5,5.0,False
INC-00910,2026-03-02 16:48:00,,Software,Operating System,High,Open,Email,Operations,Manila,Agent 06,212,,,False
INC-00911,2026-05-14 06:56:00,2026-05-15 13:55:09.657880,Hardware,Desktop,Medium,Resolved,Phone,Finance,Makati,Agent 01,472,30.99,2.0,False
INC-00912,2026-04-21 17:22:00,2026-04-22 13:38:22.203991,Hardware,Desktop,Medium,Closed,Email,Operations,Cavite,Agent 01,312,20.27,3.0,False
INC-00913,2026-05-22 00:10:00,2026-05-23 00:01:41.706558,Network,Wi-Fi,Low,Closed,Chat,Finance,Makati,Agent 05,488,23.86,5.0,False
INC-00914,2026-06-20 12:38:00,2026-06-21 23:56:09.088343,Hardware,Desktop,Medium,Resolved,Portal,Finance,Manila,Agent 02,330,35.3,3.0,False
INC-00915,2026-06-09 19:32:00,2026-06-10 02:16:17.850366,Security,Security Policy,Critical,Closed,Portal,Human Resources,Laguna,Agent 07,75,6.74,5.0,False
INC-00916,2026-02-07 11:16:00,2026-02-09 11:36:03.240637,Hardware,Printer,Low,Closed,Phone,Marketing,Laguna,Agent 04,331,48.33,5.0,False
INC-00917,2026-04-15 21:14:00,2026-04-17 14:42:03.656329,Hardware,Desktop,Low,Closed,Email,Sales,Laguna,Agent 01,601,41.47,4.0,False
INC-00918,2026-06-16 08:19:00,,Hardware,Desktop,Medium,In Progress,Email,IT,Quezon City,Agent 06,90,,,False
INC-00919,2026-06-27 19:19:00,2026-06-28 07:50:43.526652,Access,Permission,High,Closed,Chat,Sales,Manila,Agent 03,150,12.53,4.0,True
INC-00920,2026-05-24 16:26:00,2026-05-26 07:51:30.910387,Network,Network Access,Low,Closed,Portal,Administration,Makati,Agent 01,130,39.43,5.0,False
INC-00921,2026-06-10 01:23:00,,Access,Permission,Medium,In Progress,Email,Marketing,Cavite,Agent 05,264,,,True
INC-00922,2026-01-30 13:12:00,2026-01-31 00:55:37.398504,Network,Network Access,Medium,Resolved,Chat,Sales,Manila,Agent 01,61,11.73,2.0,True
INC-00923,2026-04-27 13:55:00,2026-04-29 22:49:24.566595,Network,Wi-Fi,Low,Closed,Portal,Finance,Cavite,Agent 01,674,56.91,4.0,False
INC-00924,2026-04-25 04:46:00,2026-04-25 12:22:51.883463,Software,Operating System,Medium,Closed,Portal,Sales,Makati,Agent 01,363,7.61,4.0,False
INC-00925,2026-03-09 00:46:00,2026-03-09 07:14:47.985877,Software,Operating System,High,Resolved,Chat,Marketing,Quezon City,Agent 02,146,6.48,5.0,False
INC-00926,2026-05-20 02:42:00,2026-05-21 15:52:22.214624,Software,Browser,Low,Resolved,Chat,Sales,Manila,Agent 08,239,37.17,3.0,False
INC-00927,2026-02-01 06:29:00,2026-02-01 23:53:58.183096,Access,Permission,Low,Resolved,Portal,Marketing,Cavite,Agent 07,106,17.42,5.0,False
INC-00928,2026-03-12 09:43:00,,Hardware,Monitor,Low,Open,Email,Administration,Manila,Agent 07,272,,,False
INC-00929,2026-02-17 02:33:00,2026-02-17 18:04:41.335294,Software,Microsoft 365,High,Resolved,Chat,IT,Laguna,Agent 03,33,15.53,3.0,False
INC-00930,2026-03-01 14:32:00,,Security,Malware Alert,Medium,In Progress,Portal,Administration,Laguna,Agent 08,467,,,False
INC-00931,2026-02-28 19:32:00,2026-03-01 19:31:46.276255,Hardware,Desktop,Medium,Closed,Chat,Sales,Manila,Agent 06,272,24.0,2.0,False
INC-00932,2026-04-04 00:04:00,2026-04-04 13:19:02.349988,Hardware,Monitor,Low,Resolved,Portal,Administration,Makati,Agent 01,177,13.25,5.0,False
INC-00933,2026-04-14 19:26:00,2026-04-15 17:45:52.546909,Network,Internet,Medium,Resolved,Portal,Sales,Manila,Agent 05,287,22.33,4.0,False
INC-00934,2026-02-10 04:19:00,,Hardware,Printer,Low,In Progress,Portal,Marketing,Cavite,Agent 01,68,,,False
INC-00935,2026-05-10 09:57:00,2026-05-11 12:28:55.809059,Network,VPN,Medium,Closed,Portal,IT,Quezon City,Agent 05,471,26.53,2.0,False
INC-00936,2026-04-02 06:06:00,2026-04-03 01:40:42.903757,Network,Network Access,High,Resolved,Phone,Finance,Laguna,Agent 02,124,19.58,5.0,False
INC-00937,2026-06-06 18:09:00,2026-06-07 07:10:05.243021,Software,Microsoft 365,High,Resolved,Email,IT,Laguna,Agent 08,229,13.02,5.0,True
INC-00938,2026-06-24 17:53:00,2026-06-25 07:29:30.287747,Network,VPN,Medium,Resolved,Phone,Administration,Quezon City,Agent 06,115,13.61,4.0,False
INC-00939,2026-01-08 22:58:00,2026-01-09 17:54:10.727341,Access,System Access,Medium,Resolved,Portal,IT,Laguna,Agent 01,480,18.94,5.0,False
INC-00940,2026-06-13 08:25:00,2026-06-15 04:08:00.660059,Network,VPN,Low,Closed,Phone,Marketing,Cavite,Agent 03,166,43.72,5.0,False
INC-00941,2026-05-17 11:31:00,2026-05-18 05:57:47.697373,Access,Password Reset,Low,Closed,Email,Finance,Cavite,Agent 03,524,18.45,5.0,False
INC-00942,2026-04-05 12:29:00,2026-04-07 21:59:16.486732,Network,Wi-Fi,Low,Resolved,Chat,Marketing,Manila,Agent 07,691,57.5,4.0,False
INC-00943,2026-06-22 17:29:00,,Network,Wi-Fi,Low,In Progress,Email,IT,Quezon City,Agent 02,106,,,False
INC-00944,2026-01-10 02:56:00,,Hardware,Desktop,Medium,In Progress,Phone,Marketing,Makati,Agent 05,221,,,False
INC-00945,2026-06-08 07:19:00,2026-06-08 19:24:41.592194,Software,Application,High,Closed,Email,Human Resources,Makati,Agent 06,226,12.09,1.0,False
INC-00946,2026-01-10 12:04:00,2026-01-11 09:50:16.472203,Security,Malware Alert,Medium,Resolved,Portal,Finance,Cavite,Agent 02,335,21.77,5.0,False
INC-00947,2026-04-13 05:33:00,,Hardware,Printer,Low,In Progress,Phone,Marketing,Quezon City,Agent 06,368,,,False
INC-00948,2026-02-12 04:43:00,2026-02-13 04:43:58.798643,Security,Security Policy,Medium,Resolved,Portal,Sales,Cavite,Agent 05,281,24.02,4.0,False
INC-00949,2026-06-27 14:36:00,,Access,Permission,Low,Open,Email,Marketing,Manila,Agent 02,56,,,False
INC-00950,2026-03-02 04:28:00,2026-03-02 12:46:41.477337,Hardware,Printer,Medium,Closed,Email,IT,Makati,Agent 02,429,8.31,3.0,False
INC-00951,2026-04-09 20:01:00,2026-04-11 00:38:01.899244,Network,VPN,Medium,Closed,Email,Operations,Quezon City,Agent 07,93,28.62,3.0,False
INC-00952,2026-03-15 07:08:00,,Access,Account Lockout,Medium,Open,Portal,IT,Makati,Agent 06,289,,,False
INC-00953,2026-06-05 04:53:00,,Access,Password Reset,Medium,In Progress,Email,Finance,Makati,Agent 04,23,,,False
INC-00954,2026-02-10 06:57:00,2026-02-10 16:47:36.921930,Hardware,Laptop,High,Closed,Portal,Sales,Cavite,Agent 08,16,9.84,4.0,False
INC-00955,2026-05-04 04:37:00,2026-05-04 21:02:00.900690,Access,System Access,Medium,Resolved,Email,Operations,Quezon City,Agent 05,36,16.42,4.0,False
INC-00956,2026-06-15 16:00:00,2026-06-16 19:58:55.090558,Network,Internet,Medium,Resolved,Portal,Human Resources,Laguna,Agent 02,371,27.98,4.0,False
INC-00957,2026-04-16 05:50:00,,Access,Password Reset,Low,Open,Email,Marketing,Quezon City,Agent 04,467,,,False
INC-00958,2026-06-17 12:24:00,2026-06-18 04:24:47.685547,Hardware,Printer,Low,Closed,Portal,Human Resources,Makati,Agent 06,280,16.01,4.0,False
INC-00959,2026-05-27 11:21:00,2026-05-28 22:16:56.846312,Access,System Access,Low,Resolved,Phone,Operations,Makati,Agent 01,289,34.93,5.0,False
INC-00960,2026-03-05 22:45:00,,Software,Browser,Medium,In Progress,Portal,Human Resources,Manila,Agent 06,408,,,False
INC-00961,2026-02-08 00:57:00,2026-02-08 23:23:05.007347,Hardware,Printer,Low,Closed,Chat,Marketing,Makati,Agent 03,130,22.43,3.0,False
INC-00962,2026-03-31 23:20:00,2026-04-02 00:50:07.392668,Software,Operating System,Medium,Resolved,Chat,Sales,Quezon City,Agent 08,361,25.5,5.0,False
INC-00963,2026-06-15 02:47:00,2026-06-15 18:07:17.236936,Security,Phishing,Low,Closed,Email,Operations,Makati,Agent 07,617,15.34,5.0,False
INC-00964,2026-06-19 00:49:00,2026-06-19 21:02:48.174246,Access,Password Reset,Medium,Resolved,Portal,Human Resources,Quezon City,Agent 06,264,20.23,5.0,False
INC-00965,2026-02-07 13:34:00,2026-02-08 04:09:59.874552,Security,Phishing,Low,Resolved,Portal,Finance,Quezon City,Agent 02,184,14.6,4.0,False
INC-00966,2026-01-29 13:03:00,2026-01-30 22:09:19.318557,Network,Internet,Low,Resolved,Phone,IT,Manila,Agent 02,162,33.11,5.0,False
INC-00967,2026-03-17 19:31:00,2026-03-18 05:07:00.541684,Software,Browser,Low,Resolved,Portal,IT,Makati,Agent 01,419,9.6,4.0,False
INC-00968,2026-06-10 17:54:00,2026-06-12 08:44:11.328963,Hardware,Printer,Low,Resolved,Email,Finance,Quezon City,Agent 07,375,38.84,3.0,False
INC-00969,2026-02-24 22:45:00,2026-02-25 07:49:31.905648,Network,Wi-Fi,Critical,Closed,Portal,Sales,Manila,Agent 01,79,9.08,2.0,False
INC-00970,2026-02-24 00:55:00,2026-02-25 14:31:46.439991,Software,Application,Medium,Resolved,Portal,Sales,Cavite,Agent 03,474,37.61,4.0,False
INC-00971,2026-01-22 14:43:00,2026-01-23 09:15:45.947530,Software,Operating System,Low,Resolved,Email,Marketing,Manila,Agent 08,634,18.55,2.0,False
INC-00972,2026-06-29 09:44:00,2026-06-30 04:38:24.554212,Security,Malware Alert,High,Resolved,Portal,IT,Manila,Agent 04,14,18.91,4.0,False
INC-00973,2026-03-14 14:30:00,,Access,Password Reset,Medium,In Progress,Portal,Administration,Cavite,Agent 06,148,,,True
INC-00974,2026-05-12 04:11:00,2026-05-12 15:17:39.378686,Access,System Access,Medium,Resolved,Email,Marketing,Manila,Agent 02,432,11.11,2.0,False
INC-00975,2026-01-28 05:03:00,2026-01-28 14:58:08.712523,Network,Internet,Medium,Closed,Phone,IT,Cavite,Agent 08,195,9.92,3.0,False
INC-00976,2026-05-06 10:14:00,2026-05-06 14:33:48.729321,Hardware,Laptop,High,Resolved,Phone,Operations,Cavite,Agent 05,39,4.33,4.0,False
INC-00977,2026-03-27 06:47:00,,Software,Operating System,Medium,Open,Portal,Human Resources,Manila,Agent 01,330,,,False
INC-00978,2026-01-21 12:03:00,2026-01-21 16:48:41.331650,Access,System Access,High,Closed,Phone,Sales,Laguna,Agent 03,222,4.76,4.0,False
INC-00979,2026-04-25 20:05:00,2026-04-26 17:27:52.773421,Software,Application,Medium,Resolved,Email,Finance,Manila,Agent 01,83,21.38,5.0,True
INC-00980,2026-02-14 01:26:00,2026-02-15 07:06:25.671605,Network,Wi-Fi,Medium,Resolved,Portal,IT,Manila,Agent 06,276,29.67,4.0,False
INC-00981,2026-04-17 13:02:00,2026-04-17 19:32:17.121744,Security,Malware Alert,Medium,Closed,Email,Marketing,Laguna,Agent 02,72,6.5,4.0,False
INC-00982,2026-05-30 19:24:00,,Software,Browser,Medium,In Progress,Portal,Human Resources,Quezon City,Agent 05,248,,,True
INC-00983,2026-02-24 15:56:00,2026-02-25 07:08:42.460691,Access,Permission,Low,Resolved,Portal,IT,Makati,Agent 01,501,15.21,4.0,False
INC-00984,2026-04-05 23:21:00,2026-04-07 11:32:18.040299,Network,Wi-Fi,Low,Closed,Chat,Marketing,Manila,Agent 04,659,36.19,5.0,True
INC-00985,2026-06-19 17:20:00,2026-06-20 03:19:32.323238,Software,Microsoft 365,Medium,Resolved,Portal,IT,Quezon City,Agent 05,299,9.99,5.0,False
INC-00986,2026-01-03 18:24:00,2026-01-04 07:13:08.686293,Network,VPN,Medium,Resolved,Portal,Marketing,Cavite,Agent 08,152,12.82,3.0,False
INC-00987,2026-05-11 17:03:00,2026-05-12 08:57:50.739592,Network,Wi-Fi,Medium,Closed,Email,IT,Manila,Agent 03,158,15.91,5.0,False
INC-00988,2026-02-28 04:01:00,2026-03-01 00:28:14.423853,Security,Security Policy,Medium,Resolved,Email,Finance,Quezon City,Agent 06,424,20.45,3.0,False
INC-00989,2026-02-16 09:59:00,2026-02-17 11:49:11.421658,Network,VPN,Low,Closed,Portal,Finance,Laguna,Agent 07,649,25.84,3.0,False
INC-00990,2026-05-24 11:32:00,2026-05-25 14:09:24.267630,Hardware,Monitor,Medium,Resolved,Email,Sales,Manila,Agent 03,101,26.62,3.0,False
INC-00991,2026-06-07 01:24:00,,Network,VPN,Low,In Progress,Portal,IT,Quezon City,Agent 04,170,,,False
INC-00992,2026-01-23 10:14:00,2026-01-24 14:28:33.266189,Security,Security Policy,Medium,Resolved,Email,Finance,Quezon City,Agent 02,320,28.24,5.0,False
INC-00993,2026-02-17 08:29:00,2026-02-17 19:39:31.904494,Network,Internet,Low,Resolved,Portal,Sales,Manila,Agent 06,290,11.18,3.0,False
INC-00994,2026-03-23 22:11:00,2026-03-24 21:53:57.698570,Software,Application,Medium,Resolved,Email,Marketing,Manila,Agent 07,376,23.72,5.0,False
INC-00995,2026-05-20 18:28:00,,Access,Password Reset,Medium,Open,Email,Operations,Quezon City,Agent 01,463,,,False
INC-00996,2026-03-25 21:14:00,2026-03-27 07:33:43.527012,Hardware,Printer,Low,Resolved,Email,Marketing,Manila,Agent 04,433,34.33,3.0,False
INC-00997,2026-03-25 11:36:00,2026-03-26 00:32:22.974382,Software,Operating System,Low,Closed,Portal,Marketing,Cavite,Agent 02,351,12.94,2.0,False
INC-00998,2026-01-30 02:24:00,2026-01-30 22:32:42.664097,Software,Application,Low,Resolved,Chat,IT,Manila,Agent 06,462,20.15,4.0,False
INC-00999,2026-04-08 16:34:00,2026-04-09 21:48:49.415069,Software,Browser,Low,Resolved,Portal,Operations,Cavite,Agent 01,55,29.25,3.0,True
INC-01000,2026-04-21 16:58:00,2026-04-23 00:49:07.979482,Security,Security Policy,Medium,Resolved,Email,IT,Quezon City,Agent 07,424,31.85,5.0,False
INC-01001,2026-02-19 17:17:00,2026-02-20 08:56:58.897176,Software,Microsoft 365,Medium,Closed,Phone,Operations,Cavite,Agent 04,237,15.67,5.0,False
INC-01002,2026-06-04 20:45:00,2026-06-05 07:31:19.741713,Hardware,Monitor,Low,Resolved,Email,Finance,Laguna,Agent 06,84,10.77,5.0,False
INC-01003,2026-06-06 02:17:00,2026-06-06 07:10:51.094730,Software,Operating System,Medium,Resolved,Portal,Sales,Makati,Agent 06,60,4.9,4.0,False
INC-01004,2026-05-02 20:05:00,2026-05-02 22:48:23.607424,Network,Network Access,Critical,Resolved,Email,Marketing,Manila,Agent 02,68,2.72,4.0,False
INC-01005,2026-02-12 21:47:00,2026-02-13 10:48:11.998940,Software,Microsoft 365,High,Closed,Email,Human Resources,Laguna,Agent 05,196,13.02,5.0,False
INC-01006,2026-04-29 18:54:00,2026-04-30 02:44:12.087816,Hardware,Printer,Medium,Resolved,Phone,Administration,Quezon City,Agent 01,106,7.84,5.0,False
INC-01007,2026-06-23 14:39:00,2026-06-24 16:34:11.728593,Software,Application,Medium,Resolved,Phone,Operations,Manila,Agent 01,208,25.92,2.0,True
INC-01008,2026-04-26 14:57:00,,Hardware,Monitor,Low,In Progress,Portal,Administration,Laguna,Agent 02,437,,,False
INC-01009,2026-06-25 05:47:00,2026-06-25 11:53:45.245546,Network,VPN,Medium,Closed,Email,Administration,Quezon City,Agent 07,201,6.11,4.0,False
INC-01010,2026-03-25 18:36:00,2026-03-26 04:51:21.719948,Hardware,Printer,Medium,Resolved,Email,Sales,Quezon City,Agent 04,156,10.26,5.0,False
INC-01011,2026-05-10 09:46:00,2026-05-11 02:22:12.372325,Network,Internet,Medium,Resolved,Phone,Sales,Laguna,Agent 08,451,16.6,4.0,False
INC-01012,2026-06-04 21:08:00,2026-06-05 11:51:28.542612,Hardware,Desktop,High,Resolved,Chat,IT,Manila,Agent 08,13,14.72,3.0,False
INC-01013,2026-06-09 19:23:00,2026-06-10 08:42:47.577059,Hardware,Monitor,High,Closed,Portal,Operations,Quezon City,Agent 07,141,13.33,5.0,False
INC-01014,2026-04-07 07:56:00,2026-04-08 12:48:38.027276,Network,Network Access,Low,Resolved,Phone,IT,Makati,Agent 05,121,28.88,3.0,False
INC-01015,2026-02-08 03:50:00,,Network,VPN,Medium,Open,Email,Human Resources,Makati,Agent 02,301,,,False
INC-01016,2026-02-12 04:58:00,2026-02-12 09:49:44.401448,Access,Account Lockout,Critical,Resolved,Portal,Marketing,Manila,Agent 04,34,4.86,4.0,False
INC-01017,2026-04-09 04:09:00,2026-04-10 11:33:32.140720,Hardware,Laptop,Medium,Resolved,Portal,IT,Quezon City,Agent 08,438,31.41,3.0,False
INC-01018,2026-03-12 14:22:00,2026-03-13 09:01:04.943400,Security,Malware Alert,Medium,Closed,Email,Marketing,Manila,Agent 08,348,18.65,4.0,False
INC-01019,2026-03-13 11:14:00,,Hardware,Laptop,Medium,Open,Phone,Human Resources,Manila,Agent 06,214,,,False
INC-01020,2026-03-10 03:08:00,2026-03-11 04:22:35.295382,Access,Password Reset,Medium,Resolved,Chat,IT,Laguna,Agent 07,221,25.24,5.0,False
INC-01021,2026-06-08 16:01:00,2026-06-09 05:56:01.195311,Hardware,Monitor,Medium,Resolved,Email,Marketing,Quezon City,Agent 05,27,13.92,3.0,False
INC-01022,2026-05-19 14:47:00,2026-05-20 07:35:32.678969,Network,Network Access,Low,Closed,Portal,Administration,Manila,Agent 04,562,16.81,5.0,True
INC-01023,2026-04-07 00:47:00,2026-04-07 13:25:15.293877,Hardware,Monitor,Low,Closed,Portal,Finance,Quezon City,Agent 08,272,12.64,5.0,False
INC-01024,2026-05-27 12:34:00,,Network,VPN,Medium,Open,Portal,Finance,Quezon City,Agent 01,421,,,False
INC-01025,2026-05-05 10:07:00,2026-05-06 17:15:11.297794,Software,Microsoft 365,Medium,Resolved,Portal,IT,Manila,Agent 03,421,31.14,2.0,False
INC-01026,2026-03-27 17:29:00,2026-03-28 05:53:36.476803,Software,Browser,Medium,Closed,Email,Human Resources,Quezon City,Agent 08,47,12.41,4.0,False
INC-01027,2026-02-02 12:31:00,2026-02-04 10:10:08.853022,Software,Microsoft 365,Low,Resolved,Phone,Human Resources,Manila,Agent 03,30,45.65,5.0,False
INC-01028,2026-02-15 17:10:00,2026-02-16 02:16:47.362086,Software,Microsoft 365,Medium,Resolved,Email,Human Resources,Cavite,Agent 08,332,9.11,5.0,False
INC-01029,2026-05-19 12:44:00,2026-05-21 11:43:36.021502,Network,Network Access,Low,Resolved,Email,Sales,Manila,Agent 07,97,46.99,2.0,False
INC-01030,2026-02-17 14:35:00,2026-02-18 00:29:37.101598,Hardware,Desktop,High,Resolved,Chat,Finance,Manila,Agent 06,102,9.91,3.0,True
INC-01031,2026-06-29 22:18:00,2026-06-30 07:45:22.317574,Software,Operating System,Medium,Resolved,Portal,Finance,Laguna,Agent 05,313,9.46,4.0,False
INC-01032,2026-03-13 16:07:00,2026-03-14 04:54:24.235279,Network,VPN,High,Closed,Portal,Human Resources,Quezon City,Agent 05,197,12.79,4.0,False
INC-01033,2026-03-08 11:20:00,2026-03-09 23:55:44.153181,Access,Password Reset,Low,Resolved,Phone,Administration,Manila,Agent 01,390,36.6,3.0,False
INC-01034,2026-02-08 14:21:00,2026-02-09 20:38:52.652075,Access,Permission,Medium,Closed,Portal,Administration,Makati,Agent 06,461,30.3,3.0,False
INC-01035,2026-03-23 07:46:00,2026-03-23 15:29:23.444400,Software,Application,High,Resolved,Portal,Marketing,Cavite,Agent 03,86,7.72,5.0,False
INC-01036,2026-04-12 05:26:00,2026-04-13 04:40:03.920738,Network,Network Access,Medium,Resolved,Portal,Operations,Manila,Agent 06,393,23.23,2.0,False
INC-01037,2026-01-26 15:47:00,2026-01-27 17:16:28.072476,Network,Internet,Medium,Closed,Portal,Human Resources,Manila,Agent 02,68,25.49,4.0,False
INC-01038,2026-06-28 02:50:00,2026-06-29 00:28:39.782703,Hardware,Laptop,Medium,Closed,Portal,Human Resources,Cavite,Agent 05,477,21.64,4.0,False
INC-01039,2026-03-23 03:47:00,2026-03-23 13:37:09.736633,Hardware,Desktop,High,Resolved,Phone,IT,Manila,Agent 02,98,9.84,4.0,False
INC-01040,2026-06-02 18:47:00,2026-06-04 10:19:26.224517,Hardware,Monitor,Low,Resolved,Portal,Human Resources,Makati,Agent 08,392,39.54,5.0,True
INC-01041,2026-06-26 19:45:00,2026-06-27 05:48:48.383977,Security,Suspicious Login,High,Resolved,Portal,Operations,Manila,Agent 04,42,10.06,5.0,True
INC-01042,2026-05-20 12:15:00,2026-05-20 22:37:19.107868,Network,Internet,High,Resolved,Chat,Operations,Quezon City,Agent 03,185,10.37,4.0,False
INC-01043,2026-01-19 18:39:00,2026-01-21 02:01:03.792007,Security,Phishing,Medium,Resolved,Portal,Sales,Quezon City,Agent 01,264,31.37,5.0,False
INC-01044,2026-02-27 00:42:00,2026-02-27 06:10:00.414172,Access,Account Lockout,Medium,Resolved,Portal,Operations,Cavite,Agent 06,254,5.47,1.0,False
INC-01045,2026-04-28 18:20:00,2026-04-30 13:11:42.985892,Security,Suspicious Login,Low,Resolved,Chat,Human Resources,Cavite,Agent 02,626,42.86,3.0,False
INC-01046,2026-04-02 08:20:00,2026-04-02 14:48:15.805056,Hardware,Laptop,Medium,Resolved,Email,Finance,Laguna,Agent 01,304,6.47,4.0,False
INC-01047,2026-03-24 19:18:00,,Access,Password Reset,Low,In Progress,Portal,Sales,Cavite,Agent 08,119,,,False
INC-01048,2026-01-03 23:41:00,2026-01-04 12:03:33.360383,Software,Operating System,Low,Resolved,Chat,Human Resources,Laguna,Agent 03,408,12.38,4.0,True
INC-01049,2026-02-16 06:27:00,2026-02-16 16:02:12.013521,Software,Microsoft 365,High,Resolved,Phone,Human Resources,Quezon City,Agent 01,175,9.59,5.0,False
INC-01050,2026-05-09 14:54:00,2026-05-10 12:08:03.707645,Access,Password Reset,Medium,Resolved,Portal,Sales,Manila,Agent 02,190,21.23,5.0,False
INC-01051,2026-03-02 16:20:00,2026-03-03 11:52:15.697054,Network,Internet,Medium,Closed,Portal,IT,Manila,Agent 06,459,19.54,4.0,False
INC-01052,2026-05-12 04:42:00,2026-05-12 23:30:15.902496,Access,Permission,Low,Resolved,Chat,Administration,Manila,Agent 02,518,18.8,5.0,False
INC-01053,2026-06-17 07:12:00,2026-06-18 14:02:13.806020,Hardware,Desktop,Low,Closed,Email,Operations,Laguna,Agent 05,567,30.84,3.0,True
INC-01054,2026-02-26 04:28:00,2026-02-27 22:26:26.950526,Hardware,Laptop,Low,Resolved,Portal,Finance,Cavite,Agent 03,479,41.97,5.0,False
INC-01055,2026-01-01 23:17:00,,Network,Network Access,Low,Open,Email,Operations,Laguna,Agent 04,88,,,False
INC-01056,2026-02-03 02:25:00,2026-02-04 06:44:13.265096,Access,System Access,Medium,Closed,Portal,Marketing,Manila,Agent 04,102,28.32,4.0,False
INC-01057,2026-03-09 08:27:00,,Network,VPN,Medium,In Progress,Chat,Human Resources,Manila,Agent 01,440,,,False
INC-01058,2026-05-05 00:28:00,2026-05-05 17:21:46.214531,Software,Browser,Medium,Resolved,Phone,Human Resources,Manila,Agent 07,227,16.9,5.0,False
INC-01059,2026-04-03 12:20:00,2026-04-03 17:08:56.956347,Hardware,Desktop,Medium,Resolved,Chat,Finance,Quezon City,Agent 07,166,4.82,3.0,False
INC-01060,2026-02-12 15:29:00,2026-02-12 23:30:23.987461,Access,Account Lockout,Medium,Resolved,Portal,Operations,Quezon City,Agent 07,217,8.02,3.0,False
INC-01061,2026-01-26 23:10:00,2026-01-27 20:51:38.706888,Hardware,Printer,High,Resolved,Portal,Operations,Cavite,Agent 03,236,21.69,4.0,False
INC-01062,2026-03-09 07:31:00,2026-03-10 19:37:35.152374,Security,Malware Alert,Medium,Resolved,Phone,Administration,Manila,Agent 07,432,36.11,5.0,False
INC-01063,2026-06-26 08:13:00,2026-06-26 17:35:42.095458,Network,Wi-Fi,Medium,Resolved,Email,Operations,Makati,Agent 01,454,9.38,5.0,False
INC-01064,2026-06-12 11:27:00,,Software,Application,Medium,Open,Phone,Sales,Quezon City,Agent 05,142,,,False
INC-01065,2026-01-17 14:42:00,2026-01-18 03:49:41.640890,Security,Suspicious Login,Medium,Resolved,Chat,Marketing,Quezon City,Agent 07,84,13.13,4.0,False
INC-01066,2026-03-24 12:40:00,2026-03-25 17:19:00.029846,Security,Suspicious Login,Medium,Closed,Phone,Human Resources,Laguna,Agent 03,174,28.65,5.0,False
INC-01067,2026-06-20 09:02:00,2026-06-22 16:46:02.750306,Software,Microsoft 365,Low,Closed,Portal,Administration,Cavite,Agent 01,627,55.73,4.0,False
INC-01068,2026-01-08 18:13:00,2026-01-10 17:05:31.021766,Hardware,Monitor,Low,Closed,Phone,Human Resources,Manila,Agent 01,154,46.88,4.0,False
INC-01069,2026-04-21 17:15:00,2026-04-23 17:07:12.607123,Security,Suspicious Login,Low,Closed,Email,Administration,Cavite,Agent 03,295,47.87,5.0,False
INC-01070,2026-04-24 15:47:00,2026-04-25 02:26:15.828664,Security,Phishing,Medium,Resolved,Portal,Operations,Makati,Agent 04,240,10.65,2.0,False
INC-01071,2026-04-05 11:06:00,2026-04-05 23:51:32.361540,Security,Suspicious Login,High,Closed,Phone,Marketing,Manila,Agent 01,19,12.76,2.0,False
INC-01072,2026-02-25 13:35:00,2026-02-28 00:28:56.081614,Software,Browser,Low,Closed,Email,Operations,Makati,Agent 02,672,58.9,4.0,False
INC-01073,2026-03-05 11:44:00,2026-03-07 04:00:45.841168,Hardware,Monitor,Low,Resolved,Phone,Marketing,Makati,Agent 08,412,40.28,5.0,False
INC-01074,2026-04-04 16:10:00,2026-04-04 19:51:27.779431,Hardware,Desktop,High,Closed,Portal,Human Resources,Manila,Agent 05,100,3.69,1.0,False
INC-01075,2026-05-10 05:24:00,,Access,System Access,Low,In Progress,Email,Marketing,Laguna,Agent 02,234,,,True
INC-01076,2026-05-23 23:08:00,2026-05-25 11:23:46.138164,Hardware,Monitor,Low,Closed,Portal,Administration,Quezon City,Agent 04,217,36.26,3.0,False
INC-01077,2026-02-23 07:23:00,,Access,System Access,Low,Open,Portal,Operations,Makati,Agent 03,186,,,True
INC-01078,2026-06-20 23:23:00,2026-06-21 23:38:52.533308,Hardware,Printer,Low,Closed,Email,Marketing,Quezon City,Agent 03,218,24.26,5.0,False
INC-01079,2026-01-18 22:06:00,2026-01-19 14:13:09.119976,Network,Network Access,Low,Resolved,Chat,Administration,Laguna,Agent 04,86,16.12,3.0,False
INC-01080,2026-04-09 05:57:00,2026-04-09 18:15:52.510236,Software,Microsoft 365,Medium,Resolved,Portal,Finance,Manila,Agent 04,280,12.31,4.0,True
INC-01081,2026-06-10 22:31:00,2026-06-11 05:47:46.657969,Access,System Access,Low,Resolved,Portal,Marketing,Manila,Agent 03,118,7.28,4.0,True
INC-01082,2026-04-26 18:40:00,2026-04-26 21:01:35.920578,Security,Phishing,Medium,Resolved,Portal,Human Resources,Quezon City,Agent 06,50,2.36,4.0,True
INC-01083,2026-01-19 06:53:00,2026-01-20 17:11:15.938124,Access,System Access,Low,Closed,Phone,Finance,Makati,Agent 05,470,34.3,4.0,False
INC-01084,2026-02-03 14:56:00,2026-02-04 01:20:54.722333,Hardware,Monitor,High,Closed,Email,Administration,Quezon City,Agent 03,96,10.42,4.0,False
INC-01085,2026-03-21 06:25:00,2026-03-22 22:56:56.302441,Security,Suspicious Login,Low,Resolved,Portal,IT,Laguna,Agent 06,554,40.53,3.0,True
INC-01086,2026-03-14 16:22:00,2026-03-15 07:09:49.496945,Access,Permission,Medium,Resolved,Portal,Operations,Quezon City,Agent 08,20,14.8,5.0,False
INC-01087,2026-04-09 11:51:00,2026-04-10 03:09:40.111036,Software,Operating System,Medium,Resolved,Chat,Finance,Laguna,Agent 04,151,15.31,4.0,True
INC-01088,2026-01-29 21:40:00,2026-01-30 06:08:14.775235,Access,Permission,Medium,Closed,Portal,Sales,Laguna,Agent 02,90,8.47,5.0,False
INC-01089,2026-03-18 08:00:00,,Software,Browser,Medium,Open,Portal,IT,Makati,Agent 07,334,,,False
INC-01090,2026-03-05 10:11:00,,Network,Wi-Fi,Medium,Open,Portal,Operations,Laguna,Agent 07,467,,,False
INC-01091,2026-04-12 19:26:00,,Software,Application,Medium,Open,Phone,Operations,Quezon City,Agent 02,145,,,False
INC-01092,2026-04-15 09:00:00,2026-04-16 05:26:14.846204,Network,Wi-Fi,Low,Resolved,Portal,Human Resources,Quezon City,Agent 05,703,20.44,4.0,False
INC-01093,2026-02-03 02:05:00,2026-02-04 04:33:50.838667,Security,Suspicious Login,Low,Closed,Email,Finance,Quezon City,Agent 08,147,26.48,3.0,False
INC-01094,2026-03-04 00:20:00,2026-03-04 08:21:30.817844,Software,Application,Medium,Resolved,Portal,Administration,Makati,Agent 01,310,8.03,2.0,True
INC-01095,2026-04-11 12:09:00,2026-04-13 03:35:17.206190,Access,Permission,Low,Closed,Phone,Human Resources,Laguna,Agent 06,639,39.44,4.0,False
INC-01096,2026-02-18 08:51:00,2026-02-18 20:05:15.994238,Access,Account Lockout,High,Closed,Email,Operations,Quezon City,Agent 05,66,11.24,3.0,False
INC-01097,2026-02-19 10:34:00,2026-02-20 22:21:37.455108,Hardware,Monitor,Low,Resolved,Portal,Human Resources,Manila,Agent 04,217,35.79,4.0,False
INC-01098,2026-02-06 19:25:00,,Network,Network Access,Medium,In Progress,Portal,Finance,Manila,Agent 06,405,,,False
INC-01099,2026-04-30 08:59:00,2026-04-30 19:30:22.965198,Access,Password Reset,Medium,Resolved,Chat,Sales,Cavite,Agent 02,174,10.52,5.0,False
INC-01100,2026-02-20 06:51:00,2026-02-20 13:58:15.635084,Access,Permission,Medium,Resolved,Portal,Sales,Cavite,Agent 03,339,7.12,2.0,False
INC-01101,2026-06-27 04:11:00,2026-06-29 08:53:34.110787,Hardware,Laptop,Low,Closed,Email,Sales,Laguna,Agent 02,468,52.71,4.0,False
INC-01102,2026-02-23 01:54:00,2026-02-24 08:55:54.898136,Access,Permission,Low,Resolved,Phone,Human Resources,Cavite,Agent 06,207,31.03,3.0,False
INC-01103,2026-01-24 15:30:00,2026-01-25 10:14:46.827636,Security,Malware Alert,Low,Closed,Portal,Sales,Manila,Agent 01,197,18.75,5.0,False
INC-01104,2026-03-24 08:53:00,2026-03-24 22:13:12.331173,Software,Operating System,Medium,Resolved,Chat,Administration,Laguna,Agent 08,422,13.34,4.0,False
INC-01105,2026-05-10 02:11:00,2026-05-11 22:03:09.448401,Access,System Access,Low,Resolved,Portal,IT,Makati,Agent 06,354,43.87,5.0,False
INC-01106,2026-05-27 02:36:00,2026-05-27 11:37:47.045353,Access,Account Lockout,High,Closed,Portal,IT,Makati,Agent 08,31,9.03,3.0,False
INC-01107,2026-01-13 16:32:00,2026-01-14 06:10:08.688097,Network,Network Access,High,Resolved,Phone,Finance,Manila,Agent 08,171,13.64,3.0,False
INC-01108,2026-03-07 08:31:00,2026-03-07 19:47:18.888016,Network,Internet,Medium,Resolved,Email,Human Resources,Laguna,Agent 07,113,11.27,4.0,False
INC-01109,2026-02-21 09:53:00,2026-02-21 22:50:03.032198,Access,System Access,High,Resolved,Email,Human Resources,Manila,Agent 04,223,12.95,5.0,True
INC-01110,2026-01-19 20:53:00,2026-01-21 03:34:15.908531,Software,Browser,Low,Closed,Portal,IT,Laguna,Agent 06,350,30.69,4.0,False
INC-01111,2026-03-23 05:49:00,2026-03-24 13:40:19.843361,Security,Suspicious Login,Medium,Resolved,Email,Sales,Laguna,Agent 08,310,31.86,5.0,False
INC-01112,2026-02-25 01:26:00,2026-02-26 17:36:07.363596,Network,VPN,Low,Resolved,Email,Finance,Cavite,Agent 07,355,40.17,5.0,False
INC-01113,2026-01-20 11:26:00,2026-01-21 02:59:58.670322,Software,Application,Medium,Closed,Chat,Finance,Laguna,Agent 07,283,15.57,3.0,False
INC-01114,2026-01-17 21:55:00,2026-01-19 14:58:37.576187,Access,Password Reset,Low,Resolved,Portal,Administration,Makati,Agent 03,185,41.06,5.0,False
INC-01115,2026-01-27 19:53:00,2026-01-28 08:25:11.325814,Network,Network Access,Medium,Resolved,Portal,Sales,Cavite,Agent 01,154,12.54,5.0,True
INC-01116,2026-03-04 10:42:00,2026-03-05 05:02:46.480488,Access,Account Lockout,Medium,Closed,Portal,Sales,Laguna,Agent 08,346,18.35,4.0,False
INC-01117,2026-01-20 06:35:00,2026-01-21 03:21:43.740847,Hardware,Desktop,Low,Resolved,Email,Sales,Makati,Agent 03,342,20.78,2.0,False
INC-01118,2026-05-31 20:48:00,2026-06-01 14:11:26.208683,Security,Phishing,Low,Closed,Chat,Sales,Makati,Agent 07,657,17.39,4.0,True
INC-01119,2026-01-16 00:11:00,2026-01-16 23:39:30.658490,Access,System Access,Medium,Resolved,Phone,IT,Makati,Agent 01,402,23.48,4.0,True
INC-01120,2026-04-01 18:52:00,2026-04-02 12:20:43.704975,Access,Permission,Low,Closed,Portal,Human Resources,Quezon City,Agent 01,457,17.48,4.0,False
INC-01121,2026-05-23 07:03:00,,Software,Operating System,Medium,In Progress,Chat,Administration,Makati,Agent 03,332,,,False
INC-01122,2026-06-12 03:53:00,,Access,Account Lockout,Low,In Progress,Portal,IT,Manila,Agent 06,585,,,False
INC-01123,2026-01-20 06:28:00,2026-01-21 11:20:23.969062,Software,Browser,Medium,Resolved,Portal,Administration,Manila,Agent 01,425,28.87,5.0,False
INC-01124,2026-03-25 23:54:00,2026-03-26 17:41:08.158124,Hardware,Desktop,Medium,Resolved,Portal,Administration,Manila,Agent 08,272,17.79,4.0,True
INC-01125,2026-04-30 20:42:00,2026-05-01 09:42:05.511759,Access,Password Reset,High,Resolved,Phone,Human Resources,Manila,Agent 03,127,13.0,4.0,False
INC-01126,2026-06-29 13:20:00,2026-06-30 05:31:32.398330,Network,Wi-Fi,Medium,Resolved,Email,IT,Manila,Agent 03,293,16.19,4.0,False
INC-01127,2026-04-24 10:10:00,,Network,VPN,Low,In Progress,Email,Operations,Laguna,Agent 01,623,,,False
INC-01128,2026-04-23 19:35:00,2026-04-24 14:21:48.171113,Network,VPN,Medium,Closed,Portal,Marketing,Cavite,,31,18.78,3.0,False
INC-01129,2026-01-29 14:01:00,2026-01-30 08:27:27.064116,Network,Wi-Fi,Medium,Resolved,Email,Marketing,Makati,Agent 05,449,18.44,5.0,False
INC-01130,2026-06-19 21:50:00,2026-06-22 03:25:59.587283,Software,Microsoft 365,Low,Resolved,Portal,Administration,Quezon City,Agent 03,433,53.6,4.0,False
INC-01131,2026-03-11 18:14:00,,Hardware,Monitor,Low,In Progress,Portal,Finance,Manila,Agent 03,397,,,True
INC-01132,2026-06-20 18:27:00,2026-06-21 15:39:35.138069,Access,Account Lockout,High,Closed,Phone,Operations,Laguna,Agent 05,198,21.21,4.0,False
INC-01133,2026-01-12 23:11:00,2026-01-14 08:46:10.313525,Hardware,Monitor,Medium,Resolved,Chat,Finance,Manila,Agent 04,409,33.59,3.0,False
INC-01134,2026-04-23 18:28:00,2026-04-24 04:21:55.813717,Security,Security Policy,Low,Closed,Portal,Administration,Quezon City,Agent 04,331,9.9,4.0,False
INC-01135,2026-06-26 04:11:00,2026-06-26 17:21:00.822453,Hardware,Laptop,Low,Resolved,Portal,Human Resources,Laguna,Agent 06,307,13.17,4.0,False
INC-01136,2026-02-06 04:18:00,2026-02-06 23:49:03.650591,Network,Network Access,High,Resolved,Portal,Operations,Manila,Agent 07,162,19.52,3.0,False
INC-01137,2026-01-08 08:49:00,2026-01-09 08:46:27.805103,Hardware,Laptop,Low,Resolved,Email,IT,Cavite,Agent 08,521,23.96,4.0,False
INC-01138,2026-03-15 11:22:00,2026-03-16 11:03:22.730256,Access,Account Lockout,Medium,Closed,Portal,Sales,Manila,Agent 03,72,23.69,5.0,False
INC-01139,2026-02-10 14:31:00,2026-02-12 06:33:15.599372,Hardware,Monitor,Low,Closed,Phone,Human Resources,Laguna,Agent 08,578,40.04,4.0,False
INC-01140,2026-04-14 03:56:00,,Network,VPN,Medium,Open,Portal,IT,Cavite,Agent 02,270,,,True
INC-01141,2026-03-20 20:27:00,2026-03-21 09:35:33.600151,Hardware,Printer,High,Resolved,Portal,IT,Manila,Agent 06,88,13.14,3.0,False
INC-01142,2026-05-29 10:14:00,2026-05-30 11:46:42.149375,Network,Wi-Fi,Low,Closed,Phone,Sales,Manila,Agent 06,614,25.55,4.0,False
INC-01143,2026-03-03 21:59:00,2026-03-04 15:32:29.281251,Hardware,Laptop,Medium,Closed,Portal,Administration,Manila,Agent 04,113,17.56,4.0,False
INC-01144,2026-03-22 23:21:00,2026-03-23 23:43:43.117013,Hardware,Monitor,Low,Resolved,Email,Marketing,Laguna,Agent 03,215,24.38,3.0,False
INC-01145,2026-06-25 16:19:00,2026-06-26 03:35:50.259921,Access,Password Reset,Low,Resolved,Portal,Finance,Cavite,Agent 07,315,11.28,4.0,False
INC-01146,2026-04-07 21:28:00,2026-04-09 07:27:36.944380,Security,Suspicious Login,Low,Closed,Phone,Human Resources,Quezon City,Agent 05,298,33.99,2.0,False
INC-01147,2026-01-25 02:54:00,2026-01-25 14:49:09.003945,Software,Browser,Medium,Closed,Portal,Human Resources,Cavite,Agent 03,359,11.92,5.0,False
INC-01148,2026-03-26 21:40:00,2026-03-28 02:56:54.073527,Software,Operating System,Medium,Closed,Portal,Marketing,Cavite,Agent 08,406,29.28,3.0,False
INC-01149,2026-01-21 15:46:00,2026-01-22 11:05:42.753856,Network,Internet,High,Resolved,Email,Marketing,Makati,Agent 08,158,19.33,5.0,False
INC-01150,2026-01-22 06:13:00,2026-01-23 05:36:27.286305,Hardware,Monitor,Medium,Closed,Email,Sales,Quezon City,Agent 02,35,23.39,2.0,False
INC-01151,2026-01-06 21:04:00,2026-01-07 11:25:56.808185,Security,Security Policy,High,Closed,Email,Operations,Quezon City,Agent 01,226,14.37,3.0,False
INC-01152,2026-04-29 00:24:00,2026-04-30 21:16:24.201369,Security,Malware Alert,Low,Closed,Phone,Finance,Cavite,Agent 01,714,44.87,3.0,False
INC-01153,2026-03-31 04:08:00,2026-03-31 16:35:45.723943,Hardware,Desktop,High,Resolved,Chat,Operations,Makati,Agent 06,156,12.46,4.0,False
INC-01154,2026-04-13 02:22:00,,Software,Microsoft 365,High,In Progress,Email,IT,Laguna,Agent 04,62,,,False
INC-01155,2026-05-26 08:22:00,2026-05-27 23:22:54.482458,Hardware,Monitor,Low,Resolved,Portal,Marketing,Quezon City,Agent 07,277,39.02,5.0,False
INC-01156,2026-06-16 11:24:00,,Software,Application,Medium,In Progress,Email,IT,Makati,Agent 02,142,,,False
INC-01157,2026-06-18 04:34:00,,Software,Microsoft 365,Low,In Progress,Email,Sales,Quezon City,Agent 01,275,,,False
INC-01158,2026-03-05 10:04:00,2026-03-05 11:31:35.560817,Access,System Access,Critical,Resolved,Portal,Sales,Manila,Agent 06,37,1.46,5.0,False
INC-01159,2026-03-09 01:27:00,,Network,Wi-Fi,Medium,Open,Email,Marketing,Cavite,Agent 07,39,,,False
INC-01160,2026-02-23 14:24:00,2026-02-23 19:22:55.432454,Hardware,Monitor,Critical,Resolved,Email,Human Resources,Laguna,Agent 07,38,4.98,4.0,False
INC-01161,2026-04-13 08:52:00,2026-04-14 20:12:34.006837,Access,Password Reset,Medium,Closed,Portal,Finance,Laguna,Agent 08,460,35.34,4.0,False
INC-01162,2026-06-30 08:05:00,,Security,Security Policy,Medium,In Progress,Chat,Administration,Cavite,Agent 02,295,,,False
INC-01163,2026-01-28 13:05:00,,Software,Operating System,Low,In Progress,Email,IT,Laguna,Agent 02,307,,,False
INC-01164,2026-05-12 07:35:00,2026-05-13 12:25:09.369838,Security,Phishing,Medium,Closed,Email,Sales,Laguna,Agent 06,227,28.84,4.0,False
INC-01165,2026-02-17 18:36:00,2026-02-19 19:58:53.524688,Hardware,Printer,Low,Resolved,Phone,Administration,Laguna,Agent 01,166,49.38,5.0,False
INC-01166,2026-03-10 09:32:00,2026-03-11 17:13:37.574688,Hardware,Laptop,Medium,Resolved,Portal,Sales,Makati,Agent 01,382,31.69,3.0,False
INC-01167,2026-06-12 04:55:00,2026-06-13 15:09:10.411355,Access,Password Reset,Low,Resolved,Portal,Marketing,Cavite,Agent 02,313,34.24,5.0,False
INC-01168,2026-02-17 09:53:00,2026-02-18 18:41:02.172115,Network,VPN,Low,Resolved,Portal,Sales,Cavite,Agent 03,691,32.8,3.0,False
INC-01169,2026-04-25 23:42:00,2026-04-26 04:36:45.671415,Software,Operating System,Low,Closed,Portal,Human Resources,Quezon City,Agent 07,87,4.91,5.0,False
INC-01170,2026-03-28 15:52:00,2026-03-29 22:28:00.875770,Hardware,Printer,Low,Resolved,Chat,Marketing,Manila,Agent 01,350,30.6,1.0,False
INC-01171,2026-02-11 03:11:00,2026-02-11 16:47:52.067823,Hardware,Monitor,Low,Resolved,Phone,Finance,Laguna,Agent 03,583,13.61,4.0,False
INC-01172,2026-01-29 16:55:00,2026-01-30 20:04:07.940679,Hardware,Printer,Low,Resolved,Chat,Administration,Cavite,Agent 07,201,27.15,2.0,False
INC-01173,2026-02-06 03:10:00,2026-02-06 15:47:29.986480,Access,Permission,Low,Closed,Phone,Human Resources,Makati,Agent 06,45,12.62,5.0,False
INC-01174,2026-04-07 21:03:00,2026-04-09 15:49:24.442813,Access,Permission,Low,Resolved,Phone,Administration,Laguna,Agent 03,720,42.77,4.0,False
INC-01175,2026-03-30 23:37:00,2026-03-31 07:00:02.251890,Network,Wi-Fi,Medium,Resolved,Email,IT,Makati,Agent 05,199,7.38,5.0,False
INC-01176,2026-03-07 16:20:00,2026-03-08 13:26:20.831287,Security,Phishing,Low,Closed,Portal,Sales,Cavite,Agent 07,556,21.11,4.0,False
INC-01177,2026-05-27 01:06:00,2026-05-27 18:22:20.965930,Software,Browser,Medium,Resolved,Portal,Finance,Quezon City,Agent 02,453,17.27,5.0,False
INC-01178,2026-03-25 07:51:00,2026-03-26 17:06:00.962044,Access,Account Lockout,Medium,Resolved,Chat,IT,Makati,Agent 04,281,33.25,4.0,False
INC-01179,2026-02-12 06:48:00,2026-02-14 09:31:46.019250,Software,Operating System,Low,Closed,Phone,Finance,Makati,Agent 02,533,50.73,5.0,True
INC-01180,2026-03-03 20:15:00,2026-03-05 01:06:59.694843,Hardware,Monitor,Low,Resolved,Email,IT,Laguna,Agent 08,34,28.87,2.0,False
INC-01181,2026-02-05 23:23:00,2026-02-07 10:26:25.408009,Hardware,Laptop,Medium,Resolved,Phone,IT,Makati,Agent 04,399,35.06,5.0,True
INC-01182,2026-05-03 08:48:00,2026-05-05 01:30:58.943275,Hardware,Printer,Low,Resolved,Chat,Finance,Quezon City,Agent 07,71,40.72,3.0,False
INC-01183,2026-03-23 03:09:00,2026-03-23 15:24:59.859924,Hardware,Desktop,High,Closed,Email,Finance,Quezon City,Agent 02,104,12.27,3.0,True
INC-01184,2026-04-16 14:01:00,2026-04-18 01:28:21.361482,Network,Internet,Low,Resolved,Email,Administration,Makati,Agent 05,359,35.46,4.0,False
INC-01185,2026-06-30 18:24:00,,Network,Internet,Low,In Progress,Email,IT,Manila,Agent 03,549,,,False
INC-01186,2026-05-16 11:49:00,2026-05-17 03:25:09.123465,Software,Application,High,Resolved,Email,Sales,Makati,Agent 01,77,15.6,5.0,False
INC-01187,2026-02-10 21:09:00,2026-02-11 14:07:49.483589,Hardware,Desktop,Low,Resolved,Portal,Finance,Cavite,Agent 02,-10,16.98,3.0,False
INC-01188,2026-01-16 15:51:00,2026-01-17 16:52:10.793124,Software,Microsoft 365,Low,Closed,Chat,Sales,Manila,Agent 01,254,25.02,3.0,True
INC-01189,2026-03-31 03:03:00,2026-03-31 17:14:49.094209,Hardware,Desktop,Low,Resolved,Chat,Marketing,Laguna,Agent 02,700,14.2,5.0,False
INC-01190,2026-04-23 14:18:00,,Access,Permission,Low,Open,Phone,Operations,Makati,Agent 03,679,,,True
INC-01191,2026-05-06 05:04:00,2026-05-07 12:07:37.592267,Hardware,Desktop,Low,Resolved,Portal,IT,Makati,Agent 05,388,31.06,5.0,False
INC-01192,2026-04-18 13:13:00,,Hardware,Monitor,Medium,Open,Email,Sales,Manila,Agent 07,98,,,False
INC-01193,2026-06-09 10:00:00,2026-06-09 11:35:47.818252,Hardware,Monitor,High,Resolved,Portal,Marketing,Laguna,Agent 05,50,1.6,5.0,False
INC-01194,2026-03-11 07:09:00,2026-03-11 10:53:22.167977,Software,Operating System,Critical,Resolved,Chat,Human Resources,Makati,Agent 06,53,3.74,4.0,False
INC-01195,2026-04-13 22:31:00,2026-04-15 17:05:18.313042,Network,Wi-Fi,Low,Closed,Email,Administration,Makati,Agent 01,319,42.57,3.0,False
INC-01196,2026-02-27 11:30:00,2026-03-01 07:59:21.880966,Network,Network Access,Low,Closed,Chat,Sales,Makati,Agent 05,324,44.49,5.0,False
INC-01197,2026-01-12 06:12:00,2026-01-14 01:30:18.910565,Security,Security Policy,Low,Resolved,Phone,Operations,Manila,Agent 02,409,43.31,1.0,False
INC-01198,2026-06-14 17:14:00,2026-06-16 18:41:37.616491,Hardware,Monitor,Low,Resolved,Chat,Sales,Makati,Agent 02,89,49.46,4.0,False
INC-01199,2026-05-02 03:59:00,2026-05-04 04:47:28.466788,Security,Phishing,Low,Resolved,Email,Finance,Makati,Agent 05,538,48.81,5.0,False
INC-01200,2026-05-10 08:49:00,2026-05-11 03:45:33.436795,Access,Account Lockout,Medium,Resolved,Chat,IT,Quezon City,Agent 01,165,18.94,4.0,True
INC-01201,2026-05-01 05:40:00,2026-05-02 13:25:49.190342,Security,Suspicious Login,Low,Closed,Portal,IT,Manila,Agent 01,484,31.76,3.0,False
INC-01202,2026-02-09 04:25:00,,Software,Operating System,Low,In Progress,Portal,Finance,Quezon City,Agent 08,640,,,False
INC-01203,2026-02-28 01:22:00,2026-02-28 07:40:08.097071,Software,Operating System,Medium,Resolved,Email,Human Resources,Laguna,Agent 06,306,6.3,4.0,False
INC-01204,2026-06-16 08:46:00,2026-06-16 23:12:45.286963,Software,Application,Medium,Closed,Chat,Finance,Manila,Agent 03,119,14.45,3.0,False
INC-01205,2026-03-08 13:35:00,2026-03-09 04:34:19.363088,Access,System Access,Medium,Closed,Phone,Marketing,Cavite,Agent 08,219,14.99,3.0,False
INC-01206,2026-01-15 03:56:00,,Access,Permission,Medium,In Progress,Chat,Human Resources,Manila,Agent 06,441,,,True
INC-01207,2026-02-10 09:37:00,,Software,Microsoft 365,Low,In Progress,Portal,Administration,Quezon City,Agent 05,145,,,False
INC-01208,2026-04-19 20:30:00,2026-04-20 06:07:31.215132,Software,Application,Medium,Closed,Email,Finance,Cavite,Agent 02,436,9.63,4.0,False
INC-01209,2026-06-20 20:58:00,,Access,System Access,Medium,In Progress,Portal,Administration,Makati,Agent 04,178,,,True
INC-01210,2026-02-09 16:44:00,2026-02-10 01:05:48.482203,Software,Microsoft 365,High,Resolved,Email,Sales,Laguna,Agent 05,118,8.36,5.0,True
INC-01211,2026-03-01 20:12:00,2026-03-02 05:36:11.974448,Network,Internet,High,Resolved,Chat,Operations,Manila,Agent 03,139,9.4,2.0,False
INC-01212,2026-04-22 12:37:00,2026-04-23 04:49:06.967995,Network,VPN,Low,Closed,Portal,Human Resources,Cavite,Agent 05,462,16.2,3.0,False
INC-01213,2026-05-04 22:41:00,2026-05-05 07:28:11.483487,Software,Application,Medium,Closed,Email,IT,Laguna,Agent 04,70,8.79,4.0,False
INC-01214,2026-05-25 05:53:00,2026-05-26 14:57:41.707623,Access,Permission,Medium,Resolved,Portal,Sales,Manila,Agent 03,370,33.08,4.0,True
INC-01215,2026-05-03 02:18:00,,Software,Application,Low,In Progress,Portal,Sales,Makati,Agent 03,241,,,False
INC-01216,2026-05-10 16:13:00,2026-05-11 16:10:36.102527,Software,Operating System,Medium,Closed,Portal,Human Resources,Makati,Agent 07,478,23.96,4.0,False
INC-01217,2026-01-07 23:27:00,2026-01-08 19:29:31.732909,Hardware,Printer,Medium,Closed,Phone,Operations,Manila,Agent 06,415,20.04,4.0,False
INC-01218,2026-04-26 01:58:00,2026-04-27 11:59:28.776692,Security,Phishing,Low,Closed,Portal,IT,Cavite,,542,34.02,2.0,False
INC-01219,2026-04-27 07:02:00,2026-04-28 10:42:43.267074,Hardware,Printer,Low,Resolved,Email,Human Resources,Laguna,Agent 03,210,27.68,4.0,False
INC-01220,2026-02-10 21:03:00,,Software,Microsoft 365,High,In Progress,Email,Human Resources,Manila,Agent 05,83,,,False
INC-01221,2026-02-23 19:57:00,,Software,Browser,Low,In Progress,Email,Finance,Laguna,Agent 01,213,,,False
INC-01222,2026-03-10 16:54:00,,Security,Phishing,Low,In Progress,Chat,Operations,Makati,Agent 07,92,,,False
INC-01223,2026-04-25 01:20:00,,Software,Microsoft 365,High,In Progress,Phone,Finance,Laguna,Agent 04,84,,,False
INC-01224,2026-01-29 15:02:00,2026-01-31 19:18:43.839123,Hardware,Monitor,Low,Resolved,Chat,Sales,Quezon City,Agent 04,315,52.28,4.0,False
INC-01225,2026-01-28 23:51:00,2026-01-30 20:53:58.294045,Access,Permission,Low,Closed,Email,Operations,Quezon City,Agent 06,649,45.05,2.0,False
INC-01226,2026-01-16 04:16:00,,Hardware,Monitor,Low,In Progress,Portal,Operations,Quezon City,Agent 07,459,,,False
INC-01227,2026-03-09 21:16:00,2026-03-10 16:26:51.477672,Hardware,Desktop,Medium,Closed,Portal,Human Resources,Quezon City,Agent 08,211,19.18,1.0,False
INC-01228,2026-06-20 03:31:00,2026-06-20 10:51:58.429341,Security,Security Policy,High,Closed,Email,Finance,Quezon City,Agent 01,21,7.35,3.0,False
INC-01229,2026-02-14 05:21:00,2026-02-14 11:26:06.425651,Network,Wi-Fi,Low,Resolved,Portal,Finance,Quezon City,Agent 04,227,6.09,5.0,False
INC-01230,2026-03-14 11:12:00,2026-03-15 05:38:57.772053,Access,Permission,High,Closed,Email,Marketing,Makati,Agent 06,228,18.45,5.0,False
INC-01231,2026-02-11 20:12:00,2026-02-12 14:46:13.329247,Access,Account Lockout,Low,Resolved,Email,Administration,Makati,Agent 07,37,18.57,3.0,False
INC-01232,2026-06-03 13:24:00,2026-06-05 22:05:48.336748,Access,Permission,Low,Resolved,Chat,Finance,Laguna,Agent 06,656,56.7,3.0,False
INC-01233,2026-06-02 09:09:00,2026-06-03 13:01:38.280243,Software,Application,Low,Closed,Email,Finance,Laguna,Agent 03,609,27.88,4.0,True
INC-01234,2026-05-02 10:52:00,2026-05-03 19:35:18.026326,Hardware,Monitor,Medium,Resolved,Phone,Human Resources,Laguna,Agent 05,342,32.72,4.0,False
INC-01235,2026-03-22 04:41:00,2026-03-22 13:19:18.785527,Access,Account Lockout,Low,Resolved,Portal,Human Resources,Quezon City,Agent 05,225,8.64,4.0,False
INC-01236,2026-05-13 15:04:00,2026-05-14 15:39:09.731254,Network,VPN,Low,Resolved,Portal,Operations,Makati,Agent 01,635,24.59,3.0,False
INC-01237,2026-06-01 06:09:00,2026-06-01 11:15:07.102782,Security,Malware Alert,Medium,Closed,Email,Administration,Cavite,Agent 02,174,5.1,4.0,False
INC-01238,2026-04-02 21:04:00,,Access,Account Lockout,Medium,Open,Chat,Sales,Cavite,Agent 02,194,,,False
INC-01239,2026-05-15 18:06:00,2026-05-17 14:00:32.354435,Security,Suspicious Login,Low,Resolved,Portal,IT,Quezon City,Agent 06,584,43.91,3.0,False
INC-01240,2026-02-25 21:45:00,,Software,Operating System,Low,In Progress,Portal,Human Resources,Cavite,Agent 05,412,,,False
INC-01241,2026-04-01 22:39:00,,Network,VPN,Low,Open,Portal,Administration,Manila,Agent 03,445,,,False
INC-01242,2026-02-13 05:32:00,2026-02-14 00:49:35.860078,Network,VPN,Medium,Resolved,Email,Human Resources,Manila,Agent 02,64,19.29,4.0,False
INC-01243,2026-01-14 19:49:00,2026-01-16 16:04:13.961046,Access,System Access,Low,Resolved,Portal,Finance,Cavite,Agent 06,228,44.25,2.0,False
INC-01244,2026-02-04 05:28:00,2026-02-05 02:05:15.124704,Hardware,Desktop,Low,Resolved,Phone,Marketing,Quezon City,Agent 03,504,20.62,1.0,False
INC-01245,2026-05-02 14:52:00,,Software,Microsoft 365,Low,In Progress,Email,Finance,Laguna,Agent 01,430,,,False
INC-01246,2026-04-19 03:04:00,2026-04-19 15:58:43.178520,Software,Microsoft 365,Medium,Resolved,Email,Human Resources,Makati,Agent 05,357,12.91,4.0,True
INC-01247,2026-02-21 03:23:00,2026-02-21 15:55:59.976056,Security,Suspicious Login,Low,Resolved,Email,Sales,Cavite,Agent 03,312,12.55,4.0,False
INC-01248,2026-06-04 09:58:00,2026-06-05 02:50:15.923975,Software,Operating System,High,Resolved,Phone,Sales,Makati,Agent 05,81,16.87,4.0,True
INC-01249,2026-01-11 05:45:00,2026-01-11 13:07:19.126599,Hardware,Monitor,Medium,Resolved,Portal,Human Resources,Cavite,Agent 03,247,7.37,4.0,False
INC-01250,2026-04-02 10:00:00,2026-04-02 21:39:03.535752,Access,System Access,Medium,Closed,Portal,Administration,Manila,Agent 03,401,11.65,5.0,False
INC-01251,2026-02-28 17:05:00,,Network,Wi-Fi,Low,In Progress,Email,Finance,Quezon City,Agent 06,670,,,False
INC-01252,2026-01-09 19:51:00,2026-01-10 03:10:50.703175,Software,Microsoft 365,Medium,Closed,Email,Operations,Quezon City,Agent 01,293,7.33,4.0,True
INC-01253,2026-05-19 15:24:00,,Hardware,Printer,Low,In Progress,Portal,Sales,Laguna,Agent 02,389,,,False
INC-01254,2026-04-05 22:29:00,2026-04-06 20:47:58.852295,Access,Account Lockout,Medium,Resolved,Portal,Human Resources,Laguna,Agent 02,285,22.32,4.0,False
INC-01255,2026-06-16 19:11:00,2026-06-18 13:16:00.035768,Network,Internet,Low,Resolved,Portal,Operations,Manila,Agent 08,327,42.08,5.0,False
INC-01256,2026-01-06 13:48:00,2026-01-08 04:09:18.704493,Access,Account Lockout,Low,Resolved,Portal,IT,Laguna,Agent 04,153,38.36,4.0,False
INC-01257,2026-03-26 07:26:00,2026-03-27 12:19:29.278663,Hardware,Laptop,Medium,Resolved,Portal,IT,Quezon City,Agent 07,366,28.89,4.0,False
INC-01258,2026-01-06 22:53:00,2026-01-07 03:48:52.860576,Network,Network Access,Critical,Closed,Email,Administration,Cavite,Agent 06,20,4.93,5.0,False
INC-01259,2026-02-17 02:05:00,2026-02-18 05:31:31.733998,Network,Network Access,Medium,Closed,Portal,Sales,Laguna,Agent 04,410,27.44,5.0,False
INC-01260,2026-01-31 19:10:00,2026-02-01 10:48:04.915639,Hardware,Laptop,Medium,Resolved,Portal,Marketing,Makati,Agent 08,472,15.63,5.0,False
INC-01261,2026-01-08 07:02:00,2026-01-09 14:34:38.475416,Access,Permission,Medium,Closed,Email,Marketing,Cavite,Agent 03,294,31.54,4.0,False
INC-01262,2026-04-26 00:54:00,,Network,Internet,Low,Open,Portal,Marketing,Quezon City,Agent 07,643,,,False
INC-01263,2026-03-11 07:55:00,2026-03-13 01:26:58.890686,Network,VPN,Low,Closed,Email,Marketing,Quezon City,Agent 03,554,41.53,5.0,False
INC-01264,2026-04-09 21:38:00,2026-04-10 11:14:06.438157,Access,System Access,Medium,Resolved,Email,Sales,Quezon City,Agent 01,158,13.6,5.0,False
INC-01265,2026-06-17 17:26:00,2026-06-17 22:02:39.277964,Hardware,Monitor,Medium,Resolved,Email,Administration,Quezon City,Agent 03,122,4.61,4.0,True
INC-01266,2026-04-27 05:26:00,2026-04-28 18:15:44.345541,Access,Account Lockout,Low,Resolved,Portal,Finance,Quezon City,Agent 02,571,36.83,5.0,False
INC-01267,2026-05-25 06:16:00,2026-05-26 04:38:18.972199,Security,Phishing,Medium,Closed,Portal,IT,Quezon City,Agent 06,343,22.37,2.0,False
INC-01268,2026-05-23 01:07:00,2026-05-24 00:53:21.537568,Access,Password Reset,Low,Closed,Portal,Sales,Makati,Agent 01,47,23.77,4.0,False
INC-01269,2026-06-14 08:38:00,2026-06-16 13:25:58.387163,Access,Permission,Low,Resolved,Portal,Marketing,Laguna,Agent 03,564,52.8,5.0,False
INC-01270,2026-05-30 03:04:00,,Hardware,Desktop,Medium,Open,Portal,Sales,Quezon City,Agent 01,134,,,False
INC-01271,2026-06-06 12:51:00,2026-06-06 23:24:44.786001,Hardware,Printer,Medium,Closed,Portal,Administration,Manila,Agent 04,20,10.56,4.0,False
INC-01272,2026-04-05 09:30:00,2026-04-07 06:47:30.265004,Hardware,Monitor,Low,Closed,Phone,IT,Quezon City,Agent 08,278,45.29,5.0,False
INC-01273,2026-02-08 06:44:00,,Security,Malware Alert,Medium,Open,Email,IT,Laguna,Agent 07,239,,,False
INC-01274,2026-05-26 16:32:00,,Software,Operating System,Low,Open,Email,Operations,Quezon City,Agent 05,712,,,False
INC-01275,2026-01-03 13:06:00,2026-01-04 11:36:34.843612,Hardware,Monitor,Low,Resolved,Chat,Marketing,Quezon City,Agent 03,104,22.51,4.0,False
INC-01276,2026-02-25 10:56:00,2026-02-26 16:13:36.064787,Network,VPN,Medium,Closed,Phone,Administration,Quezon City,Agent 04,462,29.29,5.0,False
INC-01277,2026-01-25 11:10:00,2026-01-26 02:33:36.018367,Software,Browser,Low,Resolved,Email,Marketing,Cavite,Agent 04,570,15.39,5.0,False
INC-01278,2026-06-16 22:34:00,2026-06-17 00:43:31.008745,Hardware,Monitor,High,Resolved,Email,Marketing,Manila,Agent 05,82,2.16,4.0,False
INC-01279,2026-06-21 13:05:00,2026-06-23 20:45:42.621864,Access,System Access,Low,Resolved,Portal,Marketing,Laguna,Agent 06,713,55.68,2.0,False
INC-01280,2026-06-09 08:54:00,2026-06-11 17:13:51.336007,Software,Browser,Low,Closed,Chat,Sales,Laguna,Agent 02,665,56.33,5.0,False
INC-01281,2026-03-04 21:26:00,,Access,System Access,Medium,Open,Chat,Finance,Laguna,Agent 06,335,,,True
INC-01282,2026-03-21 08:27:00,2026-03-21 14:07:20.491992,Network,Wi-Fi,Critical,Closed,Email,Administration,Cavite,Agent 01,20,5.67,4.0,False
INC-01283,2026-01-19 16:56:00,,Access,Password Reset,Low,Open,Portal,Sales,Makati,Agent 03,388,,,True
INC-01284,2026-06-01 06:46:00,2026-06-01 23:33:52.999761,Network,VPN,High,Resolved,Email,Operations,Quezon City,Agent 02,127,16.8,4.0,False
INC-01285,2026-02-02 07:41:00,2026-02-02 18:46:36.985730,Software,Microsoft 365,Medium,Resolved,Portal,Finance,Laguna,Agent 07,473,11.09,4.0,True
INC-01286,2026-01-21 09:08:00,2026-01-23 04:21:28.969303,Access,Permission,Low,Resolved,Portal,IT,Makati,Agent 06,227,43.22,4.0,False
INC-01287,2026-06-21 12:29:00,2026-06-23 08:05:39.023640,Access,Password Reset,Low,Resolved,Phone,Operations,Cavite,Agent 07,712,43.61,4.0,False
INC-01288,2026-03-05 20:37:00,,Access,Permission,Low,Open,Portal,Marketing,Cavite,Agent 01,589,,,False
INC-01289,2026-05-12 12:41:00,,Hardware,Desktop,Medium,In Progress,Portal,Human Resources,Manila,Agent 04,303,,,False
INC-01290,2026-03-24 05:22:00,2026-03-24 20:08:57.185668,Network,Internet,Medium,Closed,Portal,Finance,Makati,Agent 07,66,14.78,5.0,False
INC-01291,2026-01-06 17:10:00,,Software,Browser,Low,In Progress,Email,Sales,Cavite,Agent 05,84,,,False
INC-01292,2026-06-03 23:52:00,2026-06-04 02:14:43.326727,Network,Network Access,Critical,Closed,Email,Human Resources,Manila,Agent 02,85,2.38,5.0,False
INC-01293,2026-05-24 01:36:00,2026-05-24 16:23:16.887114,Access,System Access,Low,Resolved,Portal,Operations,Quezon City,Agent 06,438,14.79,4.0,False
INC-01294,2026-05-03 09:18:00,2026-05-05 08:16:22.755398,Security,Malware Alert,Low,Resolved,Email,Sales,Manila,Agent 08,315,46.97,4.0,False
INC-01295,2026-03-04 19:40:00,2026-03-05 12:32:03.998355,Software,Microsoft 365,Low,Resolved,Phone,Administration,Quezon City,Agent 06,527,16.87,4.0,False
INC-01296,2026-01-05 04:25:00,2026-01-07 10:05:54.280729,Software,Microsoft 365,Low,Resolved,Portal,IT,Quezon City,Agent 05,598,53.68,2.0,False
INC-01297,2026-06-15 21:36:00,2026-06-17 05:10:40.267573,Software,Browser,Medium,Resolved,Email,Finance,Makati,Agent 02,339,31.58,5.0,True
INC-01298,2026-02-10 23:30:00,2026-02-12 07:21:16.493333,Access,Password Reset,Low,Resolved,Email,Marketing,Cavite,Agent 06,501,31.85,4.0,False
INC-01299,2026-03-31 16:49:00,,Software,Microsoft 365,Medium,Open,Portal,Finance,Makati,Agent 08,184,,,False
INC-01300,2026-06-27 09:44:00,,Network,VPN,Low,Open,Email,Marketing,Quezon City,Agent 05,260,,,False
INC-01301,2026-03-14 09:39:00,2026-03-15 10:19:20.521305,Network,Internet,Medium,Closed,Portal,Operations,Cavite,Agent 04,227,24.67,4.0,False
INC-01302,2026-03-21 18:29:00,2026-03-23 20:20:47.518222,Software,Microsoft 365,Low,Resolved,Phone,Finance,Laguna,Agent 03,488,49.86,1.0,False
INC-01303,2026-06-24 00:08:00,2026-06-24 19:31:17.950450,Access,Password Reset,Medium,Resolved,Portal,Finance,Cavite,Agent 04,367,19.39,2.0,False
INC-01304,2026-06-01 11:08:00,2026-06-03 19:51:24.990296,Network,Wi-Fi,Low,Resolved,Email,Finance,Makati,Agent 04,610,56.72,5.0,False
INC-01305,2026-06-14 17:54:00,2026-06-15 10:21:01.882669,Security,Security Policy,Medium,Closed,Portal,Sales,Manila,Agent 02,223,16.45,5.0,False
INC-01306,2026-04-12 18:40:00,,Hardware,Printer,Medium,Open,Portal,IT,Quezon City,Agent 08,371,,,False
INC-01307,2026-03-04 00:12:00,2026-03-04 10:12:18.741260,Security,Security Policy,High,Closed,Phone,Finance,Quezon City,Agent 05,57,10.01,5.0,False
INC-01308,2026-03-16 08:50:00,2026-03-18 08:00:07.135339,Network,Network Access,Low,Resolved,Portal,Human Resources,Quezon City,Agent 07,604,47.17,4.0,False
INC-01309,2026-02-27 18:15:00,,Network,VPN,Low,In Progress,Portal,Human Resources,Quezon City,Agent 03,697,,,False
INC-01310,2026-02-28 05:58:00,2026-03-01 12:13:13.049868,Hardware,Laptop,Low,Resolved,Chat,Finance,Laguna,Agent 04,330,30.25,4.0,False
INC-01311,2026-04-10 01:57:00,,Software,Application,High,In Progress,Portal,Operations,Cavite,Agent 03,121,,,False
INC-01312,2026-03-14 08:23:00,2026-03-15 08:17:59.342174,Network,VPN,Medium,Resolved,Email,Finance,Manila,Agent 07,114,23.92,4.0,False
INC-01313,2026-04-13 10:11:00,2026-04-14 04:50:01.249793,Hardware,Laptop,Medium,Closed,Phone,IT,Manila,Agent 07,430,18.65,4.0,False
INC-01314,2026-03-18 01:49:00,2026-03-20 04:43:10.580520,Network,Wi-Fi,Low,Resolved,Email,IT,Manila,Agent 08,537,50.9,4.0,False
INC-01315,2026-03-04 13:49:00,2026-03-04 23:03:43.019965,Software,Microsoft 365,High,Resolved,Portal,Human Resources,Manila,Agent 01,101,9.25,3.0,False
INC-01316,2026-01-27 17:50:00,,Hardware,Monitor,Low,Open,Portal,IT,Quezon City,Agent 04,631,,,False
INC-01317,2026-01-09 20:06:00,2026-01-10 12:06:27.448911,Access,Permission,High,Closed,Portal,Finance,Cavite,Agent 07,90,16.01,5.0,False
INC-01318,2026-01-26 04:27:00,2026-01-28 05:21:24.309975,Software,Browser,Low,Resolved,Phone,Marketing,Cavite,Agent 07,591,48.91,4.0,False
INC-01319,2026-06-28 05:34:00,2026-06-29 19:41:49.756625,Software,Application,Low,Resolved,Portal,Human Resources,Laguna,Agent 07,227,38.13,5.0,False
INC-01320,2026-02-02 06:59:00,2026-02-03 08:01:38.411981,Software,Operating System,Medium,Resolved,Portal,Finance,Quezon City,Agent 03,299,25.04,4.0,True
INC-01321,2026-03-20 15:57:00,2026-03-21 20:13:17.203153,Network,VPN,Medium,Closed,Email,IT,Cavite,Agent 07,326,28.27,4.0,False
INC-01322,2026-02-09 06:52:00,2026-02-09 14:07:49.018139,Access,System Access,Low,Resolved,Portal,Human Resources,Manila,Agent 08,152,7.26,3.0,True
INC-01323,2026-05-08 22:42:00,,Software,Application,Medium,Open,Portal,Sales,Cavite,Agent 06,185,,,False
INC-01324,2026-04-09 17:52:00,2026-04-11 18:26:03.856989,Software,Browser,Low,Resolved,Portal,Finance,Manila,Agent 01,563,48.57,2.0,False
INC-01325,2026-01-18 17:29:00,2026-01-20 16:54:37.461128,Software,Microsoft 365,Low,Closed,Chat,Administration,Cavite,Agent 05,513,47.43,4.0,False
INC-01326,2026-04-26 00:40:00,,Network,VPN,High,Open,Phone,Administration,Manila,Agent 02,21,,,False
INC-01327,2026-01-12 23:40:00,2026-01-13 16:31:42.122124,Security,Malware Alert,High,Resolved,Portal,Sales,Manila,Agent 03,166,16.86,2.0,False
INC-01328,2026-05-28 16:37:00,2026-05-29 02:53:57.369446,Network,Network Access,Medium,Resolved,Phone,Sales,Quezon City,Agent 08,192,10.28,1.0,False
INC-01329,2026-05-11 00:29:00,2026-05-12 02:53:41.112809,Hardware,Desktop,Medium,Closed,Phone,Administration,Laguna,Agent 05,347,26.41,4.0,False
INC-01330,2026-06-16 01:30:00,2026-06-18 02:22:52.914148,Hardware,Monitor,Low,Closed,Phone,Operations,Cavite,Agent 03,122,48.88,5.0,False
INC-01331,2026-05-01 09:45:00,2026-05-03 16:03:38.539697,Access,Account Lockout,Low,Closed,Email,IT,Laguna,Agent 08,501,54.31,4.0,False
INC-01332,2026-06-14 17:44:00,,Access,Account Lockout,Low,In Progress,Portal,Administration,Makati,Agent 06,556,,,False
INC-01333,2026-06-09 09:33:00,2026-06-11 13:54:32.000531,Hardware,Desktop,Low,Resolved,Chat,Finance,Cavite,Agent 07,460,52.36,5.0,False
INC-01334,2026-01-24 18:04:00,,Hardware,Desktop,Medium,Open,Portal,IT,Manila,Agent 06,259,,,False
INC-01335,2026-06-09 18:43:00,2026-06-09 23:53:04.006446,Access,System Access,High,Closed,Phone,Marketing,Cavite,Agent 07,49,5.17,4.0,False
INC-01336,2026-01-10 14:37:00,2026-01-11 06:25:39.225662,Network,VPN,High,Resolved,Email,IT,Quezon City,Agent 01,214,15.81,5.0,False
INC-01337,2026-03-22 06:54:00,2026-03-23 11:35:34.312582,Network,Wi-Fi,Low,Closed,Phone,Sales,Laguna,Agent 06,109,28.69,4.0,True
INC-01338,2026-05-11 20:46:00,2026-05-12 07:30:34.218979,Network,Wi-Fi,Medium,Closed,Email,Marketing,Cavite,Agent 06,219,10.74,4.0,False
INC-01339,2026-06-24 03:42:00,2026-06-25 12:22:31.248315,Access,Password Reset,Medium,Resolved,Portal,Human Resources,Makati,Agent 07,422,32.68,5.0,True
INC-01340,2026-01-07 22:08:00,,Security,Security Policy,High,In Progress,Phone,Finance,Quezon City,Agent 03,109,,,True
INC-01341,2026-04-10 18:53:00,2026-04-11 22:45:11.699704,Hardware,Monitor,Medium,Closed,Email,Administration,Makati,Agent 03,134,27.87,4.0,True
INC-01342,2026-05-13 07:41:00,,Network,Internet,Medium,Open,Portal,Marketing,Quezon City,Agent 07,193,,,True
INC-01343,2026-03-24 11:14:00,2026-03-25 20:36:49.129837,Software,Browser,Medium,Resolved,Phone,Administration,Makati,Agent 02,368,33.38,4.0,False
INC-01344,2026-03-21 12:32:00,,,VPN,Medium,Open,Phone,Operations,Cavite,Agent 01,127,,,False
INC-01345,2026-02-28 22:07:00,2026-03-01 11:28:10.468320,Software,Operating System,High,Closed,Portal,IT,Manila,Agent 03,112,13.35,5.0,False
INC-01346,2026-05-18 01:49:00,,Hardware,Laptop,Medium,In Progress,Portal,Administration,Laguna,Agent 08,138,,,False
INC-01347,2026-01-07 07:54:00,2026-01-08 15:02:03.728182,Network,Wi-Fi,Medium,Closed,Email,Sales,Laguna,Agent 05,391,31.13,3.0,False
INC-01348,2026-04-04 15:27:00,2026-04-05 10:38:10.626480,Hardware,Monitor,Medium,Closed,Email,Finance,Cavite,Agent 08,327,19.19,4.0,False
INC-01349,2026-06-14 05:35:00,,Network,VPN,Medium,Open,Email,Marketing,Cavite,Agent 05,136,,,False
INC-01350,2026-05-30 14:46:00,2026-05-31 07:04:55.080110,Access,Permission,Low,Closed,Portal,IT,Cavite,Agent 04,54,16.32,3.0,True
INC-01351,2026-06-06 03:55:00,2026-06-07 07:17:45.247838,Access,Permission,Medium,Resolved,Portal,IT,Laguna,Agent 05,21,27.38,4.0,False
INC-01352,2026-06-20 16:22:00,2026-06-21 04:04:11.764479,Network,Wi-Fi,High,Resolved,Email,Administration,Cavite,Agent 05,161,11.7,1.0,False
INC-01353,2026-01-08 05:10:00,2026-01-09 04:11:42.527181,Network,VPN,Medium,Resolved,Email,IT,Makati,Agent 04,198,23.03,2.0,False
INC-01354,2026-04-22 02:39:00,2026-04-23 09:52:40.526795,Software,Operating System,Medium,Resolved,Portal,Sales,Laguna,Agent 07,402,31.23,5.0,True
INC-01355,2026-04-23 14:27:00,2026-04-25 10:11:25.171736,Network,VPN,Low,Closed,Portal,Finance,Manila,Agent 04,461,43.74,4.0,False
INC-01356,2026-03-04 11:57:00,2026-03-05 15:36:36.933289,Software,Operating System,Low,Resolved,Email,Marketing,Makati,Agent 04,341,27.66,2.0,False
INC-01357,2026-06-06 21:37:00,2026-06-08 01:17:26.270086,Software,Browser,Medium,Resolved,Email,Marketing,Cavite,Agent 07,408,27.67,5.0,False
INC-01358,2026-01-01 06:06:00,2026-01-01 11:46:38.429625,Hardware,Desktop,High,Closed,Chat,Administration,Quezon City,Agent 06,26,5.68,5.0,False
INC-01359,2026-03-18 16:00:00,2026-03-19 11:10:44.495056,Software,Browser,Low,Closed,Chat,Human Resources,Quezon City,Agent 01,269,19.18,4.0,False
INC-01360,2026-05-15 17:38:00,2026-05-17 17:46:34.923536,Hardware,Printer,Low,Resolved,Email,Administration,Quezon City,Agent 08,354,48.14,3.0,False
INC-01361,2026-01-16 03:24:00,2026-01-17 01:42:11.817474,Software,Microsoft 365,Medium,Closed,Email,Marketing,Cavite,Agent 01,265,22.3,3.0,False
INC-01362,2026-05-21 15:34:00,2026-05-22 10:53:26.745341,Network,VPN,Medium,Resolved,Chat,Finance,Laguna,Agent 02,363,19.32,5.0,False
INC-01363,2026-01-19 12:42:00,,Network,Internet,Low,Open,Portal,Marketing,Makati,Agent 04,213,,,True
INC-01364,2026-06-15 23:35:00,,Hardware,Desktop,Low,Open,Email,Marketing,Laguna,Agent 06,49,,,False
INC-01365,2026-01-10 03:31:00,2026-01-11 12:26:14.150909,Access,Password Reset,Low,Resolved,Email,Sales,Laguna,Agent 08,292,32.92,5.0,False
INC-01366,2026-03-23 07:55:00,,Access,Account Lockout,Low,In Progress,Chat,Operations,Manila,Agent 01,631,,,False
INC-01367,2026-01-20 03:53:00,2026-01-20 12:41:47.401426,Software,Browser,Medium,Closed,Email,IT,Quezon City,Agent 01,293,8.81,3.0,False
INC-01368,2026-06-23 09:40:00,2026-06-24 10:14:14.925116,Security,Malware Alert,Low,Resolved,Phone,Operations,Cavite,Agent 07,251,24.57,5.0,False
INC-01369,2026-03-05 14:55:00,2026-03-06 21:46:26.634299,Network,Network Access,Medium,Closed,Email,IT,Manila,Agent 06,363,30.86,4.0,False
INC-01370,2026-04-09 13:47:00,2026-04-10 18:04:24.795140,Network,VPN,Medium,Resolved,Phone,Finance,Cavite,Agent 03,308,28.29,5.0,False
INC-01371,2026-03-05 13:48:00,,Network,Network Access,Medium,In Progress,Email,Sales,Cavite,Agent 04,101,,,False
INC-01372,2026-05-24 19:48:00,2026-05-25 14:56:15.655122,Security,Security Policy,Medium,Closed,Portal,Human Resources,Cavite,Agent 04,85,19.14,3.0,False
INC-01373,2026-05-02 02:47:00,2026-05-03 09:05:12.431645,Access,System Access,Medium,Resolved,Portal,Operations,Manila,Agent 06,462,30.3,3.0,False
INC-01374,2026-04-16 03:27:00,2026-04-17 00:33:42.776211,Software,Application,Medium,Resolved,Portal,IT,Quezon City,Agent 01,95,21.11,5.0,False
INC-01375,2026-04-11 17:35:00,2026-04-12 19:03:08.479186,Hardware,Laptop,Medium,Closed,Email,Marketing,Manila,Agent 02,65,25.47,4.0,False
INC-01376,2026-05-22 00:39:00,2026-05-22 21:34:10.366914,Access,Password Reset,High,Closed,Email,Marketing,Laguna,Agent 08,197,20.92,4.0,False
INC-01377,2026-04-10 23:58:00,2026-04-11 16:23:24.990392,Access,System Access,Medium,Resolved,Portal,Operations,Makati,Agent 03,125,16.42,5.0,False
INC-01378,2026-02-16 21:54:00,2026-02-17 23:20:32.044486,Software,Browser,Medium,Resolved,Portal,Marketing,Manila,Agent 02,387,25.44,4.0,False
INC-01379,2026-02-13 11:56:00,2026-02-15 11:51:57.301254,Hardware,Printer,Low,Closed,Email,Finance,Laguna,Agent 02,614,47.93,1.0,False
INC-01380,2026-06-18 07:00:00,,Hardware,Desktop,Low,Open,Email,Sales,Laguna,Agent 08,310,,,False
INC-01381,2026-06-03 07:23:00,2026-06-04 08:35:15.628994,Access,Permission,Low,Resolved,Email,Finance,Laguna,Agent 08,287,25.2,4.0,True
INC-01382,2026-04-17 04:03:00,2026-04-17 23:06:51.949146,Hardware,Printer,Medium,Resolved,Chat,Finance,Makati,Agent 07,36,19.06,5.0,False
INC-01383,2026-03-23 06:44:00,2026-03-25 07:32:51.650729,Software,Application,Low,Resolved,Email,Human Resources,Manila,Agent 04,92,48.81,2.0,False
INC-01384,2026-01-30 06:56:00,,Software,Microsoft 365,Low,In Progress,Portal,Administration,Manila,Agent 08,130,,,False
INC-01385,2026-05-14 18:57:00,2026-05-15 05:02:45.313883,Access,Account Lockout,Low,Closed,Portal,Administration,Manila,Agent 03,120,10.1,3.0,False
INC-01386,2026-04-08 10:03:00,,Network,VPN,High,In Progress,Portal,Marketing,Cavite,Agent 08,28,,,False
INC-01387,2026-02-01 19:42:00,,Security,Phishing,High,Open,Portal,Marketing,Manila,Agent 07,174,,,False
INC-01388,2026-01-14 14:01:00,2026-01-15 02:57:20.692929,Software,Microsoft 365,Low,Closed,Email,Operations,Makati,Agent 06,473,12.94,5.0,False
INC-01389,2026-05-05 02:13:00,,Network,Wi-Fi,High,Open,Email,IT,Cavite,Agent 05,148,,,False
INC-01390,2026-01-15 01:02:00,2026-01-15 17:48:17.429573,Software,Application,Medium,Resolved,Portal,Marketing,Quezon City,Agent 04,341,16.77,4.0,False
INC-01391,2026-02-09 13:18:00,2026-02-09 15:49:23.682532,Software,Browser,High,Resolved,Email,IT,Manila,Agent 08,113,2.52,2.0,False
INC-01392,2026-02-16 08:53:00,2026-02-18 12:27:22.719425,Security,Suspicious Login,Low,Resolved,Email,Administration,Laguna,Agent 07,554,51.57,4.0,False
INC-01393,2026-02-13 06:33:00,2026-02-13 15:34:06.068443,Network,Internet,Medium,Resolved,Portal,Finance,Laguna,Agent 07,82,9.02,4.0,False
INC-01394,2026-01-09 00:02:00,2026-01-09 15:30:36.922546,Network,Network Access,Low,Resolved,Email,Human Resources,Cavite,Agent 05,69,15.48,5.0,False
INC-01395,2026-03-23 15:07:00,,Security,Suspicious Login,Medium,Open,Phone,Administration,Cavite,Agent 04,412,,,False
INC-01396,2026-05-23 01:23:00,2026-05-23 22:51:22.917710,Security,Phishing,Medium,Closed,Portal,Finance,Cavite,Agent 08,288,21.47,4.0,False
INC-01397,2026-06-17 08:57:00,2026-06-18 10:10:25.814058,Access,Permission,Low,Resolved,Email,Operations,Makati,Agent 02,599,25.22,2.0,False
INC-01398,2026-06-22 07:45:00,2026-06-23 02:56:42.524999,Network,VPN,Low,Resolved,Email,Operations,Laguna,Agent 01,629,19.2,5.0,False
INC-01399,2026-03-26 18:51:00,2026-03-27 12:17:33.818120,Access,Account Lockout,High,Resolved,Portal,Marketing,Manila,Agent 06,210,17.44,3.0,False
INC-01400,2026-04-02 05:13:00,2026-04-02 11:36:20.366095,Access,System Access,Medium,Resolved,Portal,IT,Manila,Agent 05,239,6.39,3.0,False
INC-01401,2026-02-27 14:16:00,2026-02-27 20:37:41.876551,Software,Microsoft 365,Low,Closed,Portal,Sales,Laguna,Agent 02,100,6.36,3.0,False
INC-01402,2026-04-28 17:01:00,,Network,VPN,Medium,In Progress,Phone,Operations,Cavite,Agent 05,185,,,False
INC-01403,2026-05-12 00:09:00,2026-05-12 23:02:03.272256,Network,VPN,Medium,Closed,Chat,Human Resources,Makati,Agent 05,60,22.88,4.0,False
INC-01404,2026-02-14 17:01:00,2026-02-15 07:34:47.424620,Network,Wi-Fi,Medium,Closed,Phone,Marketing,Manila,Agent 07,27,14.56,3.0,False
INC-01405,2026-06-13 18:21:00,,Access,Permission,Medium,Open,Chat,Administration,Manila,Agent 06,288,,,True
INC-01406,2026-04-24 05:23:00,2026-04-24 08:49:00.628914,Hardware,Desktop,Medium,Resolved,Portal,IT,Quezon City,Agent 02,100,3.43,5.0,False
INC-01407,2026-05-02 00:10:00,2026-05-02 11:59:43.883845,Hardware,Desktop,Medium,Resolved,Chat,Sales,Quezon City,Agent 04,439,11.83,2.0,False
INC-01408,2026-01-28 19:40:00,2026-01-29 12:41:54.748220,Security,Suspicious Login,Low,Resolved,Email,Sales,Manila,Agent 01,279,17.03,2.0,True
INC-01409,2026-06-23 09:35:00,2026-06-24 08:41:28.899995,Network,Wi-Fi,Medium,Closed,Portal,Human Resources,Cavite,Agent 07,283,23.11,5.0,False
INC-01410,2026-03-01 02:49:00,,Hardware,Laptop,Low,Open,Phone,IT,Makati,Agent 03,696,,,False
INC-01411,2026-04-24 00:26:00,2026-04-24 13:57:26.418986,Network,Internet,Low,Closed,Portal,Sales,Cavite,Agent 04,151,13.52,4.0,False
INC-01412,2026-06-15 14:16:00,2026-06-16 22:06:10.703215,Software,Operating System,Medium,Resolved,Portal,Operations,Makati,Agent 08,421,31.84,2.0,False
INC-01413,2026-05-03 21:22:00,2026-05-05 21:23:29.972670,Access,Password Reset,Low,Closed,Email,IT,Manila,Agent 07,482,48.02,3.0,False
INC-01414,2026-06-15 17:29:00,2026-06-16 03:27:51.967166,Hardware,Printer,Medium,Resolved,Email,Human Resources,Laguna,Agent 05,274,9.98,1.0,False
INC-01415,2026-03-04 23:59:00,2026-03-05 21:38:08.863530,Software,Application,Medium,Closed,Email,Administration,Quezon City,Agent 03,93,21.65,4.0,True
INC-01416,2026-03-29 19:27:00,2026-03-30 10:10:54.748357,Software,Application,Low,Resolved,Portal,Human Resources,Laguna,Agent 07,379,14.73,1.0,False
INC-01417,2026-01-17 04:55:00,2026-01-18 11:18:40.902783,Software,Operating System,Medium,Resolved,Email,Sales,Makati,Agent 06,181,30.39,4.0,False
INC-01418,2026-05-31 14:32:00,2026-05-31 18:27:40.474459,Access,System Access,Critical,Resolved,Email,Sales,Quezon City,Agent 05,78,3.93,4.0,False
INC-01419,2026-01-29 04:52:00,2026-01-29 06:51:23.115017,Security,Malware Alert,Critical,Closed,Portal,Sales,Quezon City,Agent 06,21,1.99,5.0,False
INC-01420,2026-01-19 04:28:00,2026-01-19 09:38:36.265892,Network,Network Access,Medium,Closed,Email,IT,Cavite,Agent 03,243,5.18,5.0,False
INC-01421,2026-02-05 12:45:00,2026-02-06 02:30:21.190794,Security,Phishing,Low,Resolved,Portal,Sales,Quezon City,Agent 08,562,13.76,3.0,False
INC-01422,2026-05-26 23:50:00,2026-05-27 23:54:43.853757,Network,VPN,Medium,Closed,Email,IT,Makati,Agent 01,52,24.08,4.0,False
INC-01423,2026-01-13 23:04:00,2026-01-15 23:44:12.882408,Hardware,Monitor,Low,Resolved,Email,Human Resources,Makati,Agent 01,545,48.67,5.0,False
INC-01424,2026-05-08 21:46:00,2026-05-10 09:13:43.042419,Access,System Access,Low,Resolved,Phone,Human Resources,Quezon City,Agent 07,241,35.46,5.0,False
INC-01425,2026-02-18 04:58:00,2026-02-18 15:51:54.626395,Hardware,Printer,High,Resolved,Email,IT,Manila,Agent 02,231,10.9,5.0,False
INC-01426,2026-05-19 01:39:00,2026-05-20 18:28:25.538164,Hardware,Printer,Low,Resolved,Email,Operations,Quezon City,Agent 01,566,40.82,2.0,False
INC-01427,2026-06-25 07:17:00,,Software,Microsoft 365,Low,In Progress,Portal,Marketing,Cavite,Agent 02,225,,,True
INC-01428,2026-02-20 01:26:00,2026-02-20 14:41:41.623586,Network,VPN,Medium,Closed,Portal,Operations,Quezon City,Agent 01,72,13.26,5.0,False
INC-01429,2026-06-05 17:59:00,2026-06-07 15:46:45.947383,Hardware,Laptop,Low,Closed,Portal,IT,Manila,Agent 07,691,45.8,4.0,False
INC-01430,2026-04-02 19:46:00,2026-04-03 14:30:08.073724,Network,Network Access,Low,Closed,Portal,Sales,Laguna,Agent 08,563,18.74,5.0,False
INC-01431,2026-05-31 11:52:00,2026-06-01 05:47:39.485927,Security,Malware Alert,Medium,Resolved,Email,IT,Quezon City,Agent 02,381,17.93,4.0,False
INC-01432,2026-06-29 16:27:00,2026-06-30 08:35:33.494240,Network,Wi-Fi,Low,Resolved,Portal,Human Resources,Manila,Agent 08,74,16.14,3.0,False
INC-01433,2026-02-15 16:20:00,2026-02-16 12:22:39.651099,Access,Password Reset,Low,Closed,Portal,Human Resources,Makati,Agent 08,470,20.04,5.0,False
INC-01434,2026-02-18 00:15:00,2026-02-18 05:21:56.897714,Hardware,Printer,High,Closed,Portal,Human Resources,Manila,Agent 08,42,5.12,5.0,False
INC-01435,2026-05-09 09:59:00,2026-05-10 19:56:28.954381,Access,System Access,Medium,Resolved,Phone,Administration,Manila,Agent 02,374,33.96,2.0,False
INC-01436,2026-02-19 10:04:00,2026-02-20 12:56:41.074215,Hardware,Laptop,Low,Closed,Email,Administration,Cavite,Agent 03,530,26.88,4.0,False
INC-01437,2026-04-07 12:27:00,2026-04-07 21:34:47.724730,Access,System Access,High,Closed,Portal,Marketing,Laguna,Agent 02,207,9.13,5.0,False
INC-01438,2026-02-08 05:30:00,,Access,Account Lockout,Low,Open,Email,Finance,Quezon City,Agent 06,318,,,False
INC-01439,2026-05-29 02:35:00,2026-05-29 19:43:36.698822,Software,Operating System,Medium,Closed,Chat,Human Resources,Makati,Agent 02,339,17.14,4.0,False
INC-01440,2026-01-18 13:32:00,2026-01-19 17:47:49.046557,Software,Microsoft 365,Low,Closed,Chat,Finance,Manila,Agent 01,185,28.26,3.0,False
INC-01441,2026-03-23 09:51:00,2026-03-23 17:21:34.002023,Software,Application,Medium,Resolved,Chat,Administration,Makati,Agent 04,203,7.51,2.0,False
INC-01442,2026-01-06 07:05:00,2026-01-06 09:55:01.437875,Software,Operating System,Critical,Resolved,Portal,Operations,Makati,Agent 03,89,2.83,4.0,False
INC-01443,2026-01-11 01:10:00,2026-01-11 08:26:01.294800,Access,Account Lockout,Critical,Closed,Portal,Human Resources,Cavite,Agent 01,74,7.27,5.0,False
INC-01444,2026-06-16 06:55:00,2026-06-18 17:52:51.084205,Network,Wi-Fi,Low,Closed,Phone,Sales,Manila,Agent 07,690,58.96,3.0,False
INC-01445,2026-05-31 01:47:00,2026-05-31 16:10:28.461251,Access,Account Lockout,High,Closed,Email,Finance,Manila,Agent 01,70,14.39,4.0,False
INC-01446,2026-01-17 11:26:00,2026-01-18 13:14:38.958773,Security,Malware Alert,Medium,Closed,Chat,Human Resources,Cavite,Agent 05,407,25.81,5.0,False
INC-01447,2026-05-12 02:48:00,2026-05-13 07:32:57.561275,Software,Microsoft 365,Low,Resolved,Portal,Human Resources,Quezon City,Agent 01,170,28.75,4.0,False
INC-01448,2026-01-19 03:00:00,2026-01-20 07:38:31.585481,Network,Wi-Fi,Medium,Resolved,Phone,Administration,Cavite,Agent 04,368,28.64,4.0,False
INC-01449,2026-02-05 22:46:00,2026-02-06 06:08:43.015974,Software,Application,Critical,Resolved,Email,Marketing,Manila,,50,7.38,4.0,False
INC-01450,2026-04-15 08:03:00,2026-04-16 12:10:57.294507,Hardware,Monitor,Medium,Resolved,Chat,Human Resources,Quezon City,Agent 04,360,28.13,4.0,False
INC-01451,2026-05-26 23:52:00,2026-05-29 05:40:54.149746,Software,Browser,Low,Closed,Portal,Sales,Quezon City,Agent 01,488,53.82,5.0,False
INC-01452,2026-02-04 11:02:00,2026-02-05 20:42:41.087673,Access,Password Reset,Medium,Resolved,Portal,Human Resources,Cavite,Agent 02,265,33.68,1.0,False
INC-01453,2026-03-16 04:15:00,2026-03-16 11:31:53.673074,Access,Permission,High,Closed,Portal,Operations,Manila,Agent 02,209,7.28,5.0,False
INC-01454,2026-01-21 22:07:00,2026-01-22 14:08:33.672412,Security,Suspicious Login,High,Resolved,Portal,Finance,Quezon City,Agent 08,119,16.03,4.0,False
INC-01455,2026-06-13 15:48:00,,Network,VPN,Medium,Open,Portal,Administration,Laguna,Agent 06,139,,,False
INC-01456,2026-01-17 21:58:00,2026-01-18 18:59:43.583952,Network,Internet,Low,Resolved,Phone,Human Resources,Cavite,Agent 01,670,21.03,4.0,False
INC-01457,2026-04-09 05:44:00,,Hardware,Desktop,High,In Progress,Portal,Human Resources,Manila,Agent 01,137,,,False
INC-01458,2026-03-08 23:57:00,2026-03-10 01:41:30.722774,Security,Suspicious Login,Medium,Closed,Chat,IT,Laguna,Agent 03,206,25.74,5.0,False
INC-01459,2026-04-15 23:09:00,2026-04-16 03:39:41.553621,Access,Password Reset,High,Closed,Phone,Operations,Laguna,Agent 06,22,4.51,3.0,False
INC-01460,2026-04-01 17:32:00,2026-04-03 02:25:55.054582,Software,Microsoft 365,Low,Resolved,Portal,Marketing,Quezon City,Agent 07,304,32.9,4.0,False
INC-01461,2026-03-03 05:15:00,2026-03-04 00:02:31.634364,Network,Network Access,High,Resolved,Email,Sales,Cavite,Agent 06,127,18.79,3.0,False
INC-01462,2026-03-04 14:41:00,,Access,System Access,Medium,Open,Portal,Human Resources,Cavite,Agent 05,463,,,False
INC-01463,2026-05-17 09:11:00,2026-05-17 16:51:08.224894,Access,Permission,Low,Resolved,Email,IT,Manila,Agent 03,199,7.67,4.0,False
INC-01464,2026-03-11 21:40:00,2026-03-13 07:31:09.266661,Hardware,Monitor,Medium,Closed,Chat,Sales,Makati,Agent 06,361,33.85,4.0,False
INC-01465,2026-06-18 06:18:00,,Software,Browser,Medium,Open,Portal,Operations,Cavite,Agent 01,179,,,False
INC-01466,2026-05-06 21:10:00,,Hardware,Monitor,Medium,In Progress,Phone,IT,Makati,Agent 04,116,,,False
INC-01467,2026-04-02 06:18:00,,Software,Application,Medium,In Progress,Email,Administration,Makati,Agent 07,96,,,False
INC-01468,2026-05-07 07:37:00,2026-05-07 12:34:15.562052,Software,Browser,High,Closed,Portal,IT,Manila,Agent 06,183,4.95,4.0,True
INC-01469,2026-03-30 12:12:00,2026-03-31 07:31:06.570071,Network,Internet,Medium,Resolved,Portal,Finance,Laguna,Agent 05,372,19.32,2.0,False
INC-01470,2026-05-02 12:47:00,,Software,Application,Medium,Open,Chat,Human Resources,Manila,Agent 06,409,,,False
INC-01471,2026-04-11 05:27:00,2026-04-12 05:18:57.252284,Hardware,Monitor,Low,Resolved,Email,Finance,Quezon City,Agent 08,666,23.87,5.0,False
INC-01472,2026-01-09 11:15:00,2026-01-10 13:35:47.036311,Network,Internet,Medium,Closed,Portal,Finance,Cavite,Agent 06,296,26.35,5.0,False
INC-01473,2026-03-20 17:08:00,2026-03-21 04:10:13.202064,Security,Malware Alert,Low,Resolved,Email,Administration,Quezon City,Agent 01,122,11.04,3.0,True
INC-01474,2026-05-01 12:20:00,2026-05-01 18:44:13.600312,Network,VPN,Medium,Closed,Email,Human Resources,Cavite,Agent 03,213,6.4,1.0,False
INC-01475,2026-04-22 20:59:00,2026-04-24 01:08:10.923332,Software,Microsoft 365,Medium,Resolved,Phone,IT,Cavite,Agent 04,473,28.15,4.0,True
INC-01476,2026-04-10 11:35:00,2026-04-11 15:08:49.443444,Hardware,Desktop,Medium,Closed,Email,IT,Laguna,Agent 03,129,27.56,5.0,False
INC-01477,2026-03-24 15:06:00,2026-03-25 06:41:23.222557,Software,Browser,Low,Resolved,Portal,Human Resources,Laguna,Agent 02,501,15.59,4.0,True
INC-01478,2026-02-20 01:55:00,2026-02-20 09:13:08.874845,Network,Wi-Fi,High,Resolved,Phone,Administration,Manila,Agent 06,12,7.3,3.0,False
INC-01479,2026-06-02 10:47:00,2026-06-03 17:11:39.231001,Network,VPN,Medium,Resolved,Portal,Operations,Manila,Agent 03,409,30.41,5.0,False
INC-01480,2026-03-03 14:28:00,2026-03-04 11:27:09.214047,Software,Operating System,Medium,Closed,Email,Finance,Quezon City,Agent 03,42,20.99,5.0,False
INC-01481,2026-01-01 03:21:00,2026-01-01 14:23:26.037588,Software,Application,Medium,Resolved,Email,Operations,Makati,Agent 03,300,11.04,5.0,True
INC-01482,2026-04-17 00:18:00,2026-04-18 03:44:27.595940,Access,System Access,Medium,Resolved,Phone,IT,Laguna,Agent 04,366,27.44,4.0,False
INC-01483,2026-01-06 12:04:00,2026-01-07 23:22:45.063703,Network,Wi-Fi,Medium,Resolved,Portal,Human Resources,Manila,Agent 01,377,35.31,4.0,False
INC-01484,2026-01-27 06:09:00,2026-01-28 13:33:56.716708,Software,Microsoft 365,Medium,Resolved,Portal,Administration,Quezon City,Agent 06,290,31.42,3.0,False
INC-01485,2026-03-28 13:17:00,,,Application,Medium,In Progress,Portal,Marketing,Laguna,Agent 06,115,,,False
INC-01486,2026-02-06 14:31:00,2026-02-07 17:26:56.854857,Software,Operating System,Medium,Resolved,Phone,IT,Quezon City,Agent 07,225,26.93,4.0,False
INC-01487,2026-03-15 01:35:00,2026-03-17 01:08:15.416577,Software,Operating System,Low,Resolved,Email,Marketing,Quezon City,Agent 08,173,47.55,2.0,False
INC-01488,2026-03-17 23:12:00,2026-03-19 16:58:23.157012,Software,Operating System,Low,Resolved,Portal,IT,Makati,Agent 01,498,41.77,3.0,False
INC-01489,2026-03-06 13:15:00,2026-03-08 00:25:01.088431,Network,Network Access,Low,Resolved,Chat,Operations,Laguna,Agent 01,581,35.17,4.0,False
INC-01490,2026-02-28 23:33:00,,Hardware,Printer,Medium,In Progress,Portal,Marketing,Makati,Agent 07,315,,,False
INC-01491,2026-06-03 07:36:00,2026-06-04 07:03:55.725904,Network,Internet,Medium,Resolved,Email,Finance,Laguna,Agent 06,155,23.47,4.0,False
INC-01492,2026-04-25 23:46:00,2026-04-27 00:29:40.658160,Hardware,Monitor,Low,Closed,Email,Finance,Quezon City,Agent 02,440,24.73,5.0,False
INC-01493,2026-03-22 05:30:00,,Access,System Access,High,Open,Portal,Sales,Quezon City,Agent 01,135,,,True
INC-01494,2026-05-22 21:09:00,2026-05-23 12:12:35.472761,Network,Network Access,Medium,Closed,Chat,Operations,Quezon City,Agent 02,476,15.06,5.0,False
INC-01495,2026-04-04 12:01:00,2026-04-04 14:55:19.928962,Access,Password Reset,Critical,Resolved,Email,Finance,Makati,Agent 08,58,2.91,5.0,False
INC-01496,2026-04-11 18:06:00,,Hardware,Desktop,Medium,Open,Portal,Marketing,Quezon City,Agent 01,377,,,False
INC-01497,2026-06-24 23:44:00,2026-06-25 06:26:43.784739,Network,Internet,Medium,Resolved,Portal,Sales,Cavite,Agent 04,133,6.71,4.0,False
INC-01498,2026-03-04 16:15:00,2026-03-05 19:08:09.201520,Software,Microsoft 365,Medium,Closed,Email,IT,Quezon City,Agent 01,202,26.89,4.0,False
INC-01499,2026-02-07 10:59:00,2026-02-07 22:31:28.918686,Access,Password Reset,Low,Closed,Chat,IT,Makati,Agent 03,380,11.54,5.0,True
INC-01500,2026-06-30 06:24:00,2026-07-01 05:30:14.649235,Access,Permission,High,Resolved,Chat,Human Resources,Manila,Agent 03,188,23.1,5.0,False
INC-01117,2026-01-20 06:35:00,2026-01-21 03:21:43.740847,Hardware,Desktop,Low,Resolved,Email,Sales,Makati,Agent 03,342,20.78,2.0,False
INC-01369,2026-03-05 14:55:00,2026-03-06 21:46:26.634299,Network,Network Access,Medium,Closed,Email,IT,Manila,Agent 06,363,30.86,4.0,False
INC-00423,2026-05-05 08:48:00,,Access,Permission,Medium,Open,Portal,Finance,Quezon City,Agent 04,413,,,False
INC-00414,2026-05-22 02:36:00,,Security,Suspicious Login,High,In Progress,Portal,Operations,Quezon City,Agent 01,140,,,False
INC-00452,2026-05-14 08:04:00,,Software,Microsoft 365,Medium,Open,Chat,Administration,Manila,Agent 06,337,,,False
INC-00862,2026-06-21 19:46:00,2026-06-23 00:44:29.696668,Software,Browser,Medium,Resolved,Portal,IT,Manila,Agent 04,22,28.97,4.0,False
INC-01064,2026-06-12 11:27:00,,Software,Application,Medium,Open,Phone,Sales,Quezon City,Agent 05,142,,,False
INC-00742,2026-06-20 09:20:00,2026-06-20 11:48:25.509874,Security,Suspicious Login,Critical,Resolved,Portal,Finance,Makati,Agent 03,33,2.47,1.0,False
