order_id,order_date,customer_id,product_id,product_category,quantity,unit_price,discount,payment_method,order_status,gross_amount,discount_amount,net_amount
ORD-10204,2026-01-01,CUST-075,PROD-055,Fashion,3,1278.76,0.15,Maya,Completed,3836.2799999999997,575.4419999999999,3260.8379999999997
ORD-10566,2026-01-01,CUST-228,PROD-078,Fashion,2,2255.5,0.05,GCash,Cancelled,4511.0,225.55,4285.45
ORD-10580,2026-01-01,CUST-049,PROD-001,Fashion,5,677.36,0.0,Debit Card,Completed,3386.8,0.0,3386.8
ORD-10796,2026-01-01,CUST-168,PROD-082,Electronics,4,1405.54,0.1,Debit Card,Cancelled,5622.16,562.216,5059.9439999999995
ORD-10829,2026-01-01,CUST-234,PROD-074,Sports,1,296.29,0.15,Bank Transfer,Completed,296.29,44.4435,251.84650000000002
ORD-10959,2026-01-01,CUST-055,PROD-075,Fashion,5,984.79,0.0,Maya,Pending,4923.95,0.0,4923.95
ORD-10962,2026-01-01,CUST-153,PROD-085,Beauty,1,3315.25,0.15,Credit Card,Cancelled,3315.25,497.28749999999997,2817.9625
ORD-10091,2026-01-02,CUST-046,PROD-039,Fashion,2,1444.13,0.0,Bank Transfer,Completed,2888.26,0.0,2888.26
ORD-10120,2026-01-02,CUST-135,PROD-059,Home,4,4367.57,0.05,GCash,Pending,17470.28,873.514,16596.766
ORD-10137,2026-01-02,CUST-203,PROD-051,Beauty,5,705.58,0.1,Credit Card,Cancelled,3527.9,352.79,3175.11
ORD-10272,2026-01-02,CUST-186,PROD-074,Beauty,3,3494.57,0.0,GCash,Pending,10483.710000000001,0.0,10483.710000000001
ORD-10351,2026-01-02,CUST-222,PROD-046,Sports,2,1056.13,0.15,Bank Transfer,Cancelled,2112.26,316.839,1795.4210000000003
ORD-10448,2026-01-02,CUST-134,PROD-059,Fashion,5,2660.55,0.15,GCash,Pending,13302.75,1995.4125,11307.3375
ORD-10644,2026-01-02,CUST-102,PROD-032,Electronics,5,3939.03,0.15,Bank Transfer,Completed,19695.15,2954.2725,16740.877500000002
ORD-10761,2026-01-02,CUST-023,PROD-075,Fashion,5,2080.57,0.05,Credit Card,Completed,10402.85,520.1425,9882.7075
ORD-10787,2026-01-02,CUST-081,PROD-071,Electronics,1,158.61,0.0,Bank Transfer,Completed,158.61,0.0,158.61
ORD-10367,2026-01-03,CUST-161,PROD-059,Electronics,2,2262.3,0.0,Debit Card,Completed,4524.6,0.0,4524.6
ORD-10621,2026-01-03,CUST-043,PROD-024,Home,2,3343.91,0.0,Maya,Completed,6687.82,0.0,6687.82
ORD-10766,2026-01-03,CUST-019,PROD-083,Home,4,3323.84,0.05,GCash,Completed,13295.36,664.768,12630.592
ORD-10812,2026-01-03,CUST-200,PROD-021,Sports,1,131.11,0.05,GCash,Cancelled,131.11,6.555500000000001,124.55450000000002
ORD-10000,2026-01-04,CUST-164,PROD-015,Beauty,2,1193.73,0.0,Bank Transfer,Completed,2387.46,0.0,2387.46
ORD-10124,2026-01-04,CUST-178,PROD-039,Electronics,3,4001.1,0.1,Credit Card,Completed,12003.3,1200.33,10802.97
ORD-10199,2026-01-04,CUST-096,PROD-029,Beauty,1,4211.96,0.1,Maya,Completed,4211.96,421.196,3790.764
ORD-10220,2026-01-04,CUST-246,PROD-015,Home,4,2636.95,0.2,GCash,Completed,10547.8,2109.56,8438.24
ORD-10353,2026-01-04,CUST-022,PROD-073,Home,3,260.21,0.05,Bank Transfer,Completed,780.6299999999999,39.031499999999994,741.5984999999998
ORD-10434,2026-01-04,CUST-158,PROD-062,Sports,2,3075.86,0.15,Maya,Completed,6151.72,922.758,5228.962
ORD-10696,2026-01-04,CUST-215,PROD-019,Beauty,4,4809.86,0.1,Debit Card,Completed,19239.44,1923.944,17315.496
ORD-10802,2026-01-04,CUST-010,PROD-025,Fashion,2,2497.24,0.0,Bank Transfer,Completed,4994.48,0.0,4994.48
ORD-10001,2026-01-05,CUST-152,PROD-055,Electronics,1,1171.33,0.2,Bank Transfer,Completed,1171.33,234.266,937.064
ORD-10023,2026-01-05,CUST-059,PROD-009,Beauty,1,2619.36,0.1,Debit Card,Completed,2619.36,261.93600000000004,2357.424
ORD-10050,2026-01-05,CUST-247,PROD-034,Electronics,5,2229.36,0.1,Debit Card,Cancelled,11146.800000000001,1114.68,10032.12
ORD-10133,2026-01-05,CUST-080,PROD-057,Fashion,3,3688.56,0.0,Credit Card,Completed,11065.68,0.0,11065.68
ORD-10140,2026-01-05,CUST-036,PROD-006,Beauty,4,668.99,0.05,Bank Transfer,Completed,2675.96,133.798,2542.1620000000003
ORD-10218,2026-01-05,CUST-099,PROD-073,Fashion,2,3427.4,0.1,Credit Card,Pending,6854.8,685.48,6169.32
ORD-10247,2026-01-05,CUST-011,PROD-006,Home,3,4039.43,0.2,Debit Card,Completed,12118.289999999999,2423.658,9694.632
ORD-10265,2026-01-05,CUST-226,PROD-023,Sports,4,1012.93,0.1,GCash,Completed,4051.72,405.172,3646.548
ORD-10310,2026-01-05,CUST-168,PROD-084,Electronics,4,1958.39,0.2,Debit Card,Completed,7833.56,1566.7120000000002,6266.848
ORD-10412,2026-01-05,CUST-115,PROD-020,Fashion,5,3123.19,0.1,Debit Card,Pending,15615.95,1561.5950000000003,14054.355
ORD-10444,2026-01-05,CUST-102,PROD-092,Fashion,5,4512.23,0.2,Bank Transfer,Completed,22561.149999999998,4512.23,18048.92
ORD-10469,2026-01-05,CUST-104,PROD-050,Fashion,5,4098.47,0.1,Maya,Cancelled,20492.350000000002,2049.235,18443.115
ORD-10524,2026-01-05,CUST-193,PROD-070,Beauty,4,602.15,0.2,Maya,Cancelled,2408.6,481.72,1926.8799999999999
ORD-10640,2026-01-05,CUST-064,PROD-095,Home,4,3703.08,0.0,Bank Transfer,Completed,14812.32,0.0,14812.32
ORD-10704,2026-01-05,CUST-135,PROD-083,Fashion,1,2312.89,0.0,Maya,Cancelled,2312.89,0.0,2312.89
ORD-10739,2026-01-05,CUST-053,PROD-093,Sports,4,3597.02,0.2,GCash,Completed,14388.08,2877.616,11510.464
ORD-10779,2026-01-05,CUST-047,PROD-068,Beauty,1,4839.99,0.2,Maya,Pending,4839.99,967.998,3871.9919999999997
ORD-10805,2026-01-05,CUST-060,PROD-010,Home,4,3303.77,0.15,Bank Transfer,Completed,13215.08,1982.262,11232.818
ORD-10899,2026-01-05,CUST-244,PROD-098,Sports,1,1979.79,0.1,Debit Card,Pending,1979.79,197.979,1781.811
ORD-10900,2026-01-05,CUST-118,PROD-005,Home,5,3331.11,0.1,Maya,Pending,16655.55,1665.555,14989.994999999999
ORD-10171,2026-01-06,CUST-221,PROD-095,Sports,1,2352.8,0.0,Credit Card,Cancelled,2352.8,0.0,2352.8
ORD-10206,2026-01-06,CUST-100,PROD-061,Sports,3,1342.89,0.0,Credit Card,Completed,4028.67,0.0,4028.67
ORD-10394,2026-01-06,CUST-206,PROD-067,Sports,1,4397.26,0.1,Credit Card,Completed,4397.26,439.72600000000006,3957.534
ORD-10537,2026-01-06,CUST-115,PROD-063,Beauty,2,1669.53,0.0,GCash,Completed,3339.06,0.0,3339.06
ORD-10563,2026-01-06,CUST-235,PROD-059,Electronics,3,605.8,0.2,Credit Card,Completed,1817.3999999999999,363.48,1453.9199999999998
ORD-10569,2026-01-06,CUST-006,PROD-032,Home,5,3002.5,0.05,Bank Transfer,Completed,15012.5,750.625,14261.875
ORD-10603,2026-01-06,CUST-196,PROD-070,Sports,3,3141.27,0.15,Bank Transfer,Completed,9423.81,1413.5714999999998,8010.2384999999995
ORD-10705,2026-01-06,CUST-138,PROD-051,Fashion,4,2629.02,0.0,Maya,Completed,10516.08,0.0,10516.08
ORD-10727,2026-01-06,CUST-107,PROD-053,Beauty,3,2846.04,0.05,GCash,Completed,8538.119999999999,426.90599999999995,8111.213999999999
ORD-10974,2026-01-06,CUST-216,PROD-051,Electronics,4,4396.1,0.1,Credit Card,Cancelled,17584.4,1758.4400000000003,15825.960000000001
ORD-10994,2026-01-06,CUST-088,PROD-046,Fashion,3,4491.96,0.2,Bank Transfer,Completed,13475.880000000001,2695.1760000000004,10780.704000000002
ORD-10996,2026-01-06,CUST-211,PROD-072,Fashion,1,918.53,0.0,Maya,Completed,918.53,0.0,918.53
ORD-10110,2026-01-07,CUST-161,PROD-057,Home,3,2791.18,0.1,Debit Card,Pending,8373.539999999999,837.3539999999999,7536.185999999999
ORD-10131,2026-01-07,CUST-145,PROD-088,Fashion,4,4180.91,0.1,Maya,Cancelled,16723.64,1672.364,15051.276
ORD-10185,2026-01-07,CUST-174,PROD-077,Beauty,1,1715.48,0.2,Debit Card,Completed,1715.48,343.096,1372.384
ORD-10202,2026-01-07,CUST-078,PROD-016,Home,4,3230.86,0.2,Debit Card,Completed,12923.44,2584.688,10338.752
ORD-10211,2026-01-07,CUST-092,PROD-100,Beauty,3,709.93,0.1,Debit Card,Pending,2129.79,212.979,1916.811
ORD-10316,2026-01-07,CUST-191,PROD-045,Electronics,4,1237.51,0.0,Credit Card,Cancelled,4950.04,0.0,4950.04
ORD-10458,2026-01-07,CUST-009,PROD-059,Beauty,2,1442.49,0.15,Bank Transfer,Pending,2884.98,432.747,2452.233
ORD-10461,2026-01-07,CUST-008,PROD-050,Home,5,3921.17,0.05,Maya,Completed,19605.85,980.2925,18625.5575
ORD-10503,2026-01-07,CUST-229,PROD-079,Electronics,2,2577.28,0.15,Debit Card,Completed,5154.56,773.1840000000001,4381.376
ORD-10526,2026-01-07,CUST-248,PROD-071,Electronics,3,1095.13,0.15,Maya,Completed,3285.3900000000003,492.80850000000004,2792.5815000000002
ORD-10613,2026-01-07,CUST-144,PROD-073,Sports,1,3483.66,0.0,Maya,Completed,3483.66,0.0,3483.66
ORD-10717,2026-01-07,CUST-210,PROD-027,Home,2,369.81,0.1,GCash,Completed,739.62,73.962,665.658
ORD-10746,2026-01-07,CUST-121,PROD-087,Electronics,4,363.62,0.15,Debit Card,Completed,1454.48,218.172,1236.308
ORD-10762,2026-01-07,CUST-095,PROD-071,Electronics,5,4121.69,0.1,GCash,Completed,20608.449999999997,2060.845,18547.604999999996
ORD-10781,2026-01-07,CUST-188,PROD-045,Beauty,1,357.36,0.15,Debit Card,Pending,357.36,53.604,303.75600000000003
ORD-10941,2026-01-07,CUST-180,PROD-022,Sports,5,2201.63,0.1,Maya,Completed,11008.150000000001,1100.8150000000003,9907.335000000001
ORD-10963,2026-01-07,CUST-034,PROD-028,Beauty,3,4010.92,0.0,Bank Transfer,Cancelled,12032.76,0.0,12032.76
ORD-10031,2026-01-08,CUST-076,PROD-028,Fashion,5,398.69,0.1,GCash,Completed,1993.45,199.34500000000003,1794.105
ORD-10168,2026-01-08,CUST-102,PROD-077,Electronics,2,1576.95,0.05,Maya,Completed,3153.9,157.69500000000002,2996.205
ORD-10216,2026-01-08,CUST-071,PROD-082,Electronics,4,1880.22,0.05,GCash,Completed,7520.88,376.04400000000004,7144.836
ORD-10401,2026-01-08,CUST-152,PROD-073,Sports,2,1260.18,0.1,Credit Card,Pending,2520.36,252.03600000000003,2268.324
ORD-10408,2026-01-08,CUST-032,PROD-002,Home,2,1070.85,0.15,Credit Card,Completed,2141.7,321.25499999999994,1820.445
ORD-10418,2026-01-08,CUST-209,PROD-095,Home,5,4247.87,0.15,Credit Card,Completed,21239.35,3185.9024999999997,18053.4475
ORD-10456,2026-01-08,CUST-223,PROD-048,Fashion,2,421.52,0.2,Debit Card,Completed,843.04,168.608,674.432
ORD-10690,2026-01-08,CUST-129,PROD-036,Beauty,4,4462.97,0.0,Bank Transfer,Completed,17851.88,0.0,17851.88
ORD-10858,2026-01-08,CUST-155,PROD-066,Beauty,4,824.94,0.15,Credit Card,Pending,3299.76,494.964,2804.7960000000003
ORD-10006,2026-01-09,CUST-050,PROD-091,Electronics,2,3888.03,0.0,Maya,Completed,7776.06,0.0,7776.06
ORD-10033,2026-01-09,CUST-018,PROD-077,Home,4,687.44,0.2,Maya,Cancelled,2749.76,549.9520000000001,2199.808
ORD-10079,2026-01-09,CUST-170,PROD-048,Fashion,3,162.0,0.15,Debit Card,Completed,486.0,72.89999999999999,413.1
ORD-10205,2026-01-09,CUST-135,PROD-047,Fashion,5,2585.91,0.2,Bank Transfer,Completed,12929.55,2585.91,10343.64
ORD-10286,2026-01-09,CUST-062,PROD-027,Electronics,5,264.52,0.2,GCash,Completed,1322.6,264.52,1058.08
ORD-10381,2026-01-09,CUST-005,PROD-076,Electronics,3,1157.14,0.0,Debit Card,Cancelled,3471.42,0.0,3471.42
ORD-10447,2026-01-09,CUST-082,PROD-094,Electronics,4,2826.18,0.2,Credit Card,Completed,11304.72,2260.944,9043.776
ORD-10592,2026-01-09,CUST-189,PROD-091,Electronics,5,1494.02,0.2,Bank Transfer,Completed,7470.1,1494.0200000000002,5976.08
ORD-10721,2026-01-09,CUST-230,PROD-049,Sports,5,418.14,0.15,Maya,Completed,2090.7,313.60499999999996,1777.0949999999998
ORD-10733,2026-01-09,CUST-205,PROD-046,Home,3,4219.62,0.1,Debit Card,Cancelled,12658.86,1265.8860000000002,11392.974
ORD-10793,2026-01-09,CUST-046,PROD-057,Sports,2,3090.48,0.05,Debit Card,Completed,6180.96,309.048,5871.912
ORD-10810,2026-01-09,CUST-045,PROD-043,Electronics,3,792.06,0.15,Maya,Completed,2376.18,356.42699999999996,2019.753
ORD-10036,2026-01-10,CUST-081,PROD-097,Electronics,4,3143.68,0.2,GCash,Completed,12574.72,2514.944,10059.776
ORD-10094,2026-01-10,CUST-103,PROD-063,Fashion,1,843.46,0.2,Credit Card,Completed,843.46,168.692,674.768
ORD-10098,2026-01-10,CUST-045,PROD-071,Home,1,2101.74,0.2,Debit Card,Completed,2101.74,420.34799999999996,1681.3919999999998
ORD-10175,2026-01-10,CUST-200,PROD-022,Fashion,1,2699.96,0.05,Credit Card,Completed,2699.96,134.99800000000002,2564.962
ORD-10190,2026-01-10,CUST-036,PROD-020,Beauty,1,2587.68,0.2,Bank Transfer,Completed,2587.68,517.536,2070.144
ORD-10432,2026-01-10,CUST-042,PROD-058,Electronics,3,198.38,0.1,GCash,Completed,595.14,59.514,535.626
ORD-10474,2026-01-10,CUST-149,PROD-080,Sports,2,2552.34,0.15,Bank Transfer,Completed,5104.68,765.702,4338.978
ORD-10528,2026-01-10,CUST-046,PROD-088,Home,2,3701.89,0.0,Debit Card,Completed,7403.78,0.0,7403.78
ORD-10543,2026-01-10,CUST-012,PROD-090,Beauty,5,620.06,0.1,Bank Transfer,Completed,3100.2999999999997,310.03,2790.2699999999995
ORD-10791,2026-01-10,CUST-120,PROD-085,Sports,3,3869.86,0.1,Credit Card,Completed,11609.58,1160.958,10448.622
ORD-10795,2026-01-10,CUST-009,PROD-010,Fashion,3,3908.46,0.0,Debit Card,Completed,11725.380000000001,0.0,11725.380000000001
ORD-10822,2026-01-10,CUST-229,PROD-029,Sports,5,2473.6,0.15,Maya,Completed,12368.0,1855.1999999999998,10512.8
ORD-10834,2026-01-10,CUST-221,PROD-081,Sports,3,2701.51,0.1,Debit Card,Completed,8104.530000000001,810.4530000000001,7294.077
ORD-10897,2026-01-10,CUST-160,PROD-013,Fashion,4,3984.38,0.05,Credit Card,Pending,15937.52,796.8760000000001,15140.644
ORD-10911,2026-01-10,CUST-128,PROD-082,Fashion,2,1508.04,0.0,Credit Card,Cancelled,3016.08,0.0,3016.08
ORD-10005,2026-01-11,CUST-032,PROD-049,Fashion,3,4164.08,0.2,Credit Card,Cancelled,12492.24,2498.4480000000003,9993.792
ORD-10065,2026-01-11,CUST-082,PROD-070,Home,2,1233.18,0.05,Maya,Completed,2466.36,123.31800000000001,2343.042
ORD-10085,2026-01-11,CUST-133,PROD-025,Home,4,2494.03,0.05,Debit Card,Pending,9976.12,498.80600000000004,9477.314
ORD-10183,2026-01-11,CUST-208,PROD-044,Fashion,2,291.8,0.15,Debit Card,Cancelled,583.6,87.54,496.06
ORD-10214,2026-01-11,CUST-083,PROD-014,Beauty,3,1601.83,0.2,Debit Card,Completed,4805.49,961.098,3844.392
ORD-10676,2026-01-11,CUST-103,PROD-034,Sports,5,2229.01,0.05,Maya,Pending,11145.050000000001,557.2525,10587.7975
ORD-10973,2026-01-11,UNKNOWN,PROD-075,Fashion,1,658.28,0.15,Maya,Completed,658.28,98.74199999999999,559.538
ORD-10041,2026-01-12,CUST-065,PROD-007,Sports,3,316.03,0.1,Maya,Completed,948.0899999999999,94.809,853.281
ORD-10082,2026-01-12,CUST-219,PROD-032,Beauty,4,1294.93,0.15,Bank Transfer,Cancelled,5179.72,776.958,4402.762000000001
ORD-10086,2026-01-12,CUST-115,PROD-003,Beauty,2,2081.57,0.05,Credit Card,Cancelled,4163.14,208.15700000000004,3954.983
ORD-10112,2026-01-12,CUST-142,PROD-053,Home,1,2361.09,0.0,Maya,Pending,2361.09,0.0,2361.09
ORD-10123,2026-01-12,CUST-059,PROD-096,Sports,1,3825.81,0.0,Debit Card,Completed,3825.81,0.0,3825.81
ORD-10294,2026-01-12,CUST-217,PROD-048,Fashion,2,352.53,0.15,Bank Transfer,Cancelled,705.06,105.75899999999999,599.3009999999999
ORD-10364,2026-01-12,CUST-223,PROD-100,Sports,3,4265.52,0.2,Debit Card,Completed,12796.560000000001,2559.3120000000004,10237.248000000001
ORD-10645,2026-01-12,CUST-096,PROD-099,Home,2,2549.6,0.2,Credit Card,Completed,5099.2,1019.84,4079.3599999999997
ORD-10669,2026-01-12,CUST-066,PROD-039,Fashion,4,2888.42,0.05,GCash,Completed,11553.68,577.6840000000001,10975.996000000001
ORD-10990,2026-01-12,CUST-073,PROD-089,Sports,2,949.13,0.05,Bank Transfer,Pending,1898.26,94.91300000000001,1803.347
ORD-10004,2026-01-13,CUST-024,PROD-049,Beauty,3,3058.26,0.0,Debit Card,Cancelled,9174.78,0.0,9174.78
ORD-10097,2026-01-13,CUST-016,PROD-079,Home,2,1396.77,0.0,Maya,Completed,2793.54,0.0,2793.54
ORD-10336,2026-01-13,CUST-028,PROD-002,Beauty,2,2602.31,0.2,Bank Transfer,Cancelled,5204.62,1040.924,4163.696
ORD-10370,2026-01-13,CUST-168,PROD-012,Electronics,2,2436.35,0.05,Bank Transfer,Completed,4872.7,243.635,4629.065
ORD-10436,2026-01-13,CUST-077,PROD-031,Electronics,4,2901.67,0.15,Maya,Completed,11606.68,1741.002,9865.678
ORD-10607,2026-01-13,CUST-098,PROD-075,Beauty,3,3102.61,0.1,Maya,Cancelled,9307.83,930.783,8377.047
ORD-10614,2026-01-13,CUST-122,PROD-081,Sports,3,1372.87,0.1,Bank Transfer,Cancelled,4118.61,411.861,3706.749
ORD-10622,2026-01-13,CUST-102,PROD-014,Electronics,4,2787.33,0.0,Debit Card,Cancelled,11149.32,0.0,11149.32
ORD-10687,2026-01-13,CUST-131,PROD-091,Beauty,4,4347.19,0.2,GCash,Completed,17388.76,3477.752,13911.007999999998
ORD-10884,2026-01-13,CUST-250,PROD-093,Home,5,4271.35,0.15,Credit Card,Cancelled,21356.75,3203.5125,18153.2375
ORD-10039,2026-01-14,CUST-077,PROD-085,Home,3,665.6,0.0,Bank Transfer,Completed,1996.8000000000002,0.0,1996.8000000000002
ORD-10076,2026-01-14,UNKNOWN,PROD-040,Fashion,1,4651.55,0.2,Debit Card,Pending,4651.55,930.3100000000001,3721.2400000000002
ORD-10159,2026-01-14,CUST-080,PROD-046,Fashion,5,1142.42,0.15,Maya,Completed,5712.1,856.815,4855.285
ORD-10321,2026-01-14,CUST-195,PROD-035,Home,1,1018.22,0.15,Bank Transfer,Cancelled,1018.22,152.733,865.4870000000001
ORD-10322,2026-01-14,CUST-132,PROD-053,Electronics,1,1834.18,0.0,Bank Transfer,Cancelled,1834.18,0.0,1834.18
ORD-10356,2026-01-14,CUST-056,PROD-055,Home,3,4386.57,0.0,Debit Card,Completed,13159.71,0.0,13159.71
ORD-10390,2026-01-14,CUST-066,PROD-099,Fashion,1,1219.18,0.2,GCash,Completed,1219.18,243.836,975.344
ORD-10430,2026-01-14,CUST-090,PROD-033,Electronics,1,1991.09,0.15,Maya,Pending,1991.09,298.6635,1692.4265
ORD-10465,2026-01-14,CUST-102,PROD-075,Electronics,5,4997.2,0.1,Bank Transfer,Cancelled,24986.0,2498.6000000000004,22487.4
ORD-10623,2026-01-14,CUST-196,PROD-011,Beauty,5,860.84,0.15,Credit Card,Completed,4304.2,645.63,3658.5699999999997
ORD-10661,2026-01-14,CUST-107,PROD-096,Fashion,3,3405.01,0.15,GCash,Completed,10215.03,1532.2545,8682.7755
ORD-10801,2026-01-14,CUST-179,PROD-050,Beauty,4,515.83,0.15,Maya,Completed,2063.32,309.498,1753.8220000000001
ORD-10147,2026-01-15,CUST-065,PROD-023,Electronics,2,172.82,0.05,Bank Transfer,Completed,345.64,17.282,328.358
ORD-10167,2026-01-15,CUST-089,PROD-056,Beauty,5,2484.5,0.1,GCash,Completed,12422.5,1242.25,11180.25
ORD-10253,2026-01-15,CUST-243,PROD-090,Home,1,2261.09,0.15,Maya,Pending,2261.09,339.1635,1921.9265
ORD-10385,2026-01-15,CUST-023,PROD-056,Sports,5,3083.28,0.1,Maya,Completed,15416.400000000001,1541.6400000000003,13874.760000000002
ORD-10489,2026-01-15,CUST-031,PROD-037,Electronics,4,1073.37,0.05,Credit Card,Cancelled,4293.48,214.67399999999998,4078.8059999999996
ORD-10568,2026-01-15,CUST-107,PROD-043,Sports,4,2447.2,0.2,Maya,Pending,9788.8,1957.76,7831.039999999999
ORD-10743,2026-01-15,CUST-041,PROD-036,Electronics,5,2842.17,0.0,Maya,Cancelled,14210.85,0.0,14210.85
ORD-10756,2026-01-15,CUST-215,PROD-063,Fashion,5,2368.25,0.2,GCash,Pending,11841.25,2368.25,9473.0
ORD-10875,2026-01-15,CUST-118,PROD-010,Home,1,2449.64,0.1,Credit Card,Completed,2449.64,244.964,2204.676
ORD-10878,2026-01-15,CUST-109,PROD-089,Electronics,1,3895.99,0.15,GCash,Completed,3895.99,584.3984999999999,3311.5915
ORD-10907,2026-01-15,CUST-223,PROD-040,Beauty,2,196.59,0.1,GCash,Pending,393.18,39.318000000000005,353.862
ORD-10981,2026-01-15,CUST-109,PROD-003,Home,2,3720.03,0.15,Debit Card,Pending,7440.06,1116.009,6324.051
ORD-10993,2026-01-15,CUST-087,PROD-056,Fashion,2,691.37,0.05,Debit Card,Completed,1382.74,69.137,1313.603
ORD-10144,2026-01-16,CUST-071,PROD-025,Sports,1,3347.57,0.2,GCash,Completed,3347.57,669.5140000000001,2678.056
ORD-10169,2026-01-16,CUST-075,PROD-042,Electronics,4,3760.37,0.05,Maya,Pending,15041.48,752.0740000000001,14289.405999999999
ORD-10229,2026-01-16,CUST-234,PROD-008,Fashion,2,1590.21,0.05,Credit Card,Completed,3180.42,159.02100000000002,3021.399
ORD-10410,2026-01-16,CUST-024,PROD-043,Electronics,4,348.12,0.2,Debit Card,Pending,1392.48,278.49600000000004,1113.984
ORD-10726,2026-01-16,CUST-050,PROD-001,Electronics,4,3164.76,0.0,Maya,Cancelled,12659.04,0.0,12659.04
ORD-10931,2026-01-16,CUST-232,PROD-088,Fashion,2,4302.47,0.15,GCash,Pending,8604.94,1290.741,7314.1990000000005
ORD-10998,2026-01-16,CUST-086,PROD-018,Home,4,4851.22,0.0,Maya,Pending,19404.88,0.0,19404.88
ORD-10119,2026-01-17,CUST-127,PROD-005,Fashion,5,1726.77,0.0,Debit Card,Completed,8633.85,0.0,8633.85
ORD-10237,2026-01-17,CUST-250,PROD-052,Beauty,5,2852.09,0.1,Maya,Pending,14260.45,1426.045,12834.405
ORD-10361,2026-01-17,CUST-222,PROD-084,Home,2,816.59,0.1,Maya,Pending,1633.18,163.318,1469.862
ORD-10499,2026-01-17,CUST-008,PROD-088,Sports,4,653.39,0.15,Debit Card,Completed,2613.56,392.034,2221.526
ORD-10516,2026-01-17,CUST-045,PROD-094,Electronics,4,3321.86,0.2,Credit Card,Cancelled,13287.44,2657.4880000000003,10629.952000000001
ORD-10752,2026-01-17,CUST-155,PROD-074,Fashion,1,2087.86,0.0,Credit Card,Cancelled,2087.86,0.0,2087.86
ORD-10248,2026-01-18,CUST-156,PROD-066,Beauty,5,1660.8,0.15,Bank Transfer,Completed,8304.0,1245.6,7058.4
ORD-10274,2026-01-18,CUST-057,PROD-029,Sports,2,2329.4,0.2,Credit Card,Pending,4658.8,931.7600000000001,3727.04
ORD-10293,2026-01-18,CUST-143,PROD-068,Sports,2,1349.48,0.1,GCash,Pending,2698.96,269.896,2429.064
ORD-10349,2026-01-18,CUST-108,PROD-077,Fashion,4,2172.89,0.15,Bank Transfer,Completed,8691.56,1303.734,7387.825999999999
ORD-10373,2026-01-18,CUST-095,PROD-039,Sports,2,3243.72,0.05,GCash,Cancelled,6487.44,324.372,6163.067999999999
ORD-10386,2026-01-18,CUST-004,PROD-091,Electronics,2,2532.42,0.1,Bank Transfer,Cancelled,5064.84,506.48400000000004,4558.356
ORD-10518,2026-01-18,CUST-207,PROD-018,Sports,5,3530.07,0.2,Credit Card,Cancelled,17650.350000000002,3530.0700000000006,14120.280000000002
ORD-10545,2026-01-18,CUST-137,PROD-029,Sports,5,1545.39,0.05,Credit Card,Completed,7726.950000000001,386.3475000000001,7340.602500000001
ORD-10554,2026-01-18,CUST-216,PROD-047,Beauty,4,2367.96,0.1,Credit Card,Pending,9471.84,947.1840000000001,8524.656
ORD-10629,2026-01-18,CUST-001,PROD-067,Beauty,3,2399.07,0.0,Debit Card,Pending,7197.210000000001,0.0,7197.210000000001
ORD-10694,2026-01-18,CUST-176,PROD-026,Beauty,5,4556.86,0.15,Maya,Cancelled,22784.3,3417.645,19366.655
ORD-10869,2026-01-18,CUST-119,PROD-089,Beauty,2,359.15,0.1,Debit Card,Completed,718.3,71.83,646.4699999999999
ORD-10058,2026-01-19,CUST-207,PROD-026,Electronics,1,1299.73,0.15,Bank Transfer,Completed,1299.73,194.9595,1104.7705
ORD-10114,2026-01-19,CUST-117,PROD-071,Sports,2,4617.15,0.2,Maya,Completed,9234.3,1846.86,7387.44
ORD-10136,2026-01-19,UNKNOWN,PROD-010,Home,4,4839.62,0.2,Credit Card,Completed,19358.48,3871.696,15486.784
ORD-10152,2026-01-19,CUST-083,PROD-078,Electronics,2,1447.58,0.2,Bank Transfer,Completed,2895.16,579.032,2316.1279999999997
ORD-10176,2026-01-19,CUST-187,PROD-083,Home,1,817.58,0.05,Maya,Cancelled,817.58,40.879000000000005,776.701
ORD-10197,2026-01-19,CUST-232,PROD-066,Sports,1,4737.42,0.05,Debit Card,Completed,4737.42,236.871,4500.549
ORD-10259,2026-01-19,CUST-210,PROD-045,Beauty,1,1509.39,0.0,Credit Card,Pending,1509.39,0.0,1509.39
ORD-10300,2026-01-19,CUST-222,PROD-029,Electronics,3,2811.23,0.2,Bank Transfer,Pending,8433.69,1686.7380000000003,6746.952
ORD-10399,2026-01-19,CUST-247,PROD-008,Beauty,1,315.11,0.05,Bank Transfer,Pending,315.11,15.755500000000001,299.35450000000003
ORD-10423,2026-01-19,CUST-038,PROD-076,Electronics,5,4317.28,0.0,Credit Card,Pending,21586.399999999998,0.0,21586.399999999998
ORD-10428,2026-01-19,CUST-027,PROD-064,Beauty,1,1266.18,0.1,Maya,Completed,1266.18,126.61800000000001,1139.5620000000001
ORD-10570,2026-01-19,CUST-229,PROD-074,Electronics,2,1365.47,0.05,Bank Transfer,Pending,2730.94,136.547,2594.393
ORD-10638,2026-01-19,CUST-216,PROD-097,Electronics,3,3900.7,0.0,Bank Transfer,Pending,11702.099999999999,0.0,11702.099999999999
ORD-10675,2026-01-19,CUST-075,PROD-051,Home,3,504.47,0.2,GCash,Cancelled,1513.41,302.682,1210.728
ORD-10682,2026-01-19,CUST-063,PROD-080,Beauty,1,1782.03,0.0,Credit Card,Pending,1782.03,0.0,1782.03
ORD-10707,2026-01-19,CUST-177,PROD-067,Sports,4,543.16,0.2,GCash,Completed,2172.64,434.528,1738.1119999999999
ORD-10852,2026-01-19,CUST-239,PROD-064,Sports,3,864.66,0.2,Bank Transfer,Completed,2593.98,518.796,2075.184
ORD-10045,2026-01-20,CUST-250,PROD-080,Home,2,4883.41,0.05,Debit Card,Completed,9766.82,488.341,9278.479
ORD-10165,2026-01-20,CUST-227,PROD-007,Home,5,343.84,0.0,Credit Card,Pending,1719.1999999999998,0.0,1719.1999999999998
ORD-10201,2026-01-20,CUST-066,PROD-028,Fashion,5,2686.08,0.0,Credit Card,Completed,13430.4,0.0,13430.4
ORD-10277,2026-01-20,CUST-147,PROD-069,Home,3,4286.98,0.15,GCash,Completed,12860.939999999999,1929.1409999999996,10931.798999999999
ORD-10475,2026-01-20,CUST-106,PROD-007,Home,2,1779.08,0.2,Debit Card,Completed,3558.16,711.6320000000001,2846.528
ORD-10492,2026-01-20,CUST-172,PROD-064,Electronics,5,467.74,0.0,Credit Card,Completed,2338.7,0.0,2338.7
ORD-10530,2026-01-20,CUST-120,PROD-091,Electronics,2,4650.28,0.2,GCash,Cancelled,9300.56,1860.112,7440.447999999999
ORD-10558,2026-01-20,CUST-168,PROD-100,Beauty,4,1194.2,0.2,Credit Card,Completed,4776.8,955.3600000000001,3821.44
ORD-10635,2026-01-20,CUST-083,PROD-003,Electronics,5,208.44,0.0,Credit Card,Completed,1042.2,0.0,1042.2
ORD-10712,2026-01-20,CUST-224,PROD-085,Home,2,976.45,0.0,Debit Card,Completed,1952.9,0.0,1952.9
ORD-10817,2026-01-20,CUST-050,PROD-015,Sports,4,963.99,0.0,GCash,Completed,3855.96,0.0,3855.96
ORD-10865,2026-01-20,CUST-203,PROD-001,Beauty,3,4784.53,0.15,GCash,Completed,14353.59,2153.0385,12200.5515
ORD-10164,2026-01-21,CUST-117,PROD-044,Beauty,3,3635.82,0.2,Bank Transfer,Completed,10907.460000000001,2181.492,8725.968
ORD-10184,2026-01-21,CUST-134,PROD-079,Beauty,3,4597.89,0.15,Debit Card,Completed,13793.670000000002,2069.0505000000003,11724.6195
ORD-10239,2026-01-21,CUST-108,PROD-032,Beauty,5,3633.53,0.05,Maya,Pending,18167.65,908.3825000000002,17259.2675
ORD-10523,2026-01-21,CUST-069,PROD-097,Beauty,3,817.5,0.0,Credit Card,Completed,2452.5,0.0,2452.5
ORD-10689,2026-01-21,CUST-126,PROD-051,Electronics,3,3453.13,0.1,Credit Card,Completed,10359.39,1035.939,9323.451
ORD-10719,2026-01-21,CUST-107,PROD-023,Beauty,5,3338.53,0.2,Bank Transfer,Cancelled,16692.65,3338.5300000000007,13354.12
ORD-10754,2026-01-21,CUST-063,PROD-071,Sports,4,423.69,0.05,Bank Transfer,Pending,1694.76,84.738,1610.022
ORD-10937,2026-01-21,CUST-022,PROD-015,Home,5,3596.46,0.05,Bank Transfer,Pending,17982.3,899.115,17083.184999999998
ORD-10965,2026-01-21,CUST-219,PROD-027,Sports,4,1496.19,0.05,GCash,Completed,5984.76,299.238,5685.522
ORD-10008,2026-01-22,CUST-156,PROD-082,Fashion,2,900.67,0.15,Credit Card,Cancelled,1801.34,270.20099999999996,1531.139
ORD-10101,2026-01-22,CUST-019,PROD-008,Beauty,5,3769.89,0.2,Credit Card,Pending,18849.45,3769.8900000000003,15079.560000000001
ORD-10135,2026-01-22,CUST-234,PROD-035,Beauty,4,4840.18,0.1,Credit Card,Completed,19360.72,1936.0720000000001,17424.648
ORD-10303,2026-01-22,CUST-188,PROD-046,Home,5,2492.75,0.2,GCash,Cancelled,12463.75,2492.75,9971.0
ORD-10324,2026-01-22,CUST-147,PROD-067,Sports,2,780.32,0.1,Credit Card,Pending,1560.64,156.06400000000002,1404.576
ORD-10325,2026-01-22,CUST-038,PROD-009,Sports,3,2163.4,0.15,GCash,Completed,6490.200000000001,973.5300000000001,5516.670000000001
ORD-10358,2026-01-22,CUST-162,PROD-055,Fashion,2,3945.76,0.05,GCash,Cancelled,7891.52,394.576,7496.944
ORD-10495,2026-01-22,CUST-170,PROD-083,Beauty,3,4483.19,0.2,Credit Card,Completed,13449.57,2689.914,10759.655999999999
ORD-10572,2026-01-22,CUST-121,PROD-062,Home,4,3044.11,0.2,Maya,Cancelled,12176.44,2435.288,9741.152
ORD-10680,2026-01-22,CUST-198,PROD-040,Beauty,5,4125.76,0.15,Bank Transfer,Completed,20628.800000000003,3094.32,17534.480000000003
ORD-10807,2026-01-22,CUST-117,PROD-079,Fashion,1,4107.22,0.0,GCash,Pending,4107.22,0.0,4107.22
ORD-10848,2026-01-22,CUST-073,PROD-059,Fashion,2,3587.88,0.1,Maya,Completed,7175.76,717.576,6458.184
ORD-10942,2026-01-22,CUST-246,PROD-048,Fashion,1,169.16,0.2,Debit Card,Pending,169.16,33.832,135.328
ORD-10977,2026-01-22,CUST-030,PROD-002,Sports,4,3489.85,0.2,Debit Card,Completed,13959.4,2791.88,11167.52
ORD-10105,2026-01-23,CUST-196,PROD-097,Sports,5,3292.4,0.1,Maya,Cancelled,16462.0,1646.2,14815.8
ORD-10134,2026-01-23,CUST-192,PROD-054,Home,2,3953.91,0.1,Bank Transfer,Cancelled,7907.82,790.782,7117.038
ORD-10290,2026-01-23,CUST-243,PROD-076,Sports,5,2528.54,0.1,Debit Card,Cancelled,12642.7,1264.2700000000002,11378.43
ORD-10425,2026-01-23,CUST-167,PROD-041,Fashion,5,3956.26,0.05,Bank Transfer,Completed,19781.300000000003,989.0650000000002,18792.235000000004
ORD-10520,2026-01-23,CUST-182,PROD-084,Fashion,5,3502.13,0.1,GCash,Completed,17510.65,1751.0650000000003,15759.585000000001
ORD-10555,2026-01-23,CUST-142,PROD-014,Fashion,1,4224.79,0.05,Bank Transfer,Completed,4224.79,211.23950000000002,4013.5505
ORD-10670,2026-01-23,CUST-203,PROD-062,Sports,5,4115.62,0.0,Bank Transfer,Completed,20578.1,0.0,20578.1
ORD-10814,2026-01-23,CUST-106,PROD-031,Fashion,1,3021.73,0.15,Bank Transfer,Completed,3021.73,453.2595,2568.4705
ORD-10896,2026-01-23,CUST-174,PROD-004,Sports,5,3428.1,0.05,Credit Card,Cancelled,17140.5,857.0250000000001,16283.475
ORD-10927,2026-01-23,CUST-037,PROD-014,Home,3,2253.43,0.1,Bank Transfer,Completed,6760.289999999999,676.029,6084.260999999999
ORD-10951,2026-01-23,CUST-011,PROD-075,Beauty,2,2568.36,0.1,Debit Card,Completed,5136.72,513.672,4623.048000000001
ORD-10345,2026-01-24,CUST-205,PROD-069,Beauty,3,1065.66,0.0,Credit Card,Pending,3196.9800000000005,0.0,3196.9800000000005
ORD-10476,2026-01-24,CUST-081,PROD-092,Electronics,4,1729.88,0.05,Credit Card,Completed,6919.52,345.97600000000006,6573.544000000001
ORD-10496,2026-01-24,CUST-096,PROD-044,Electronics,4,2061.23,0.15,Credit Card,Pending,8244.92,1236.738,7008.182
ORD-10881,2026-01-24,CUST-231,PROD-026,Beauty,1,544.82,0.1,Bank Transfer,Completed,544.82,54.482000000000006,490.338
ORD-10054,2026-01-25,CUST-142,PROD-017,Sports,4,3418.86,0.05,Bank Transfer,Cancelled,13675.44,683.772,12991.668
ORD-10269,2026-01-25,CUST-173,PROD-097,Home,5,4295.12,0.15,Debit Card,Cancelled,21475.6,3221.3399999999997,18254.26
ORD-10295,2026-01-25,CUST-011,PROD-010,Fashion,5,1163.38,0.05,Credit Card,Completed,5816.900000000001,290.845,5526.055
ORD-10483,2026-01-25,CUST-092,PROD-097,Home,4,193.71,0.05,Maya,Completed,774.84,38.742000000000004,736.0980000000001
ORD-10513,2026-01-25,UNKNOWN,PROD-059,Beauty,1,3810.03,0.0,Bank Transfer,Completed,3810.03,0.0,3810.03
ORD-10649,2026-01-25,CUST-179,PROD-063,Fashion,2,2763.74,0.1,Debit Card,Completed,5527.48,552.7479999999999,4974.732
ORD-10697,2026-01-25,CUST-039,PROD-100,Electronics,2,1005.26,0.2,Bank Transfer,Completed,2010.52,402.10400000000004,1608.416
ORD-10856,2026-01-25,CUST-156,PROD-083,Fashion,5,1188.5,0.1,Maya,Completed,5942.5,594.25,5348.25
ORD-10920,2026-01-25,CUST-030,PROD-020,Electronics,2,4005.52,0.1,Debit Card,Pending,8011.04,801.104,7209.936
ORD-10945,2026-01-25,CUST-187,PROD-087,Sports,2,2101.77,0.05,GCash,Completed,4203.54,210.17700000000002,3993.363
ORD-10074,2026-01-26,CUST-244,PROD-032,Electronics,5,846.67,0.05,Debit Card,Completed,4233.349999999999,211.6675,4021.6824999999994
ORD-10077,2026-01-26,CUST-242,PROD-092,Electronics,5,3484.01,0.05,GCash,Completed,17420.050000000003,871.0025000000002,16549.047500000004
ORD-10129,2026-01-26,CUST-217,PROD-039,Sports,4,622.6,0.15,Bank Transfer,Completed,2490.4,373.56,2116.84
ORD-10195,2026-01-26,CUST-248,PROD-021,Fashion,2,4377.71,0.0,Debit Card,Completed,8755.42,0.0,8755.42
ORD-10224,2026-01-26,CUST-058,PROD-016,Home,2,3972.83,0.0,Credit Card,Cancelled,7945.66,0.0,7945.66
ORD-10301,2026-01-26,CUST-076,PROD-020,Beauty,2,1961.21,0.05,Debit Card,Cancelled,3922.42,196.121,3726.299
ORD-10422,2026-01-26,CUST-235,PROD-079,Home,3,3612.99,0.1,GCash,Completed,10838.97,1083.897,9755.073
ORD-10479,2026-01-26,CUST-010,PROD-069,Beauty,1,4470.83,0.2,Maya,Completed,4470.83,894.166,3576.6639999999998
ORD-10611,2026-01-26,CUST-220,PROD-049,Home,2,2417.64,0.0,Maya,Pending,4835.28,0.0,4835.28
ORD-10824,2026-01-26,CUST-250,PROD-035,Beauty,2,257.26,0.2,GCash,Completed,514.52,102.904,411.616
ORD-10035,2026-01-27,CUST-240,PROD-034,Beauty,2,1401.51,0.05,Credit Card,Pending,2803.02,140.151,2662.869
ORD-10435,2026-01-27,CUST-026,PROD-043,Home,4,3516.26,0.2,Credit Card,Completed,14065.04,2813.0080000000003,11252.032000000001
ORD-10438,2026-01-27,CUST-025,PROD-004,Home,3,4887.58,0.15,GCash,Completed,14662.74,2199.411,12463.329
ORD-10539,2026-01-27,CUST-214,PROD-014,Fashion,4,3268.15,0.0,Maya,Completed,13072.6,0.0,13072.6
ORD-10760,2026-01-27,CUST-115,PROD-026,Beauty,3,2894.35,0.1,Debit Card,Completed,8683.05,868.305,7814.744999999999
ORD-10029,2026-01-28,CUST-125,PROD-062,Sports,1,906.72,0.0,Debit Card,Completed,906.72,0.0,906.72
ORD-10241,2026-01-28,CUST-248,PROD-031,Fashion,3,338.42,0.1,Debit Card,Cancelled,1015.26,101.52600000000001,913.7339999999999
ORD-10280,2026-01-28,CUST-066,PROD-001,Fashion,1,321.92,0.1,GCash,Cancelled,321.92,32.192,289.728
ORD-10296,2026-01-28,CUST-245,PROD-002,Home,1,3759.71,0.15,Maya,Cancelled,3759.71,563.9565,3195.7535
ORD-10365,2026-01-28,CUST-248,PROD-055,Sports,3,1682.04,0.1,Credit Card,Cancelled,5046.12,504.612,4541.508
ORD-10567,2026-01-28,CUST-165,PROD-036,Home,2,871.05,0.2,GCash,Completed,1742.1,348.42,1393.6799999999998
ORD-10736,2026-01-28,CUST-213,PROD-039,Fashion,3,957.56,0.1,GCash,Completed,2872.68,287.268,2585.412
ORD-10012,2026-01-29,CUST-103,PROD-047,Home,5,2518.23,0.0,GCash,Completed,12591.15,0.0,12591.15
ORD-10047,2026-01-29,CUST-220,PROD-061,Home,4,1813.33,0.05,Maya,Completed,7253.32,362.666,6890.6539999999995
ORD-10132,2026-01-29,CUST-206,PROD-046,Home,5,1328.07,0.05,GCash,Completed,6640.349999999999,332.0175,6308.3324999999995
ORD-10139,2026-01-29,CUST-235,PROD-079,Electronics,4,4556.0,0.1,Debit Card,Completed,18224.0,1822.4,16401.6
ORD-10337,2026-01-29,CUST-177,PROD-074,Sports,3,2016.56,0.2,Bank Transfer,Completed,6049.68,1209.9360000000001,4839.744000000001
ORD-10416,2026-01-29,CUST-082,PROD-077,Electronics,3,387.1,0.15,Bank Transfer,Completed,1161.3000000000002,174.19500000000002,987.1050000000001
ORD-10472,2026-01-29,CUST-168,PROD-012,Beauty,2,3746.63,0.1,Debit Card,Completed,7493.26,749.326,6743.934
ORD-10509,2026-01-29,CUST-212,PROD-007,Sports,3,2844.74,0.2,Bank Transfer,Pending,8534.22,1706.844,6827.375999999999
ORD-10533,2026-01-29,CUST-024,PROD-045,Home,3,1722.23,0.1,Maya,Cancelled,5166.6900000000005,516.6690000000001,4650.021000000001
ORD-10587,2026-01-29,CUST-017,PROD-034,Beauty,1,3084.24,0.15,Debit Card,Cancelled,3084.24,462.63599999999997,2621.604
ORD-10593,2026-01-29,CUST-089,PROD-036,Fashion,2,2328.32,0.15,Bank Transfer,Completed,4656.64,698.496,3958.1440000000002
ORD-10808,2026-01-29,CUST-153,PROD-079,Electronics,2,2188.44,0.15,Credit Card,Completed,4376.88,656.532,3720.348
ORD-10170,2026-01-30,CUST-137,PROD-091,Fashion,5,4183.44,0.1,GCash,Pending,20917.199999999997,2091.72,18825.479999999996
ORD-10372,2026-01-30,CUST-123,PROD-010,Sports,1,3680.74,0.0,GCash,Completed,3680.74,0.0,3680.74
ORD-10417,2026-01-30,CUST-197,PROD-075,Home,1,1314.5,0.05,Credit Card,Cancelled,1314.5,65.72500000000001,1248.775
ORD-10421,2026-01-30,CUST-024,PROD-008,Fashion,2,197.65,0.15,GCash,Completed,395.3,59.295,336.005
ORD-10541,2026-01-30,CUST-019,PROD-074,Beauty,4,2001.36,0.15,Debit Card,Completed,8005.44,1200.8159999999998,6804.624
ORD-10672,2026-01-30,CUST-107,PROD-016,Fashion,1,3206.05,0.15,GCash,Completed,3206.05,480.9075,2725.1425
ORD-10681,2026-01-30,CUST-113,PROD-006,Home,3,864.36,0.0,GCash,Completed,2593.08,0.0,2593.08
ORD-10847,2026-01-30,CUST-044,PROD-034,Sports,3,4856.55,0.0,Maya,Completed,14569.650000000001,0.0,14569.650000000001
ORD-10018,2026-01-31,CUST-225,PROD-040,Electronics,2,4402.25,0.0,GCash,Pending,8804.5,0.0,8804.5
ORD-10348,2026-01-31,CUST-081,PROD-016,Beauty,1,996.92,0.05,Bank Transfer,Pending,996.92,49.846000000000004,947.074
ORD-10379,2026-01-31,CUST-099,PROD-015,Sports,5,447.96,0.0,Credit Card,Completed,2239.7999999999997,0.0,2239.7999999999997
ORD-10601,2026-01-31,CUST-061,PROD-095,Beauty,2,1223.12,0.05,Bank Transfer,Completed,2446.24,122.312,2323.928
ORD-10715,2026-01-31,CUST-156,PROD-064,Home,5,3331.41,0.15,Debit Card,Pending,16657.05,2498.5575,14158.4925
ORD-10763,2026-01-31,CUST-222,PROD-004,Sports,5,2031.91,0.1,Debit Card,Pending,10159.550000000001,1015.9550000000002,9143.595000000001
ORD-10769,2026-01-31,CUST-128,PROD-094,Fashion,3,2113.11,0.2,Bank Transfer,Completed,6339.33,1267.866,5071.464
ORD-10946,2026-01-31,CUST-250,PROD-034,Fashion,4,4545.91,0.1,Bank Transfer,Pending,18183.64,1818.364,16365.276
ORD-10011,2026-02-01,CUST-068,PROD-018,Fashion,5,1387.43,0.2,Debit Card,Cancelled,6937.150000000001,1387.4300000000003,5549.72
ORD-10125,2026-02-01,CUST-111,PROD-019,Fashion,4,2873.05,0.05,Maya,Completed,11492.2,574.61,10917.59
ORD-10145,2026-02-01,CUST-202,PROD-043,Home,5,1105.51,0.2,Maya,Cancelled,5527.55,1105.51,4422.04
ORD-10391,2026-02-01,CUST-220,PROD-002,Electronics,4,1883.48,0.05,Maya,Completed,7533.92,376.696,7157.224
ORD-10414,2026-02-01,CUST-165,PROD-068,Fashion,1,4948.08,0.1,Debit Card,Cancelled,4948.08,494.808,4453.272
ORD-10502,2026-02-01,CUST-170,PROD-094,Sports,3,3352.18,0.15,Maya,Cancelled,10056.539999999999,1508.4809999999998,8548.059
ORD-10535,2026-02-01,CUST-236,PROD-080,Electronics,3,1968.73,0.0,Debit Card,Completed,5906.1900000000005,0.0,5906.1900000000005
ORD-10828,2026-02-01,CUST-187,PROD-055,Home,3,2227.82,0.05,Bank Transfer,Completed,6683.460000000001,334.17300000000006,6349.287000000001
ORD-10906,2026-02-01,CUST-015,PROD-085,Home,2,3275.61,0.2,GCash,Completed,6551.22,1310.2440000000001,5240.976000000001
ORD-10127,2026-02-02,CUST-119,PROD-082,Sports,3,3367.52,0.15,Credit Card,Cancelled,10102.56,1515.3839999999998,8587.176
ORD-10639,2026-02-02,CUST-047,PROD-025,Sports,1,697.61,0.05,Debit Card,Pending,697.61,34.880500000000005,662.7295
ORD-10648,2026-02-02,CUST-186,PROD-018,Electronics,4,3562.47,0.2,Credit Card,Cancelled,14249.88,2849.976,11399.903999999999
ORD-10714,2026-02-02,CUST-160,PROD-098,Electronics,4,2538.38,0.15,Bank Transfer,Completed,10153.52,1523.028,8630.492
ORD-10728,2026-02-02,CUST-177,PROD-037,Electronics,3,1571.39,0.2,Credit Card,Completed,4714.17,942.8340000000001,3771.3360000000002
ORD-10148,2026-02-03,CUST-005,PROD-023,Electronics,2,3734.42,0.2,GCash,Completed,7468.84,1493.768,5975.072
ORD-10251,2026-02-03,CUST-153,PROD-061,Fashion,5,1214.96,0.0,Bank Transfer,Pending,6074.8,0.0,6074.8
ORD-10387,2026-02-03,CUST-201,PROD-093,Home,3,721.96,0.1,GCash,Completed,2165.88,216.58800000000002,1949.2920000000001
ORD-10409,2026-02-03,CUST-150,PROD-076,Electronics,1,4986.09,0.05,Debit Card,Completed,4986.09,249.30450000000002,4736.7855
ORD-10493,2026-02-03,CUST-117,PROD-038,Sports,1,589.06,0.05,GCash,Completed,589.06,29.453,559.607
ORD-10573,2026-02-03,CUST-169,PROD-066,Home,3,4619.52,0.2,Bank Transfer,Completed,13858.560000000001,2771.7120000000004,11086.848000000002
ORD-10724,2026-02-03,CUST-156,PROD-041,Fashion,5,4975.62,0.1,Maya,Cancelled,24878.1,2487.81,22390.289999999997
ORD-10850,2026-02-03,CUST-033,PROD-057,Beauty,2,1105.26,0.0,Credit Card,Completed,2210.52,0.0,2210.52
ORD-10898,2026-02-03,CUST-126,PROD-065,Fashion,3,4066.46,0.2,Bank Transfer,Completed,12199.380000000001,2439.876,9759.504
ORD-10956,2026-02-03,CUST-010,PROD-061,Home,4,2238.51,0.15,GCash,Pending,8954.04,1343.106,7610.934000000001
ORD-10088,2026-02-04,CUST-180,PROD-059,Beauty,3,1229.64,0.05,Credit Card,Completed,3688.92,184.44600000000003,3504.474
ORD-10388,2026-02-04,CUST-086,PROD-055,Fashion,1,1388.45,0.2,GCash,Pending,1388.45,277.69,1110.76
ORD-10453,2026-02-04,CUST-191,PROD-061,Beauty,1,1755.54,0.1,Credit Card,Completed,1755.54,175.554,1579.9859999999999
ORD-10462,2026-02-04,CUST-174,PROD-027,Sports,5,198.26,0.0,Debit Card,Completed,991.3,0.0,991.3
ORD-10608,2026-02-04,CUST-068,PROD-031,Sports,5,1781.17,0.05,Debit Card,Pending,8905.85,445.2925,8460.5575
ORD-10620,2026-02-04,CUST-166,PROD-051,Sports,3,3764.69,0.2,Debit Card,Pending,11294.07,2258.814,9035.256
ORD-10678,2026-02-04,UNKNOWN,PROD-010,Sports,3,3455.22,0.2,GCash,Completed,10365.66,2073.132,8292.528
ORD-10686,2026-02-04,CUST-100,PROD-085,Beauty,1,193.48,0.15,Maya,Pending,193.48,29.022,164.458
ORD-10701,2026-02-04,CUST-196,PROD-002,Sports,2,3737.6,0.05,Maya,Completed,7475.2,373.76,7101.44
ORD-10735,2026-02-04,CUST-182,PROD-005,Sports,1,2535.57,0.05,Credit Card,Pending,2535.57,126.77850000000001,2408.7915000000003
ORD-10785,2026-02-04,CUST-236,PROD-084,Beauty,3,1408.73,0.0,Credit Card,Cancelled,4226.1900000000005,0.0,4226.1900000000005
ORD-10839,2026-02-04,CUST-083,PROD-046,Fashion,4,1458.01,0.0,Credit Card,Completed,5832.04,0.0,5832.04
ORD-10027,2026-02-05,CUST-109,PROD-024,Sports,2,4384.98,0.0,Debit Card,Cancelled,8769.96,0.0,8769.96
ORD-10064,2026-02-05,CUST-161,PROD-031,Sports,1,3596.37,0.05,Credit Card,Completed,3596.37,179.8185,3416.5515
ORD-10258,2026-02-05,CUST-090,PROD-072,Beauty,1,2910.04,0.2,Debit Card,Pending,2910.04,582.008,2328.032
ORD-10285,2026-02-05,CUST-089,PROD-020,Home,1,257.86,0.15,Bank Transfer,Completed,257.86,38.679,219.181
ORD-10359,2026-02-05,CUST-090,PROD-069,Fashion,5,925.05,0.1,Credit Card,Cancelled,4625.25,462.52500000000003,4162.725
ORD-10363,2026-02-05,CUST-132,PROD-096,Beauty,4,4756.24,0.1,Bank Transfer,Completed,19024.96,1902.496,17122.464
ORD-10383,2026-02-05,CUST-158,PROD-020,Electronics,3,487.21,0.05,Maya,Cancelled,1461.6299999999999,73.08149999999999,1388.5484999999999
ORD-10477,2026-02-05,CUST-002,PROD-058,Home,2,2923.77,0.05,Debit Card,Completed,5847.54,292.377,5555.163
ORD-10667,2026-02-05,CUST-198,PROD-089,Fashion,5,2825.98,0.2,Maya,Completed,14129.9,2825.98,11303.92
ORD-10742,2026-02-05,CUST-050,PROD-037,Fashion,3,3886.66,0.0,Credit Card,Completed,11659.98,0.0,11659.98
ORD-10777,2026-02-05,CUST-158,PROD-036,Beauty,1,3733.0,0.2,Maya,Cancelled,3733.0,746.6,2986.4
ORD-10792,2026-02-05,CUST-200,PROD-010,Electronics,4,2004.09,0.0,Credit Card,Completed,8016.36,0.0,8016.36
ORD-10030,2026-02-06,CUST-238,PROD-059,Sports,5,3343.17,0.15,Maya,Completed,16715.85,2507.3774999999996,14208.4725
ORD-10057,2026-02-06,CUST-169,PROD-011,Fashion,5,1742.42,0.05,Credit Card,Completed,8712.1,435.605,8276.495
ORD-10099,2026-02-06,CUST-009,PROD-030,Beauty,4,448.78,0.05,Credit Card,Cancelled,1795.12,89.756,1705.3639999999998
ORD-10230,2026-02-06,CUST-089,PROD-067,Electronics,3,1061.88,0.2,Credit Card,Completed,3185.6400000000003,637.1280000000002,2548.512
ORD-10450,2026-02-06,CUST-200,PROD-013,Fashion,3,4401.68,0.1,Debit Card,Pending,13205.04,1320.5040000000001,11884.536
ORD-10536,2026-02-06,CUST-139,PROD-093,Electronics,5,4128.33,0.1,Bank Transfer,Cancelled,20641.65,2064.1650000000004,18577.485
ORD-10588,2026-02-06,CUST-168,PROD-067,Fashion,1,4734.01,0.05,Debit Card,Pending,4734.01,236.70050000000003,4497.3095
ORD-10624,2026-02-06,CUST-064,PROD-095,Sports,2,743.26,0.05,GCash,Completed,1486.52,74.32600000000001,1412.194
ORD-10842,2026-02-06,CUST-101,PROD-023,Electronics,1,907.35,0.0,Maya,Pending,907.35,0.0,907.35
ORD-10859,2026-02-06,UNKNOWN,PROD-002,Beauty,3,1609.62,0.15,Bank Transfer,Completed,4828.86,724.329,4104.531
ORD-10888,2026-02-06,CUST-030,PROD-050,Sports,5,3707.25,0.15,Maya,Cancelled,18536.25,2780.4375,15755.8125
ORD-10958,2026-02-06,CUST-024,PROD-027,Home,2,3774.69,0.1,Bank Transfer,Cancelled,7549.38,754.9380000000001,6794.442
ORD-10987,2026-02-06,CUST-006,PROD-021,Home,4,1784.85,0.05,Bank Transfer,Completed,7139.4,356.97,6782.429999999999
ORD-10113,2026-02-07,CUST-239,PROD-092,Fashion,3,2135.9,0.15,Debit Card,Completed,6407.700000000001,961.1550000000001,5446.545000000001
ORD-10223,2026-02-07,CUST-141,PROD-070,Beauty,2,3587.86,0.05,Credit Card,Cancelled,7175.72,358.78600000000006,6816.934
ORD-10319,2026-02-07,CUST-198,PROD-080,Home,1,501.99,0.05,Debit Card,Completed,501.99,25.099500000000003,476.89050000000003
ORD-10511,2026-02-07,CUST-091,PROD-082,Fashion,5,1932.06,0.0,GCash,Completed,9660.3,0.0,9660.3
ORD-10774,2026-02-07,CUST-108,PROD-046,Beauty,2,273.1,0.2,Credit Card,Cancelled,546.2,109.24000000000001,436.96000000000004
ORD-10800,2026-02-07,CUST-195,PROD-099,Home,2,2816.93,0.15,Maya,Completed,5633.86,845.079,4788.781
ORD-10853,2026-02-07,CUST-166,PROD-091,Sports,3,4851.07,0.2,Maya,Cancelled,14553.21,2910.642,11642.568
ORD-10870,2026-02-07,CUST-013,PROD-038,Fashion,1,2617.95,0.05,GCash,Cancelled,2617.95,130.8975,2487.0525
ORD-10971,2026-02-07,CUST-134,PROD-055,Fashion,1,2799.87,0.0,Bank Transfer,Completed,2799.87,0.0,2799.87
ORD-10997,2026-02-07,CUST-041,PROD-094,Sports,5,2542.12,0.0,Maya,Completed,12710.599999999999,0.0,12710.599999999999
ORD-10053,2026-02-08,CUST-170,PROD-016,Fashion,3,3367.78,0.1,Debit Card,Completed,10103.34,1010.3340000000001,9093.006
ORD-10257,2026-02-08,CUST-077,PROD-029,Beauty,2,3482.18,0.15,Credit Card,Pending,6964.36,1044.654,5919.706
ORD-10292,2026-02-08,CUST-062,PROD-029,Home,4,4582.23,0.2,Debit Card,Pending,18328.92,3665.7839999999997,14663.135999999999
ORD-10332,2026-02-08,CUST-036,PROD-082,Home,3,3327.45,0.15,Debit Card,Completed,9982.349999999999,1497.3524999999997,8484.9975
ORD-10466,2026-02-08,CUST-156,PROD-037,Electronics,4,412.8,0.1,Credit Card,Completed,1651.2,165.12,1486.08
ORD-10531,2026-02-08,CUST-216,PROD-085,Sports,5,2795.78,0.0,Credit Card,Cancelled,13978.900000000001,0.0,13978.900000000001
ORD-10666,2026-02-08,CUST-133,PROD-018,Electronics,3,4923.53,0.05,Credit Card,Completed,14770.59,738.5295000000001,14032.0605
ORD-10706,2026-02-08,CUST-113,PROD-051,Beauty,4,915.78,0.1,Bank Transfer,Completed,3663.12,366.312,3296.808
ORD-10753,2026-02-08,CUST-167,PROD-010,Fashion,4,2064.0,0.15,Maya,Cancelled,8256.0,1238.3999999999999,7017.6
ORD-10864,2026-02-08,CUST-126,PROD-006,Fashion,3,2521.09,0.15,Maya,Completed,7563.27,1134.4905,6428.779500000001
ORD-10932,2026-02-08,CUST-238,PROD-033,Electronics,2,1557.37,0.05,Debit Card,Completed,3114.74,155.737,2959.0029999999997
ORD-10162,2026-02-09,CUST-070,PROD-090,Beauty,3,129.92,0.05,Bank Transfer,Pending,389.76,19.488,370.272
ORD-10189,2026-02-09,CUST-005,PROD-047,Home,2,1774.49,0.15,Maya,Completed,3548.98,532.347,3016.633
ORD-10637,2026-02-09,CUST-088,PROD-054,Sports,3,2372.05,0.0,Credit Card,Completed,7116.150000000001,0.0,7116.150000000001
ORD-10741,2026-02-09,CUST-197,PROD-085,Electronics,5,3816.62,0.05,Credit Card,Completed,19083.1,954.155,18128.945
ORD-10745,2026-02-09,CUST-044,PROD-010,Fashion,3,2748.83,0.0,Maya,Completed,8246.49,0.0,8246.49
ORD-10901,2026-02-09,CUST-111,PROD-018,Sports,4,3843.65,0.2,Debit Card,Cancelled,15374.6,3074.92,12299.68
ORD-10966,2026-02-09,CUST-126,PROD-056,Fashion,2,1859.32,0.0,Credit Card,Cancelled,3718.64,0.0,3718.64
ORD-10108,2026-02-10,CUST-117,PROD-012,Beauty,3,668.02,0.15,Bank Transfer,Completed,2004.06,300.609,1703.451
ORD-10320,2026-02-10,CUST-190,PROD-050,Beauty,1,548.45,0.1,Debit Card,Completed,548.45,54.845000000000006,493.605
ORD-10329,2026-02-10,CUST-046,PROD-051,Beauty,4,4842.04,0.05,Credit Card,Pending,19368.16,968.408,18399.752
ORD-10346,2026-02-10,CUST-136,PROD-082,Fashion,4,3095.41,0.2,GCash,Completed,12381.64,2476.328,9905.312
ORD-10494,2026-02-10,CUST-093,PROD-087,Sports,1,565.49,0.0,GCash,Completed,565.49,0.0,565.49
ORD-10663,2026-02-10,CUST-114,PROD-046,Fashion,3,4239.78,0.15,Debit Card,Completed,12719.34,1907.9009999999998,10811.439
ORD-10673,2026-02-10,CUST-135,PROD-006,Fashion,5,832.94,0.2,Maya,Completed,4164.700000000001,832.9400000000002,3331.7600000000007
ORD-10695,2026-02-10,CUST-235,PROD-021,Electronics,5,2711.51,0.0,Maya,Completed,13557.550000000001,0.0,13557.550000000001
ORD-10744,2026-02-10,CUST-090,PROD-071,Beauty,2,4722.06,0.1,Bank Transfer,Completed,9444.12,944.4120000000001,8499.708
ORD-10923,2026-02-10,CUST-015,PROD-011,Fashion,3,4349.14,0.15,Credit Card,Completed,13047.420000000002,1957.1130000000003,11090.307
ORD-10009,2026-02-11,CUST-057,PROD-088,Electronics,2,4126.83,0.1,Debit Card,Completed,8253.66,825.366,7428.294
ORD-10072,2026-02-11,CUST-055,PROD-059,Beauty,4,1463.46,0.15,Credit Card,Completed,5853.84,878.076,4975.764
ORD-10182,2026-02-11,CUST-167,PROD-025,Fashion,4,2556.7,0.0,Debit Card,Completed,10226.8,0.0,10226.8
ORD-10255,2026-02-11,CUST-054,PROD-072,Sports,5,1946.44,0.05,Debit Card,Cancelled,9732.2,486.61000000000007,9245.59
ORD-10402,2026-02-11,CUST-180,PROD-095,Beauty,4,1432.58,0.0,Maya,Completed,5730.32,0.0,5730.32
ORD-10625,2026-02-11,CUST-170,PROD-046,Sports,4,4877.41,0.2,Credit Card,Cancelled,19509.64,3901.928,15607.712
ORD-10821,2026-02-11,CUST-200,PROD-015,Home,1,1261.88,0.15,Maya,Pending,1261.88,189.282,1072.5980000000002
ORD-10961,2026-02-11,CUST-152,PROD-014,Home,1,497.21,0.15,Debit Card,Completed,497.21,74.58149999999999,422.6285
ORD-10046,2026-02-12,CUST-046,PROD-095,Sports,2,1407.35,0.0,Debit Card,Completed,2814.7,0.0,2814.7
ORD-10066,2026-02-12,CUST-107,PROD-053,Fashion,4,2137.29,0.05,Debit Card,Pending,8549.16,427.458,8121.702
ORD-10107,2026-02-12,CUST-220,PROD-021,Sports,4,1512.27,0.15,Bank Transfer,Completed,6049.08,907.362,5141.718
ORD-10146,2026-02-12,CUST-056,PROD-030,Home,5,113.89,0.05,Maya,Cancelled,569.45,28.472500000000004,540.9775000000001
ORD-10188,2026-02-12,CUST-097,PROD-083,Home,5,557.92,0.15,Bank Transfer,Completed,2789.6,418.44,2371.16
ORD-10342,2026-02-12,CUST-142,PROD-021,Fashion,4,4796.47,0.05,Debit Card,Completed,19185.88,959.2940000000001,18226.586
ORD-10491,2026-02-12,CUST-177,PROD-062,Home,1,162.47,0.0,GCash,Cancelled,162.47,0.0,162.47
ORD-10540,2026-02-12,CUST-118,PROD-092,Electronics,1,458.92,0.05,Credit Card,Cancelled,458.92,22.946,435.974
ORD-10552,2026-02-12,CUST-125,PROD-058,Fashion,3,3497.94,0.05,Bank Transfer,Cancelled,10493.82,524.691,9969.128999999999
ORD-10683,2026-02-12,CUST-121,PROD-003,Home,5,1138.19,0.2,Bank Transfer,Completed,5690.950000000001,1138.1900000000003,4552.76
ORD-10693,2026-02-12,CUST-233,PROD-078,Sports,5,745.68,0.05,Bank Transfer,Cancelled,3728.3999999999996,186.42,3541.9799999999996
ORD-10722,2026-02-12,CUST-178,PROD-036,Fashion,4,2670.77,0.05,Bank Transfer,Completed,10683.08,534.154,10148.926
ORD-10926,2026-02-12,CUST-198,PROD-041,Fashion,4,4048.62,0.05,Debit Card,Completed,16194.48,809.724,15384.756
ORD-10934,2026-02-12,CUST-189,PROD-053,Sports,1,4139.56,0.1,Bank Transfer,Completed,4139.56,413.9560000000001,3725.6040000000003
ORD-10960,2026-02-12,CUST-174,PROD-013,Electronics,3,3438.43,0.0,Debit Card,Completed,10315.289999999999,0.0,10315.289999999999
ORD-10026,2026-02-13,CUST-016,PROD-052,Electronics,2,1038.79,0.2,Debit Card,Completed,2077.58,415.516,1662.0639999999999
ORD-10083,2026-02-13,CUST-172,PROD-049,Electronics,4,4269.67,0.05,Debit Card,Completed,17078.68,853.9340000000001,16224.746000000001
ORD-10084,2026-02-13,CUST-091,PROD-034,Beauty,5,3535.8,0.1,Bank Transfer,Completed,17679.0,1767.9,15911.1
ORD-10121,2026-02-13,CUST-201,PROD-034,Fashion,4,3284.2,0.1,Bank Transfer,Pending,13136.8,1313.68,11823.119999999999
ORD-10208,2026-02-13,CUST-091,PROD-070,Home,4,4906.01,0.15,Maya,Completed,19624.04,2943.606,16680.434
ORD-10302,2026-02-13,CUST-168,PROD-088,Beauty,4,4835.89,0.15,Debit Card,Completed,19343.56,2901.534,16442.026
ORD-10339,2026-02-13,CUST-090,PROD-040,Sports,2,2653.46,0.1,Debit Card,Completed,5306.92,530.692,4776.228
ORD-10424,2026-02-13,CUST-151,PROD-013,Beauty,3,768.61,0.05,Debit Card,Pending,2305.83,115.2915,2190.5385
ORD-10501,2026-02-13,CUST-058,PROD-086,Fashion,5,3472.38,0.2,GCash,Pending,17361.9,3472.3800000000006,13889.52
ORD-10619,2026-02-13,CUST-021,PROD-021,Home,3,1652.7,0.1,Credit Card,Cancelled,4958.1,495.81000000000006,4462.29
ORD-10691,2026-02-13,CUST-058,PROD-020,Sports,2,530.2,0.15,Bank Transfer,Cancelled,1060.4,159.06,901.3400000000001
ORD-10730,2026-02-13,CUST-050,PROD-043,Sports,4,4006.55,0.05,Debit Card,Completed,16026.2,801.3100000000001,15224.890000000001
ORD-10854,2026-02-13,CUST-187,PROD-057,Electronics,4,4510.85,0.05,Bank Transfer,Completed,18043.4,902.1700000000001,17141.230000000003
ORD-10892,2026-02-13,CUST-250,PROD-026,Home,5,4235.74,0.15,GCash,Completed,21178.699999999997,3176.8049999999994,18001.894999999997
ORD-10905,2026-02-13,CUST-196,PROD-081,Sports,1,2197.93,0.1,Debit Card,Completed,2197.93,219.793,1978.1369999999997
ORD-10988,2026-02-13,CUST-151,PROD-088,Fashion,4,742.68,0.1,Debit Card,Pending,2970.72,297.072,2673.6479999999997
ORD-10215,2026-02-14,CUST-177,PROD-057,Sports,1,3661.39,0.1,Bank Transfer,Pending,3661.39,366.139,3295.2509999999997
ORD-10376,2026-02-14,CUST-187,PROD-050,Sports,3,3976.28,0.05,Credit Card,Completed,11928.84,596.442,11332.398000000001
ORD-10415,2026-02-14,CUST-201,PROD-063,Fashion,5,1675.86,0.1,Maya,Completed,8379.3,837.93,7541.369999999999
ORD-10431,2026-02-14,CUST-127,PROD-049,Fashion,4,597.0,0.15,Bank Transfer,Completed,2388.0,358.2,2029.8
ORD-10464,2026-02-14,CUST-230,PROD-049,Sports,3,1169.22,0.1,Bank Transfer,Cancelled,3507.66,350.766,3156.894
ORD-10615,2026-02-14,CUST-239,PROD-033,Electronics,4,694.06,0.2,Maya,Cancelled,2776.24,555.2479999999999,2220.9919999999997
ORD-10788,2026-02-14,CUST-176,PROD-058,Home,3,1334.29,0.0,GCash,Cancelled,4002.87,0.0,4002.87
ORD-10815,2026-02-14,CUST-161,PROD-039,Sports,1,2832.78,0.05,GCash,Cancelled,2832.78,141.639,2691.141
ORD-10044,2026-02-15,CUST-094,PROD-006,Home,2,3367.97,0.1,Bank Transfer,Pending,6735.94,673.594,6062.346
ORD-10256,2026-02-15,CUST-088,PROD-070,Beauty,5,2472.48,0.05,Credit Card,Cancelled,12362.4,618.12,11744.279999999999
ORD-10298,2026-02-15,CUST-137,PROD-084,Beauty,3,1862.26,0.15,Debit Card,Completed,5586.78,838.0169999999999,4748.763
ORD-10335,2026-02-15,CUST-169,PROD-086,Home,5,317.05,0.15,Credit Card,Pending,1585.25,237.7875,1347.4625
ORD-10406,2026-02-15,CUST-183,PROD-032,Sports,5,339.86,0.1,Credit Card,Completed,1699.3000000000002,169.93000000000004,1529.3700000000001
ORD-10490,2026-02-15,CUST-250,PROD-026,Sports,3,885.83,0.2,Debit Card,Completed,2657.4900000000002,531.498,2125.992
ORD-10668,2026-02-15,CUST-010,PROD-059,Home,2,1398.44,0.2,Maya,Completed,2796.88,559.3760000000001,2237.504
ORD-10992,2026-02-15,CUST-226,PROD-034,Home,2,4156.95,0.2,GCash,Completed,8313.9,1662.78,6651.12
ORD-10143,2026-02-16,CUST-114,PROD-031,Electronics,3,2767.88,0.1,GCash,Pending,8303.64,830.364,7473.276
ORD-10149,2026-02-16,CUST-122,PROD-058,Fashion,5,634.36,0.2,Maya,Cancelled,3171.8,634.3600000000001,2537.44
ORD-10243,2026-02-16,CUST-226,PROD-034,Sports,3,321.69,0.0,Bank Transfer,Cancelled,965.0699999999999,0.0,965.0699999999999
ORD-10276,2026-02-16,CUST-115,PROD-068,Electronics,5,649.82,0.2,Bank Transfer,Completed,3249.1000000000004,649.8200000000002,2599.28
ORD-10330,2026-02-16,CUST-072,PROD-051,Electronics,5,1079.02,0.2,Maya,Cancelled,5395.1,1079.0200000000002,4316.08
ORD-10389,2026-02-16,CUST-117,PROD-066,Electronics,4,4310.86,0.05,Credit Card,Completed,17243.44,862.172,16381.267999999998
ORD-10510,2026-02-16,CUST-184,PROD-085,Sports,1,577.44,0.05,GCash,Completed,577.44,28.872000000000003,548.5680000000001
ORD-10816,2026-02-16,CUST-025,PROD-080,Fashion,5,1174.45,0.05,Credit Card,Completed,5872.25,293.6125,5578.6375
ORD-10837,2026-02-16,CUST-011,PROD-047,Home,5,3553.88,0.2,Maya,Completed,17769.4,3553.8800000000006,14215.52
ORD-10867,2026-02-16,CUST-154,PROD-096,Fashion,4,2871.32,0.1,Debit Card,Completed,11485.28,1148.528,10336.752
ORD-10887,2026-02-16,CUST-127,PROD-098,Beauty,5,3638.47,0.0,Credit Card,Pending,18192.35,0.0,18192.35
ORD-10929,2026-02-16,CUST-226,PROD-019,Sports,3,4124.69,0.0,Bank Transfer,Completed,12374.07,0.0,12374.07
ORD-10953,2026-02-16,CUST-128,PROD-036,Sports,3,4523.68,0.1,Bank Transfer,Completed,13571.04,1357.1040000000003,12213.936000000002
ORD-10978,2026-02-16,CUST-159,PROD-079,Sports,3,529.41,0.05,GCash,Completed,1588.23,79.4115,1508.8185
ORD-10021,2026-02-17,CUST-172,PROD-084,Sports,5,2312.28,0.05,Maya,Completed,11561.400000000001,578.07,10983.330000000002
ORD-10043,2026-02-17,CUST-140,PROD-005,Fashion,5,825.66,0.05,GCash,Completed,4128.3,206.41500000000002,3921.885
ORD-10138,2026-02-17,CUST-098,PROD-082,Electronics,2,2410.24,0.2,Bank Transfer,Completed,4820.48,964.096,3856.3839999999996
ORD-10141,2026-02-17,CUST-100,PROD-059,Fashion,4,2977.97,0.05,Debit Card,Completed,11911.88,595.5939999999999,11316.286
ORD-10157,2026-02-17,CUST-025,PROD-096,Home,5,393.91,0.2,Bank Transfer,Completed,1969.5500000000002,393.9100000000001,1575.64
ORD-10160,2026-02-17,CUST-090,PROD-072,Electronics,3,2913.09,0.15,Bank Transfer,Cancelled,8739.27,1310.8905,7428.379500000001
ORD-10250,2026-02-17,CUST-209,PROD-003,Beauty,1,4901.5,0.2,Credit Card,Completed,4901.5,980.3000000000001,3921.2
ORD-10369,2026-02-17,CUST-065,PROD-011,Home,1,2042.07,0.1,Maya,Pending,2042.07,204.207,1837.8629999999998
ORD-10396,2026-02-17,CUST-063,PROD-060,Fashion,4,4989.16,0.05,Bank Transfer,Completed,19956.64,997.832,18958.808
ORD-10440,2026-02-17,CUST-095,PROD-049,Home,4,318.62,0.15,Debit Card,Completed,1274.48,191.172,1083.308
ORD-10658,2026-02-17,CUST-191,PROD-054,Electronics,5,1402.5,0.0,GCash,Completed,7012.5,0.0,7012.5
ORD-10841,2026-02-17,CUST-116,PROD-080,Electronics,2,4470.33,0.15,GCash,Completed,8940.66,1341.099,7599.561
ORD-10928,2026-02-17,CUST-126,PROD-069,Electronics,3,2774.15,0.15,Maya,Completed,8322.45,1248.3675,7074.0825
ORD-10968,2026-02-17,CUST-194,PROD-055,Fashion,2,2227.12,0.15,GCash,Completed,4454.24,668.136,3786.104
ORD-10126,2026-02-18,CUST-021,PROD-079,Fashion,2,2538.57,0.2,Maya,Completed,5077.14,1015.4280000000001,4061.7120000000004
ORD-10398,2026-02-18,CUST-195,PROD-085,Beauty,1,1105.45,0.05,Debit Card,Pending,1105.45,55.27250000000001,1050.1775
ORD-10411,2026-02-18,UNKNOWN,PROD-004,Sports,2,1834.32,0.05,Credit Card,Completed,3668.64,183.43200000000002,3485.2079999999996
ORD-10433,2026-02-18,CUST-088,PROD-022,Home,1,2780.53,0.0,Credit Card,Cancelled,2780.53,0.0,2780.53
ORD-10565,2026-02-18,CUST-133,PROD-033,Home,5,2088.63,0.1,Debit Card,Pending,10443.150000000001,1044.3150000000003,9398.835000000001
ORD-10578,2026-02-18,CUST-059,PROD-062,Beauty,5,4042.64,0.2,GCash,Pending,20213.2,4042.6400000000003,16170.560000000001
ORD-10711,2026-02-18,CUST-244,PROD-021,Fashion,4,315.14,0.05,Credit Card,Cancelled,1260.56,63.028,1197.532
ORD-10862,2026-02-18,CUST-017,PROD-076,Electronics,1,2106.36,0.1,Debit Card,Completed,2106.36,210.63600000000002,1895.7240000000002
ORD-10944,2026-02-18,CUST-192,PROD-064,Home,4,4296.05,0.2,Maya,Completed,17184.2,3436.84,13747.36
ORD-10051,2026-02-19,CUST-131,PROD-015,Fashion,2,1348.14,0.15,GCash,Cancelled,2696.28,404.442,2291.838
ORD-10212,2026-02-19,CUST-191,PROD-057,Beauty,2,2531.4,0.15,Credit Card,Cancelled,5062.8,759.42,4303.38
ORD-10271,2026-02-19,CUST-002,PROD-034,Home,4,3793.41,0.1,Credit Card,Cancelled,15173.64,1517.364,13656.276
ORD-10315,2026-02-19,CUST-062,PROD-073,Fashion,3,1980.85,0.05,GCash,Cancelled,5942.549999999999,297.1275,5645.4225
ORD-10323,2026-02-19,CUST-201,PROD-042,Electronics,3,2127.67,0.0,Bank Transfer,Completed,6383.01,0.0,6383.01
ORD-10344,2026-02-19,CUST-152,PROD-055,Electronics,2,1108.34,0.0,Bank Transfer,Completed,2216.68,0.0,2216.68
ORD-10574,2026-02-19,CUST-059,PROD-049,Home,1,181.16,0.2,Bank Transfer,Pending,181.16,36.232,144.928
ORD-10768,2026-02-19,CUST-142,PROD-058,Beauty,2,1010.38,0.2,GCash,Cancelled,2020.76,404.15200000000004,1616.608
ORD-10780,2026-02-19,CUST-193,PROD-053,Home,4,3657.4,0.05,Maya,Cancelled,14629.6,731.48,13898.12
ORD-10297,2026-02-20,CUST-181,PROD-027,Home,5,1675.91,0.1,Debit Card,Pending,8379.550000000001,837.9550000000002,7541.595000000001
ORD-10327,2026-02-20,CUST-078,PROD-001,Beauty,5,1961.46,0.1,Debit Card,Completed,9807.3,980.73,8826.57
ORD-10584,2026-02-20,CUST-148,PROD-045,Home,1,3764.29,0.15,Maya,Completed,3764.29,564.6435,3199.6465
ORD-10674,2026-02-20,CUST-013,PROD-087,Sports,5,2918.75,0.0,Maya,Pending,14593.75,0.0,14593.75
ORD-10750,2026-02-20,CUST-067,PROD-047,Home,3,3965.02,0.1,Debit Card,Pending,11895.06,1189.506,10705.554
ORD-10830,2026-02-20,CUST-109,PROD-068,Sports,1,2316.96,0.05,GCash,Cancelled,2316.96,115.84800000000001,2201.112
ORD-10048,2026-02-21,CUST-169,PROD-025,Beauty,3,4335.33,0.1,Credit Card,Cancelled,13005.99,1300.5990000000002,11705.391
ORD-10155,2026-02-21,CUST-212,PROD-059,Sports,1,1631.49,0.1,Credit Card,Completed,1631.49,163.149,1468.341
ORD-10172,2026-02-21,CUST-110,PROD-074,Sports,3,664.35,0.0,Credit Card,Completed,1993.0500000000002,0.0,1993.0500000000002
ORD-10235,2026-02-21,CUST-207,PROD-088,Beauty,4,457.57,0.0,Maya,Pending,1830.28,0.0,1830.28
ORD-10270,2026-02-21,CUST-084,PROD-012,Electronics,2,4910.26,0.15,Credit Card,Completed,9820.52,1473.078,8347.442000000001
ORD-10273,2026-02-21,CUST-079,PROD-021,Fashion,3,3482.42,0.1,Credit Card,Cancelled,10447.26,1044.726,9402.534
ORD-10287,2026-02-21,CUST-190,PROD-006,Sports,2,2744.82,0.0,Maya,Cancelled,5489.64,0.0,5489.64
ORD-10452,2026-02-21,CUST-175,PROD-089,Electronics,4,4458.91,0.1,Maya,Completed,17835.64,1783.564,16052.076
ORD-10585,2026-02-21,CUST-055,PROD-066,Beauty,5,3108.72,0.0,Maya,Pending,15543.599999999999,0.0,15543.599999999999
ORD-10591,2026-02-21,CUST-071,PROD-100,Beauty,4,2086.71,0.05,Bank Transfer,Completed,8346.84,417.34200000000004,7929.4980000000005
ORD-10757,2026-02-21,CUST-046,PROD-040,Electronics,5,632.85,0.2,Debit Card,Completed,3164.25,632.85,2531.4
ORD-10855,2026-02-21,CUST-079,PROD-004,Fashion,2,2285.27,0.0,Credit Card,Completed,4570.54,0.0,4570.54
ORD-10894,2026-02-21,CUST-171,PROD-078,Sports,5,1466.56,0.15,GCash,Completed,7332.799999999999,1099.9199999999998,6232.879999999999
ORD-10964,2026-02-21,CUST-098,PROD-012,Beauty,2,1276.39,0.15,GCash,Completed,2552.78,382.91700000000003,2169.8630000000003
ORD-10118,2026-02-22,CUST-099,PROD-030,Electronics,3,3749.06,0.15,Debit Card,Completed,11247.18,1687.077,9560.103000000001
ORD-10158,2026-02-22,CUST-172,PROD-016,Beauty,4,4353.65,0.0,Credit Card,Cancelled,17414.6,0.0,17414.6
ORD-10254,2026-02-22,CUST-177,PROD-027,Fashion,5,4610.55,0.0,Maya,Cancelled,23052.75,0.0,23052.75
ORD-10262,2026-02-22,CUST-014,PROD-013,Beauty,4,592.67,0.05,GCash,Cancelled,2370.68,118.53399999999999,2252.1459999999997
ORD-10263,2026-02-22,CUST-238,PROD-021,Sports,4,3287.64,0.1,Credit Card,Completed,13150.56,1315.056,11835.503999999999
ORD-10352,2026-02-22,CUST-168,PROD-064,Sports,4,3579.7,0.15,Debit Card,Completed,14318.8,2147.8199999999997,12170.98
ORD-10397,2026-02-22,CUST-039,PROD-001,Electronics,2,2753.57,0.0,Credit Card,Completed,5507.14,0.0,5507.14
ORD-10442,2026-02-22,CUST-207,PROD-070,Fashion,2,2812.65,0.15,Bank Transfer,Pending,5625.3,843.795,4781.505
ORD-10507,2026-02-22,CUST-027,PROD-052,Electronics,5,2790.58,0.0,Bank Transfer,Cancelled,13952.9,0.0,13952.9
ORD-10512,2026-02-22,CUST-127,PROD-018,Electronics,3,3093.17,0.05,GCash,Pending,9279.51,463.9755,8815.5345
ORD-10581,2026-02-22,CUST-177,PROD-041,Beauty,1,858.42,0.2,Credit Card,Completed,858.42,171.684,686.736
ORD-10594,2026-02-22,CUST-067,PROD-023,Fashion,1,2837.29,0.2,Credit Card,Completed,2837.29,567.458,2269.832
ORD-10845,2026-02-22,CUST-166,PROD-043,Fashion,3,3313.23,0.1,Debit Card,Cancelled,9939.69,993.969,8945.721000000001
ORD-10873,2026-02-22,CUST-200,PROD-063,Beauty,2,601.85,0.05,Bank Transfer,Completed,1203.7,60.185,1143.515
ORD-10886,2026-02-22,CUST-132,PROD-030,Electronics,3,705.72,0.0,Bank Transfer,Completed,2117.16,0.0,2117.16
ORD-10972,2026-02-22,CUST-131,PROD-055,Electronics,4,3338.19,0.2,Credit Card,Completed,13352.76,2670.552,10682.208
ORD-10068,2026-02-23,CUST-193,PROD-050,Fashion,5,4019.35,0.05,Debit Card,Completed,20096.75,1004.8375000000001,19091.9125
ORD-10115,2026-02-23,CUST-071,PROD-099,Beauty,5,1409.15,0.0,Credit Card,Completed,7045.75,0.0,7045.75
ORD-10198,2026-02-23,CUST-239,PROD-004,Electronics,4,2559.83,0.05,Debit Card,Completed,10239.32,511.966,9727.354
ORD-10291,2026-02-23,CUST-082,PROD-090,Sports,2,1569.45,0.05,Bank Transfer,Pending,3138.9,156.94500000000002,2981.955
ORD-10486,2026-02-23,CUST-177,PROD-015,Sports,4,705.62,0.1,Debit Card,Completed,2822.48,282.248,2540.232
ORD-10497,2026-02-23,CUST-177,PROD-062,Home,1,749.31,0.0,Maya,Completed,749.31,0.0,749.31
ORD-10517,2026-02-23,CUST-226,PROD-050,Fashion,2,1440.62,0.1,Credit Card,Pending,2881.24,288.12399999999997,2593.116
ORD-10765,2026-02-23,CUST-216,PROD-047,Home,3,4987.53,0.05,Maya,Completed,14962.59,748.1295,14214.460500000001
ORD-10813,2026-02-23,CUST-228,PROD-037,Sports,2,1110.19,0.1,Bank Transfer,Pending,2220.38,222.038,1998.342
ORD-10939,2026-02-23,CUST-051,PROD-011,Beauty,2,2028.12,0.15,Bank Transfer,Completed,4056.24,608.4359999999999,3447.804
ORD-10986,2026-02-23,CUST-229,PROD-083,Sports,1,2524.47,0.1,Debit Card,Pending,2524.47,252.447,2272.0229999999997
ORD-10020,2026-02-24,CUST-136,PROD-078,Home,5,3800.8,0.05,Credit Card,Pending,19004.0,950.2,18053.8
ORD-10071,2026-02-24,CUST-022,PROD-083,Home,4,990.47,0.1,Debit Card,Completed,3961.88,396.18800000000005,3565.692
ORD-10151,2026-02-24,CUST-217,PROD-052,Electronics,4,3590.77,0.15,GCash,Completed,14363.08,2154.462,12208.618
ORD-10213,2026-02-24,CUST-069,PROD-011,Electronics,4,3052.02,0.05,Bank Transfer,Completed,12208.08,610.404,11597.676
ORD-10437,2026-02-24,CUST-093,PROD-001,Electronics,3,4137.1,0.2,Debit Card,Completed,12411.300000000001,2482.26,9929.04
ORD-10553,2026-02-24,CUST-094,PROD-041,Home,1,1634.75,0.05,Debit Card,Completed,1634.75,81.73750000000001,1553.0125
ORD-10582,2026-02-24,CUST-219,PROD-069,Fashion,3,3098.22,0.15,Maya,Pending,9294.66,1394.1989999999998,7900.461
ORD-10632,2026-02-24,CUST-068,PROD-011,Home,5,3846.24,0.2,Credit Card,Completed,19231.199999999997,3846.24,15384.959999999997
ORD-10679,2026-02-24,CUST-172,PROD-053,Beauty,3,1033.4,0.1,Bank Transfer,Completed,3100.2000000000003,310.02000000000004,2790.1800000000003
ORD-10889,2026-02-24,CUST-105,PROD-038,Home,1,4484.3,0.15,Credit Card,Completed,4484.3,672.645,3811.655
ORD-10921,2026-02-24,CUST-144,PROD-056,Electronics,2,880.86,0.05,GCash,Completed,1761.72,88.08600000000001,1673.634
ORD-10015,2026-02-25,CUST-029,PROD-038,Home,4,115.9,0.1,Bank Transfer,Completed,463.6,46.36000000000001,417.24
ORD-10478,2026-02-25,CUST-034,PROD-079,Sports,4,2202.22,0.15,Debit Card,Completed,8808.88,1321.3319999999999,7487.547999999999
ORD-10630,2026-02-25,CUST-077,PROD-002,Beauty,5,1232.96,0.0,Bank Transfer,Completed,6164.8,0.0,6164.8
ORD-10643,2026-02-25,CUST-061,PROD-082,Beauty,1,920.07,0.1,Bank Transfer,Completed,920.07,92.007,828.0630000000001
ORD-10783,2026-02-25,CUST-038,PROD-068,Electronics,3,4643.39,0.15,Debit Card,Completed,13930.170000000002,2089.5255,11840.644500000002
ORD-10794,2026-02-25,CUST-037,PROD-070,Home,5,3252.36,0.15,Credit Card,Completed,16261.800000000001,2439.27,13822.53
ORD-10818,2026-02-25,CUST-073,PROD-027,Beauty,3,3122.41,0.15,GCash,Completed,9367.23,1405.0845,7962.1455
ORD-10914,2026-02-25,CUST-206,PROD-039,Fashion,3,1080.38,0.15,Credit Card,Cancelled,3241.1400000000003,486.17100000000005,2754.969
ORD-10954,2026-02-25,CUST-133,PROD-041,Home,3,3710.66,0.15,Maya,Cancelled,11131.98,1669.7969999999998,9462.182999999999
ORD-10970,2026-02-25,CUST-075,PROD-060,Electronics,4,1571.93,0.05,Credit Card,Completed,6287.72,314.386,5973.334
ORD-10038,2026-02-26,CUST-073,PROD-021,Fashion,3,3097.22,0.2,GCash,Cancelled,9291.66,1858.332,7433.3279999999995
ORD-10042,2026-02-26,CUST-042,PROD-095,Fashion,4,2848.44,0.0,GCash,Completed,11393.76,0.0,11393.76
ORD-10062,2026-02-26,CUST-153,PROD-041,Fashion,5,2191.03,0.2,Debit Card,Completed,10955.150000000001,2191.03,8764.12
ORD-10096,2026-02-26,CUST-098,PROD-058,Beauty,5,4951.15,0.1,Bank Transfer,Cancelled,24755.75,2475.5750000000003,22280.175
ORD-10128,2026-02-26,CUST-041,PROD-010,Beauty,5,1565.86,0.15,Credit Card,Pending,7829.299999999999,1174.3949999999998,6654.905
ORD-10179,2026-02-26,CUST-018,PROD-061,Beauty,3,2997.96,0.1,Bank Transfer,Completed,8993.880000000001,899.3880000000001,8094.492000000001
ORD-10192,2026-02-26,CUST-208,PROD-022,Electronics,4,1885.07,0.05,Debit Card,Cancelled,7540.28,377.014,7163.266
ORD-10194,2026-02-26,CUST-174,PROD-074,Sports,3,3912.81,0.2,Bank Transfer,Pending,11738.43,2347.686,9390.744
ORD-10357,2026-02-26,CUST-090,PROD-012,Electronics,2,1128.4,0.2,Credit Card,Cancelled,2256.8,451.36000000000007,1805.44
ORD-10371,2026-02-26,CUST-133,PROD-088,Electronics,1,3508.43,0.0,Debit Card,Completed,3508.43,0.0,3508.43
ORD-10375,2026-02-26,CUST-158,PROD-088,Home,1,4493.31,0.05,GCash,Cancelled,4493.31,224.66550000000004,4268.6445
ORD-10544,2026-02-26,CUST-073,PROD-098,Sports,4,4128.4,0.0,Debit Card,Completed,16513.6,0.0,16513.6
ORD-10628,2026-02-26,CUST-207,PROD-012,Beauty,3,2119.8,0.05,Credit Card,Completed,6359.400000000001,317.97,6041.43
ORD-10636,2026-02-26,UNKNOWN,PROD-092,Electronics,2,541.97,0.0,Debit Card,Completed,1083.94,0.0,1083.94
ORD-10737,2026-02-26,UNKNOWN,PROD-012,Fashion,1,4015.22,0.2,Maya,Completed,4015.22,803.044,3212.176
ORD-10811,2026-02-26,UNKNOWN,PROD-022,Home,5,299.42,0.0,Bank Transfer,Pending,1497.1000000000001,0.0,1497.1000000000001
ORD-10820,2026-02-26,CUST-019,PROD-031,Fashion,5,1697.26,0.05,Credit Card,Completed,8486.3,424.315,8061.985
ORD-10844,2026-02-26,CUST-089,PROD-054,Electronics,3,1026.4,0.0,Maya,Cancelled,3079.2000000000003,0.0,3079.2000000000003
ORD-10860,2026-02-26,CUST-056,PROD-094,Sports,4,1514.31,0.15,Debit Card,Completed,6057.24,908.5859999999999,5148.6539999999995
ORD-10995,2026-02-26,CUST-181,PROD-007,Sports,1,4875.83,0.2,Bank Transfer,Completed,4875.83,975.166,3900.6639999999998
ORD-10063,2026-02-27,CUST-191,PROD-061,Beauty,2,4215.33,0.1,Bank Transfer,Pending,8430.66,843.066,7587.594
ORD-10178,2026-02-27,CUST-195,PROD-075,Fashion,5,1683.72,0.1,Maya,Pending,8418.6,841.8600000000001,7576.74
ORD-10180,2026-02-27,CUST-080,PROD-060,Electronics,1,1906.81,0.1,GCash,Completed,1906.81,190.681,1716.129
ORD-10193,2026-02-27,CUST-073,PROD-097,Home,5,1271.93,0.15,Maya,Completed,6359.650000000001,953.9475,5405.7025
ORD-10221,2026-02-27,CUST-199,PROD-034,Home,5,1499.33,0.15,Maya,Completed,7496.65,1124.4975,6372.1525
ORD-10222,2026-02-27,CUST-035,PROD-010,Home,4,4986.59,0.1,Credit Card,Completed,19946.36,1994.6360000000002,17951.724000000002
ORD-10238,2026-02-27,CUST-032,PROD-035,Home,2,574.38,0.1,Debit Card,Cancelled,1148.76,114.876,1033.884
ORD-10282,2026-02-27,CUST-229,PROD-049,Sports,4,493.22,0.2,Maya,Completed,1972.88,394.576,1578.304
ORD-10407,2026-02-27,CUST-008,PROD-052,Fashion,5,1324.28,0.15,GCash,Completed,6621.4,993.2099999999999,5628.19
ORD-10445,2026-02-27,CUST-031,PROD-097,Home,2,4863.61,0.05,Maya,Completed,9727.22,486.361,9240.858999999999
ORD-10506,2026-02-27,CUST-206,PROD-074,Electronics,4,2290.63,0.0,Debit Card,Completed,9162.52,0.0,9162.52
ORD-10665,2026-02-27,CUST-247,PROD-058,Sports,1,3658.94,0.1,Bank Transfer,Completed,3658.94,365.894,3293.0460000000003
ORD-10710,2026-02-27,CUST-024,PROD-015,Beauty,1,2666.7,0.15,Bank Transfer,Cancelled,2666.7,400.00499999999994,2266.6949999999997
ORD-10713,2026-02-27,CUST-080,PROD-094,Beauty,2,676.01,0.05,Maya,Completed,1352.02,67.601,1284.4189999999999
ORD-10803,2026-02-27,CUST-128,PROD-069,Electronics,1,1762.5,0.1,GCash,Pending,1762.5,176.25,1586.25
ORD-10851,2026-02-27,CUST-038,PROD-048,Fashion,2,2714.85,0.0,GCash,Pending,5429.7,0.0,5429.7
ORD-10857,2026-02-27,CUST-022,PROD-069,Electronics,5,2032.68,0.15,Credit Card,Cancelled,10163.4,1524.51,8638.89
ORD-10967,2026-02-27,CUST-052,PROD-063,Sports,4,1415.55,0.2,Debit Card,Completed,5662.2,1132.44,4529.76
ORD-10007,2026-02-28,CUST-098,PROD-036,Beauty,2,1913.89,0.05,Credit Card,Completed,3827.78,191.389,3636.391
ORD-10173,2026-02-28,CUST-206,PROD-080,Beauty,1,2239.89,0.0,Maya,Pending,2239.89,0.0,2239.89
ORD-10279,2026-02-28,CUST-132,PROD-054,Fashion,1,2838.11,0.1,GCash,Pending,2838.11,283.81100000000004,2554.299
ORD-10309,2026-02-28,CUST-096,PROD-052,Fashion,2,4952.14,0.05,Credit Card,Completed,9904.28,495.21400000000006,9409.066
ORD-10354,2026-02-28,CUST-044,PROD-100,Fashion,4,2793.66,0.0,Bank Transfer,Completed,11174.64,0.0,11174.64
ORD-10395,2026-02-28,CUST-023,PROD-071,Electronics,3,1083.29,0.2,Credit Card,Cancelled,3249.87,649.974,2599.8959999999997
ORD-10400,2026-02-28,CUST-180,PROD-048,Electronics,5,568.33,0.05,Debit Card,Completed,2841.65,142.0825,2699.5675
ORD-10514,2026-02-28,CUST-198,PROD-058,Fashion,5,759.72,0.15,GCash,Cancelled,3798.6000000000004,569.7900000000001,3228.8100000000004
ORD-10651,2026-02-28,CUST-139,PROD-047,Electronics,5,1957.31,0.05,GCash,Cancelled,9786.55,489.3275,9297.2225
ORD-10688,2026-02-28,CUST-051,PROD-065,Fashion,1,294.79,0.2,Credit Card,Completed,294.79,58.958000000000006,235.83200000000002
ORD-10767,2026-02-28,CUST-165,PROD-054,Fashion,4,3153.92,0.15,Bank Transfer,Pending,12615.68,1892.3519999999999,10723.328000000001
ORD-10823,2026-02-28,CUST-238,PROD-079,Home,4,1930.08,0.15,Maya,Completed,7720.32,1158.048,6562.272
ORD-10056,2026-03-01,CUST-168,PROD-042,Sports,4,3410.57,0.2,Debit Card,Completed,13642.28,2728.456,10913.824
ORD-10075,2026-03-01,CUST-145,PROD-028,Beauty,3,922.17,0.2,GCash,Completed,2766.5099999999998,553.302,2213.2079999999996
ORD-10109,2026-03-01,CUST-169,PROD-070,Sports,1,1019.15,0.1,Bank Transfer,Pending,1019.15,101.915,917.235
ORD-10225,2026-03-01,CUST-147,PROD-048,Fashion,2,3098.55,0.0,GCash,Completed,6197.1,0.0,6197.1
ORD-10236,2026-03-01,CUST-107,PROD-062,Home,3,3072.64,0.1,Credit Card,Completed,9217.92,921.792,8296.128
ORD-10331,2026-03-01,CUST-007,PROD-094,Home,4,4008.66,0.0,Debit Card,Pending,16034.64,0.0,16034.64
ORD-10748,2026-03-01,CUST-021,PROD-097,Fashion,2,555.29,0.15,GCash,Pending,1110.58,166.587,943.9929999999999
ORD-10825,2026-03-01,CUST-035,PROD-015,Sports,4,938.89,0.1,Maya,Completed,3755.56,375.55600000000004,3380.004
ORD-10833,2026-03-01,CUST-250,PROD-059,Home,4,1006.23,0.1,Debit Card,Completed,4024.92,402.492,3622.428
ORD-10969,2026-03-01,CUST-132,PROD-044,Home,2,4660.27,0.2,Bank Transfer,Completed,9320.54,1864.1080000000002,7456.432000000001
ORD-10200,2026-03-02,CUST-010,PROD-037,Home,4,2298.15,0.0,GCash,Completed,9192.6,0.0,9192.6
ORD-10275,2026-03-02,CUST-180,PROD-071,Fashion,2,3833.11,0.2,GCash,Cancelled,7666.22,1533.2440000000001,6132.976000000001
ORD-10281,2026-03-02,CUST-016,PROD-009,Electronics,3,2103.45,0.05,Debit Card,Completed,6310.349999999999,315.5175,5994.8324999999995
ORD-10299,2026-03-02,CUST-206,PROD-093,Beauty,2,1916.45,0.15,GCash,Cancelled,3832.9,574.935,3257.965
ORD-10439,2026-03-02,CUST-201,PROD-051,Sports,3,546.57,0.2,Debit Card,Completed,1639.71,327.942,1311.768
ORD-10451,2026-03-02,CUST-147,PROD-078,Electronics,2,1449.53,0.05,Bank Transfer,Cancelled,2899.06,144.953,2754.107
ORD-10471,2026-03-02,CUST-076,PROD-013,Home,3,3653.41,0.2,Maya,Completed,10960.23,2192.046,8768.184
ORD-10751,2026-03-02,CUST-008,PROD-009,Electronics,3,2445.4,0.05,Credit Card,Completed,7336.200000000001,366.81000000000006,6969.39
ORD-10913,2026-03-02,CUST-146,PROD-068,Sports,2,1801.85,0.0,Credit Card,Cancelled,3603.7,0.0,3603.7
ORD-10947,2026-03-02,CUST-022,PROD-002,Home,3,4874.56,0.15,Maya,Pending,14623.68,2193.552,12430.128
ORD-10949,2026-03-02,CUST-239,PROD-031,Beauty,5,4702.68,0.2,GCash,Completed,23513.4,4702.68,18810.72
ORD-10081,2026-03-03,CUST-207,PROD-069,Sports,4,4146.1,0.2,Credit Card,Completed,16584.4,3316.8800000000006,13267.52
ORD-10226,2026-03-03,CUST-102,PROD-092,Fashion,4,3868.91,0.2,GCash,Completed,15475.64,3095.128,12380.511999999999
ORD-10260,2026-03-03,CUST-168,PROD-033,Home,2,4156.96,0.1,Bank Transfer,Completed,8313.92,831.392,7482.528
ORD-10333,2026-03-03,CUST-115,PROD-077,Fashion,4,2718.4,0.15,Bank Transfer,Completed,10873.6,1631.04,9242.560000000001
ORD-10338,2026-03-03,CUST-089,PROD-004,Electronics,3,2138.28,0.0,GCash,Completed,6414.84,0.0,6414.84
ORD-10413,2026-03-03,CUST-226,PROD-071,Electronics,1,1470.9,0.05,Debit Card,Completed,1470.9,73.545,1397.355
ORD-10498,2026-03-03,CUST-107,PROD-076,Fashion,4,988.18,0.15,Credit Card,Cancelled,3952.72,592.9079999999999,3359.812
ORD-10561,2026-03-03,CUST-189,PROD-094,Beauty,1,1172.21,0.15,Maya,Completed,1172.21,175.8315,996.3785
ORD-10579,2026-03-03,CUST-035,PROD-033,Home,1,1488.01,0.2,Debit Card,Completed,1488.01,297.60200000000003,1190.408
ORD-10583,2026-03-03,CUST-142,PROD-072,Home,3,2839.56,0.15,Credit Card,Completed,8518.68,1277.802,7240.878000000001
ORD-10597,2026-03-03,CUST-221,PROD-004,Electronics,3,431.02,0.05,Maya,Completed,1293.06,64.653,1228.407
ORD-10605,2026-03-03,CUST-135,PROD-055,Fashion,1,2562.13,0.15,Maya,Pending,2562.13,384.3195,2177.8105
ORD-10642,2026-03-03,CUST-032,PROD-033,Beauty,2,1866.09,0.0,Maya,Completed,3732.18,0.0,3732.18
ORD-10699,2026-03-03,CUST-177,PROD-100,Home,5,4246.08,0.15,Credit Card,Completed,21230.4,3184.56,18045.84
ORD-10069,2026-03-04,CUST-070,PROD-056,Electronics,4,1747.03,0.15,Maya,Pending,6988.12,1048.2179999999998,5939.902
ORD-10106,2026-03-04,CUST-112,PROD-082,Electronics,4,1805.01,0.1,Credit Card,Completed,7220.04,722.004,6498.036
ORD-10166,2026-03-04,CUST-170,PROD-055,Fashion,4,2129.5,0.05,Bank Transfer,Completed,8518.0,425.90000000000003,8092.1
ORD-10278,2026-03-04,CUST-184,PROD-075,Electronics,5,2282.87,0.0,Debit Card,Completed,11414.349999999999,0.0,11414.349999999999
ORD-10350,2026-03-04,CUST-143,PROD-022,Beauty,2,1016.78,0.15,Bank Transfer,Completed,2033.56,305.034,1728.5259999999998
ORD-10504,2026-03-04,CUST-020,PROD-097,Beauty,2,1721.38,0.1,GCash,Cancelled,3442.76,344.27600000000007,3098.4840000000004
ORD-10617,2026-03-04,CUST-173,PROD-066,Sports,1,1967.25,0.1,Debit Card,Completed,1967.25,196.72500000000002,1770.525
ORD-10655,2026-03-04,CUST-052,PROD-014,Home,1,255.9,0.15,Debit Card,Cancelled,255.9,38.385,217.51500000000001
ORD-10677,2026-03-04,CUST-144,PROD-026,Sports,5,1060.89,0.2,Bank Transfer,Completed,5304.450000000001,1060.89,4243.56
ORD-10700,2026-03-04,CUST-219,PROD-050,Sports,2,902.55,0.05,GCash,Pending,1805.1,90.255,1714.8449999999998
ORD-10776,2026-03-04,CUST-007,PROD-037,Electronics,2,2577.42,0.1,Credit Card,Completed,5154.84,515.484,4639.356
ORD-10797,2026-03-04,CUST-001,PROD-066,Sports,4,2079.17,0.0,Bank Transfer,Completed,8316.68,0.0,8316.68
ORD-10827,2026-03-04,CUST-106,PROD-067,Home,5,2420.1,0.15,Credit Card,Completed,12100.5,1815.075,10285.425
ORD-10866,2026-03-04,CUST-107,PROD-023,Home,1,684.84,0.1,Debit Card,Completed,684.84,68.48400000000001,616.356
ORD-10890,2026-03-04,CUST-004,PROD-087,Electronics,4,2246.49,0.0,GCash,Completed,8985.96,0.0,8985.96
ORD-10984,2026-03-04,CUST-075,PROD-005,Sports,4,2615.44,0.2,Debit Card,Completed,10461.76,2092.3520000000003,8369.408
ORD-10234,2026-03-05,CUST-164,PROD-004,Fashion,3,3245.35,0.1,Debit Card,Completed,9736.05,973.605,8762.445
ORD-10240,2026-03-05,CUST-132,PROD-060,Beauty,4,213.56,0.15,Bank Transfer,Pending,854.24,128.136,726.104
ORD-10653,2026-03-05,CUST-135,PROD-088,Fashion,2,3103.89,0.1,Debit Card,Completed,6207.78,620.778,5587.0019999999995
ORD-10893,2026-03-05,CUST-215,PROD-055,Beauty,5,3008.88,0.15,Credit Card,Pending,15044.400000000001,2256.6600000000003,12787.740000000002
ORD-10895,2026-03-05,CUST-065,PROD-063,Home,2,245.65,0.0,GCash,Pending,491.3,0.0,491.3
ORD-10903,2026-03-05,CUST-101,PROD-034,Fashion,4,3123.0,0.1,Credit Card,Completed,12492.0,1249.2,11242.8
ORD-10943,2026-03-05,CUST-212,PROD-087,Electronics,2,3596.46,0.05,Credit Card,Completed,7192.92,359.646,6833.274
ORD-10991,2026-03-05,CUST-026,PROD-054,Beauty,2,1126.22,0.0,GCash,Completed,2252.44,0.0,2252.44
ORD-10032,2026-03-06,CUST-150,PROD-062,Fashion,2,378.71,0.2,GCash,Completed,757.42,151.484,605.9359999999999
ORD-10037,2026-03-06,CUST-138,PROD-028,Beauty,2,4672.97,0.0,Maya,Completed,9345.94,0.0,9345.94
ORD-10181,2026-03-06,CUST-158,PROD-077,Sports,4,2943.61,0.0,Debit Card,Cancelled,11774.44,0.0,11774.44
ORD-10249,2026-03-06,CUST-152,PROD-044,Fashion,5,2500.25,0.2,Credit Card,Pending,12501.25,2500.25,10001.0
ORD-10267,2026-03-06,CUST-228,PROD-018,Sports,3,1044.78,0.0,Credit Card,Completed,3134.34,0.0,3134.34
ORD-10305,2026-03-06,CUST-003,PROD-028,Sports,3,396.21,0.2,Debit Card,Pending,1188.6299999999999,237.726,950.9039999999999
ORD-10307,2026-03-06,CUST-074,PROD-003,Sports,2,624.38,0.0,Bank Transfer,Completed,1248.76,0.0,1248.76
ORD-10382,2026-03-06,CUST-074,PROD-081,Sports,4,3538.87,0.0,Bank Transfer,Cancelled,14155.48,0.0,14155.48
ORD-10481,2026-03-06,CUST-027,PROD-050,Fashion,3,918.4,0.0,Credit Card,Completed,2755.2,0.0,2755.2
ORD-10576,2026-03-06,CUST-225,PROD-069,Electronics,1,2462.98,0.05,Bank Transfer,Cancelled,2462.98,123.149,2339.831
ORD-10840,2026-03-06,CUST-116,PROD-063,Fashion,1,2403.8,0.2,Bank Transfer,Completed,2403.8,480.76000000000005,1923.0400000000002
ORD-10882,2026-03-06,CUST-091,PROD-021,Fashion,2,2574.06,0.0,GCash,Cancelled,5148.12,0.0,5148.12
ORD-10910,2026-03-06,CUST-087,PROD-064,Beauty,2,3112.66,0.1,Debit Card,Completed,6225.32,622.532,5602.788
ORD-10999,2026-03-06,CUST-088,PROD-037,Home,1,1403.48,0.15,Credit Card,Completed,1403.48,210.522,1192.958
ORD-10210,2026-03-07,CUST-239,PROD-040,Sports,5,2419.66,0.0,Maya,Completed,12098.3,0.0,12098.3
ORD-10378,2026-03-07,CUST-133,PROD-078,Home,4,1548.16,0.0,Maya,Pending,6192.64,0.0,6192.64
ORD-10508,2026-03-07,CUST-164,PROD-039,Fashion,2,3307.52,0.15,Credit Card,Completed,6615.04,992.256,5622.784
ORD-10525,2026-03-07,CUST-100,PROD-031,Beauty,1,4639.78,0.15,Debit Card,Completed,4639.78,695.967,3943.8129999999996
ORD-10548,2026-03-07,CUST-232,PROD-083,Home,2,1001.56,0.2,Credit Card,Completed,2003.12,400.624,1602.4959999999999
ORD-10559,2026-03-07,CUST-119,PROD-065,Electronics,4,1882.94,0.0,Maya,Cancelled,7531.76,0.0,7531.76
ORD-10560,2026-03-07,CUST-176,PROD-022,Home,4,880.19,0.2,Bank Transfer,Completed,3520.76,704.152,2816.608
ORD-10595,2026-03-07,CUST-243,PROD-015,Beauty,5,4084.42,0.2,Credit Card,Pending,20422.1,4084.42,16337.679999999998
ORD-10604,2026-03-07,CUST-126,PROD-024,Beauty,4,1188.25,0.2,Maya,Completed,4753.0,950.6,3802.4
ORD-10836,2026-03-07,CUST-189,PROD-008,Beauty,1,643.74,0.1,Debit Card,Cancelled,643.74,64.37400000000001,579.366
ORD-10196,2026-03-08,CUST-142,PROD-014,Electronics,3,510.99,0.05,Credit Card,Pending,1532.97,76.6485,1456.3215
ORD-10482,2026-03-08,CUST-117,PROD-094,Fashion,5,1755.39,0.05,Credit Card,Pending,8776.95,438.8475000000001,8338.1025
ORD-10522,2026-03-08,CUST-207,PROD-002,Electronics,1,1966.26,0.0,GCash,Completed,1966.26,0.0,1966.26
ORD-10532,2026-03-08,CUST-057,PROD-024,Electronics,5,880.92,0.2,Bank Transfer,Pending,4404.599999999999,880.92,3523.6799999999994
ORD-10598,2026-03-08,CUST-106,PROD-046,Fashion,1,3534.01,0.1,Maya,Completed,3534.01,353.40100000000007,3180.6090000000004
ORD-10654,2026-03-08,CUST-029,PROD-013,Electronics,1,4192.45,0.05,Maya,Completed,4192.45,209.6225,3982.8275
ORD-10659,2026-03-08,CUST-020,PROD-028,Electronics,1,3653.34,0.2,Debit Card,Completed,3653.34,730.6680000000001,2922.672
ORD-10725,2026-03-08,CUST-145,PROD-064,Sports,4,4059.1,0.2,Maya,Completed,16236.4,3247.28,12989.119999999999
ORD-10843,2026-03-08,CUST-039,PROD-027,Electronics,3,2141.03,0.2,Maya,Pending,6423.09,1284.6180000000002,5138.472
ORD-10017,2026-03-09,CUST-139,PROD-100,Electronics,5,1688.36,0.0,GCash,Completed,8441.8,0.0,8441.8
ORD-10153,2026-03-09,CUST-098,PROD-077,Beauty,4,2577.2,0.15,GCash,Completed,10308.8,1546.32,8762.48
ORD-10174,2026-03-09,CUST-151,PROD-052,Electronics,4,4365.57,0.1,Maya,Completed,17462.28,1746.228,15716.052
ORD-10312,2026-03-09,CUST-220,PROD-013,Electronics,2,1135.94,0.2,Debit Card,Completed,2271.88,454.37600000000003,1817.5040000000001
ORD-10771,2026-03-09,CUST-187,PROD-094,Beauty,4,2633.05,0.2,Bank Transfer,Completed,10532.2,2106.44,8425.76
ORD-10846,2026-03-09,CUST-171,PROD-090,Fashion,4,2344.23,0.2,Maya,Completed,9376.92,1875.384,7501.536
ORD-10883,2026-03-09,CUST-196,PROD-002,Home,2,4824.89,0.05,Bank Transfer,Completed,9649.78,482.48900000000003,9167.291000000001
ORD-10925,2026-03-09,CUST-171,PROD-075,Beauty,4,4434.37,0.05,Bank Transfer,Completed,17737.48,886.874,16850.606
ORD-10952,2026-03-09,CUST-023,PROD-041,Sports,2,1375.99,0.1,GCash,Completed,2751.98,275.19800000000004,2476.782
ORD-10985,2026-03-09,CUST-183,PROD-008,Electronics,4,2924.38,0.2,GCash,Completed,11697.52,2339.5040000000004,9358.016
ORD-10019,2026-03-10,CUST-209,PROD-009,Home,2,3332.78,0.2,Maya,Completed,6665.56,1333.112,5332.448
ORD-10049,2026-03-10,CUST-103,PROD-087,Beauty,1,665.17,0.1,Maya,Cancelled,665.17,66.517,598.653
ORD-10283,2026-03-10,CUST-031,PROD-023,Sports,5,724.0,0.05,GCash,Completed,3620.0,181.0,3439.0
ORD-10306,2026-03-10,CUST-005,PROD-001,Fashion,4,158.07,0.2,Credit Card,Cancelled,632.28,126.456,505.82399999999996
ORD-10404,2026-03-10,CUST-105,PROD-016,Beauty,2,2314.39,0.15,Credit Card,Completed,4628.78,694.3169999999999,3934.4629999999997
ORD-10538,2026-03-10,CUST-249,PROD-099,Fashion,1,3171.97,0.05,Maya,Pending,3171.97,158.5985,3013.3714999999997
ORD-10633,2026-03-10,CUST-167,PROD-096,Beauty,4,1021.2,0.0,Maya,Completed,4084.8,0.0,4084.8
ORD-10731,2026-03-10,CUST-161,PROD-059,Beauty,4,3941.55,0.15,GCash,Cancelled,15766.2,2364.93,13401.27
ORD-10773,2026-03-10,CUST-232,PROD-044,Electronics,4,2324.77,0.15,Bank Transfer,Completed,9299.08,1394.8619999999999,7904.218
ORD-10782,2026-03-10,CUST-078,PROD-061,Home,4,3449.2,0.15,Debit Card,Completed,13796.8,2069.52,11727.279999999999
ORD-10819,2026-03-10,CUST-190,PROD-007,Home,2,3948.91,0.15,Bank Transfer,Completed,7897.82,1184.673,6713.147
ORD-10980,2026-03-10,CUST-216,PROD-081,Home,1,1574.5,0.15,Maya,Pending,1574.5,236.17499999999998,1338.325
ORD-10073,2026-03-11,CUST-121,PROD-003,Electronics,3,1198.69,0.0,GCash,Completed,3596.07,0.0,3596.07
ORD-10117,2026-03-11,CUST-142,PROD-098,Sports,4,4670.98,0.05,Maya,Cancelled,18683.92,934.1959999999999,17749.724
ORD-10527,2026-03-11,CUST-194,PROD-076,Fashion,2,3903.12,0.05,Credit Card,Pending,7806.24,390.312,7415.928
ORD-10764,2026-03-11,CUST-098,PROD-056,Home,2,2426.87,0.05,Bank Transfer,Pending,4853.74,242.687,4611.053
ORD-10835,2026-03-11,CUST-179,PROD-079,Fashion,2,3959.69,0.0,Bank Transfer,Completed,7919.38,0.0,7919.38
ORD-10838,2026-03-11,CUST-086,PROD-031,Electronics,4,3713.16,0.2,Maya,Completed,14852.64,2970.5280000000002,11882.112
ORD-10871,2026-03-11,CUST-193,PROD-022,Beauty,3,4151.43,0.1,Credit Card,Completed,12454.29,1245.429,11208.861
ORD-10014,2026-03-12,CUST-136,PROD-033,Electronics,1,3440.38,0.2,Credit Card,Completed,3440.38,688.076,2752.304
ORD-10055,2026-03-12,CUST-078,PROD-052,Electronics,3,1505.88,0.15,Bank Transfer,Cancelled,4517.64,677.6460000000001,3839.994
ORD-10087,2026-03-12,CUST-095,PROD-061,Fashion,3,2184.97,0.2,Credit Card,Completed,6554.91,1310.982,5243.928
ORD-10228,2026-03-12,CUST-225,PROD-100,Fashion,2,3862.13,0.05,Debit Card,Cancelled,7724.26,386.213,7338.0470000000005
ORD-10244,2026-03-12,CUST-050,PROD-047,Beauty,1,1993.11,0.15,Bank Transfer,Completed,1993.11,298.9665,1694.1435
ORD-10318,2026-03-12,CUST-059,PROD-046,Sports,4,1010.12,0.2,Debit Card,Completed,4040.48,808.096,3232.384
ORD-10515,2026-03-12,CUST-189,PROD-007,Sports,5,2466.37,0.2,Maya,Cancelled,12331.849999999999,2466.37,9865.48
ORD-10519,2026-03-12,CUST-221,PROD-041,Home,2,1127.59,0.1,Credit Card,Completed,2255.18,225.518,2029.6619999999998
ORD-10546,2026-03-12,CUST-246,PROD-002,Fashion,2,703.85,0.0,Bank Transfer,Cancelled,1407.7,0.0,1407.7
ORD-10547,2026-03-12,CUST-101,PROD-069,Electronics,3,1129.26,0.1,Maya,Pending,3387.7799999999997,338.778,3049.0019999999995
ORD-10650,2026-03-12,CUST-223,PROD-077,Home,1,2702.57,0.15,Credit Card,Completed,2702.57,405.38550000000004,2297.1845000000003
ORD-10662,2026-03-12,CUST-203,PROD-024,Sports,5,1753.81,0.05,Bank Transfer,Cancelled,8769.05,438.4525,8330.5975
ORD-10061,2026-03-13,CUST-119,PROD-007,Home,1,2336.66,0.15,Bank Transfer,Cancelled,2336.66,350.49899999999997,1986.1609999999998
ORD-10095,2026-03-13,CUST-064,PROD-016,Sports,5,3021.02,0.2,Maya,Cancelled,15105.1,3021.0200000000004,12084.08
ORD-10246,2026-03-13,CUST-204,PROD-044,Beauty,2,1075.38,0.2,Debit Card,Cancelled,2150.76,430.15200000000004,1720.6080000000002
ORD-10529,2026-03-13,CUST-110,PROD-036,Beauty,2,888.55,0.1,GCash,Completed,1777.1,177.71,1599.3899999999999
ORD-10534,2026-03-13,CUST-136,PROD-061,Electronics,1,3377.8,0.15,Maya,Cancelled,3377.8,506.67,2871.13
ORD-10631,2026-03-13,CUST-049,PROD-053,Sports,4,1324.49,0.15,Debit Card,Completed,5297.96,794.694,4503.266
ORD-10874,2026-03-13,CUST-213,PROD-025,Fashion,5,4245.74,0.2,GCash,Pending,21228.699999999997,4245.74,16982.96
ORD-10940,2026-03-13,CUST-006,PROD-003,Fashion,2,4543.54,0.15,Maya,Completed,9087.08,1363.062,7724.018
ORD-10957,2026-03-13,CUST-092,PROD-091,Sports,4,2515.64,0.05,GCash,Completed,10062.56,503.128,9559.431999999999
ORD-10010,2026-03-14,CUST-017,PROD-028,Beauty,2,3311.65,0.15,Debit Card,Completed,6623.3,993.495,5629.805
ORD-10366,2026-03-14,CUST-148,PROD-017,Sports,3,4481.36,0.0,GCash,Completed,13444.079999999998,0.0,13444.079999999998
ORD-10380,2026-03-14,CUST-034,PROD-050,Sports,3,2777.15,0.05,Debit Card,Completed,8331.45,416.57250000000005,7914.8775000000005
ORD-10420,2026-03-14,CUST-145,PROD-019,Home,4,2756.41,0.05,Debit Card,Completed,11025.64,551.282,10474.358
ORD-10427,2026-03-14,CUST-218,PROD-099,Electronics,2,3051.7,0.2,Maya,Cancelled,6103.4,1220.68,4882.719999999999
ORD-10441,2026-03-14,CUST-058,PROD-035,Electronics,2,3785.95,0.0,GCash,Completed,7571.9,0.0,7571.9
ORD-10449,2026-03-14,CUST-039,PROD-019,Fashion,5,3816.05,0.0,GCash,Cancelled,19080.25,0.0,19080.25
ORD-10457,2026-03-14,CUST-200,PROD-068,Electronics,2,1044.54,0.05,GCash,Completed,2089.08,104.45400000000001,1984.626
ORD-10564,2026-03-14,CUST-149,PROD-070,Home,4,3303.01,0.1,Bank Transfer,Completed,13212.04,1321.2040000000002,11890.836000000001
ORD-10596,2026-03-14,CUST-248,PROD-049,Sports,2,3811.62,0.15,Debit Card,Cancelled,7623.24,1143.4859999999999,6479.754
ORD-10664,2026-03-14,CUST-156,PROD-031,Fashion,2,1937.81,0.2,Credit Card,Completed,3875.62,775.124,3100.496
ORD-10755,2026-03-14,CUST-201,PROD-056,Beauty,5,3501.25,0.05,GCash,Cancelled,17506.25,875.3125,16630.9375
ORD-10770,2026-03-14,CUST-009,PROD-005,Sports,3,654.51,0.15,GCash,Completed,1963.53,294.5295,1669.0005
ORD-10863,2026-03-14,CUST-143,PROD-060,Home,2,1011.43,0.15,Credit Card,Cancelled,2022.86,303.429,1719.431
ORD-10908,2026-03-14,CUST-169,PROD-055,Fashion,4,1406.43,0.15,Bank Transfer,Completed,5625.72,843.8580000000001,4781.862
ORD-10024,2026-03-15,CUST-139,PROD-017,Fashion,4,1290.69,0.15,Debit Card,Completed,5162.76,774.414,4388.3460000000005
ORD-10219,2026-03-15,CUST-196,PROD-010,Home,5,1898.05,0.1,Credit Card,Completed,9490.25,949.0250000000001,8541.225
ORD-10288,2026-03-15,CUST-075,PROD-030,Beauty,5,3029.8,0.1,Maya,Completed,15149.0,1514.9,13634.1
ORD-10362,2026-03-15,CUST-126,PROD-019,Beauty,4,1938.34,0.0,GCash,Pending,7753.36,0.0,7753.36
ORD-10600,2026-03-15,CUST-091,PROD-028,Beauty,2,4740.88,0.05,Debit Card,Completed,9481.76,474.088,9007.672
ORD-10610,2026-03-15,CUST-147,PROD-017,Home,1,3632.0,0.05,Bank Transfer,Pending,3632.0,181.60000000000002,3450.4
ORD-10671,2026-03-15,CUST-010,PROD-094,Sports,1,3922.6,0.1,Credit Card,Pending,3922.6,392.26,3530.34
ORD-10734,2026-03-15,CUST-216,PROD-022,Fashion,4,1018.16,0.0,Credit Card,Completed,4072.64,0.0,4072.64
ORD-10809,2026-03-15,CUST-250,PROD-088,Fashion,2,1675.79,0.05,GCash,Cancelled,3351.58,167.579,3184.0009999999997
ORD-10868,2026-03-15,CUST-096,PROD-066,Electronics,3,897.95,0.0,Maya,Completed,2693.8500000000004,0.0,2693.8500000000004
ORD-10902,2026-03-15,CUST-176,PROD-070,Sports,4,2855.05,0.05,Bank Transfer,Completed,11420.2,571.0100000000001,10849.19
ORD-10909,2026-03-15,CUST-082,PROD-049,Sports,3,2905.44,0.15,GCash,Completed,8716.32,1307.4479999999999,7408.871999999999
ORD-10067,2026-03-16,CUST-232,PROD-099,Electronics,5,1963.87,0.0,Credit Card,Completed,9819.349999999999,0.0,9819.349999999999
ORD-10116,2026-03-16,CUST-215,PROD-076,Sports,2,2288.08,0.15,Credit Card,Completed,4576.16,686.424,3889.736
ORD-10403,2026-03-16,CUST-200,PROD-099,Electronics,2,617.72,0.15,Debit Card,Completed,1235.44,185.316,1050.124
ORD-10473,2026-03-16,CUST-096,PROD-034,Beauty,4,4270.95,0.15,GCash,Cancelled,17083.8,2562.5699999999997,14521.23
ORD-10521,2026-03-16,UNKNOWN,PROD-062,Fashion,4,3403.79,0.2,Credit Card,Pending,13615.16,2723.032,10892.128
ORD-10720,2026-03-16,CUST-046,PROD-059,Beauty,1,556.32,0.1,Credit Card,Completed,556.32,55.632000000000005,500.68800000000005
ORD-10872,2026-03-16,CUST-025,PROD-069,Beauty,2,163.2,0.2,Credit Card,Completed,326.4,65.28,261.12
ORD-10982,2026-03-16,CUST-006,PROD-058,Home,2,1544.67,0.15,GCash,Completed,3089.34,463.401,2625.9390000000003
ORD-10022,2026-03-17,CUST-087,PROD-003,Fashion,2,2983.36,0.0,GCash,Completed,5966.72,0.0,5966.72
ORD-10314,2026-03-17,CUST-005,PROD-027,Home,4,4651.49,0.1,Maya,Cancelled,18605.96,1860.596,16745.363999999998
ORD-10384,2026-03-17,CUST-084,PROD-051,Electronics,3,3523.51,0.05,GCash,Completed,10570.53,528.5265,10042.0035
ORD-10419,2026-03-17,CUST-046,PROD-031,Beauty,3,4578.5,0.0,Credit Card,Cancelled,13735.5,0.0,13735.5
ORD-10460,2026-03-17,CUST-246,PROD-061,Fashion,3,1786.82,0.1,GCash,Completed,5360.46,536.046,4824.414
ORD-10484,2026-03-17,CUST-188,PROD-003,Fashion,2,703.49,0.0,Debit Card,Completed,1406.98,0.0,1406.98
ORD-10557,2026-03-17,CUST-149,PROD-052,Home,1,2802.81,0.2,Bank Transfer,Pending,2802.81,560.562,2242.248
ORD-10656,2026-03-17,CUST-160,PROD-090,Beauty,1,1895.13,0.2,GCash,Completed,1895.13,379.02600000000007,1516.104
ORD-10709,2026-03-17,CUST-046,PROD-059,Home,4,541.88,0.1,Maya,Completed,2167.52,216.752,1950.768
ORD-10747,2026-03-17,CUST-181,PROD-077,Sports,5,1842.56,0.1,Maya,Cancelled,9212.8,921.28,8291.519999999999
ORD-10904,2026-03-17,CUST-016,PROD-004,Electronics,2,4200.98,0.1,Bank Transfer,Completed,8401.96,840.1959999999999,7561.763999999999
ORD-10078,2026-03-18,CUST-218,PROD-088,Electronics,5,3934.91,0.1,Bank Transfer,Pending,19674.55,1967.455,17707.095
ORD-10090,2026-03-18,CUST-195,PROD-068,Beauty,1,4179.88,0.1,Maya,Completed,4179.88,417.98800000000006,3761.892
ORD-10103,2026-03-18,CUST-113,PROD-011,Electronics,4,3699.22,0.2,Credit Card,Completed,14796.88,2959.376,11837.503999999999
ORD-10203,2026-03-18,CUST-029,PROD-064,Fashion,1,3196.58,0.2,Maya,Completed,3196.58,639.316,2557.264
ORD-10317,2026-03-18,CUST-197,PROD-079,Sports,3,245.17,0.1,Debit Card,Pending,735.51,73.551,661.959
ORD-10328,2026-03-18,CUST-111,PROD-084,Home,3,1671.26,0.05,Debit Card,Completed,5013.78,250.689,4763.090999999999
ORD-10377,2026-03-18,CUST-064,PROD-071,Fashion,5,1496.11,0.0,Credit Card,Completed,7480.549999999999,0.0,7480.549999999999
ORD-10463,2026-03-18,CUST-166,PROD-023,Electronics,2,1336.71,0.1,Credit Card,Pending,2673.42,267.34200000000004,2406.078
ORD-10716,2026-03-18,CUST-021,PROD-077,Electronics,2,4422.62,0.1,Bank Transfer,Cancelled,8845.24,884.524,7960.715999999999
ORD-10789,2026-03-18,CUST-024,PROD-008,Home,5,3226.61,0.0,GCash,Cancelled,16133.050000000001,0.0,16133.050000000001
ORD-10861,2026-03-18,CUST-214,PROD-076,Electronics,2,1118.14,0.15,Bank Transfer,Completed,2236.28,335.442,1900.8380000000002
ORD-10876,2026-03-18,CUST-210,PROD-057,Fashion,3,943.82,0.1,GCash,Completed,2831.46,283.146,2548.314
ORD-10948,2026-03-18,CUST-182,PROD-055,Beauty,1,566.87,0.0,GCash,Completed,566.87,0.0,566.87
ORD-10040,2026-03-19,CUST-070,PROD-037,Home,3,1097.63,0.1,Bank Transfer,Pending,3292.8900000000003,329.28900000000004,2963.601
ORD-10266,2026-03-19,CUST-077,PROD-073,Electronics,3,1494.35,0.2,Bank Transfer,Pending,4483.049999999999,896.6099999999999,3586.4399999999996
ORD-10455,2026-03-19,CUST-187,PROD-054,Electronics,2,2264.41,0.15,Debit Card,Cancelled,4528.82,679.323,3849.497
ORD-10575,2026-03-19,CUST-212,PROD-020,Electronics,2,2431.76,0.2,Bank Transfer,Completed,4863.52,972.7040000000002,3890.8160000000003
ORD-10703,2026-03-19,CUST-199,PROD-006,Sports,3,2031.34,0.2,Bank Transfer,Cancelled,6094.0199999999995,1218.8039999999999,4875.215999999999
ORD-10935,2026-03-19,CUST-091,PROD-054,Fashion,3,2320.98,0.0,GCash,Completed,6962.9400000000005,0.0,6962.9400000000005
ORD-10976,2026-03-19,CUST-048,PROD-011,Beauty,1,2225.61,0.0,GCash,Pending,2225.61,0.0,2225.61
ORD-10142,2026-03-20,CUST-214,PROD-063,Sports,3,260.31,0.1,Maya,Pending,780.9300000000001,78.09300000000002,702.837
ORD-10231,2026-03-20,CUST-161,PROD-039,Fashion,1,2562.61,0.05,Bank Transfer,Cancelled,2562.61,128.1305,2434.4795
ORD-10261,2026-03-20,CUST-036,PROD-014,Fashion,2,1288.04,0.2,Maya,Completed,2576.08,515.216,2060.864
ORD-10374,2026-03-20,CUST-145,PROD-002,Home,4,1820.82,0.05,Maya,Pending,7283.28,364.164,6919.116
ORD-10590,2026-03-20,CUST-179,PROD-030,Home,1,1862.73,0.0,Maya,Completed,1862.73,0.0,1862.73
ORD-10698,2026-03-20,CUST-156,PROD-073,Home,5,1237.69,0.0,Credit Card,Completed,6188.450000000001,0.0,6188.450000000001
ORD-10702,2026-03-20,CUST-046,PROD-057,Sports,3,4347.2,0.05,Debit Card,Pending,13041.599999999999,652.0799999999999,12389.519999999999
ORD-10034,2026-03-21,CUST-153,PROD-006,Electronics,4,3321.13,0.2,Bank Transfer,Completed,13284.52,2656.9040000000005,10627.616
ORD-10070,2026-03-21,CUST-236,PROD-017,Fashion,1,4543.95,0.2,Bank Transfer,Completed,4543.95,908.79,3635.16
ORD-10191,2026-03-21,CUST-170,PROD-044,Home,5,1945.93,0.05,Maya,Cancelled,9729.65,486.4825,9243.1675
ORD-10308,2026-03-21,CUST-062,PROD-025,Fashion,3,4094.55,0.1,Debit Card,Completed,12283.650000000001,1228.3650000000002,11055.285000000002
ORD-10347,2026-03-21,CUST-091,PROD-059,Home,3,4601.54,0.2,GCash,Completed,13804.619999999999,2760.924,11043.696
ORD-10485,2026-03-21,CUST-198,PROD-069,Electronics,5,4973.93,0.0,GCash,Completed,24869.65,0.0,24869.65
ORD-10652,2026-03-21,CUST-220,PROD-047,Home,3,3632.92,0.2,Debit Card,Completed,10898.76,2179.752,8719.008
ORD-10684,2026-03-21,CUST-141,PROD-062,Home,1,1945.37,0.2,GCash,Completed,1945.37,389.074,1556.2959999999998
ORD-10912,2026-03-21,CUST-103,PROD-029,Electronics,5,564.19,0.1,Credit Card,Completed,2820.9500000000003,282.095,2538.8550000000005
ORD-10950,2026-03-21,CUST-065,PROD-065,Sports,3,4889.87,0.1,Maya,Cancelled,14669.61,1466.9610000000002,13202.649000000001
ORD-10016,2026-03-22,CUST-130,PROD-014,Beauty,5,3083.95,0.05,Credit Card,Completed,15419.75,770.9875000000001,14648.7625
ORD-10059,2026-03-22,CUST-117,PROD-054,Fashion,2,3619.89,0.15,Debit Card,Pending,7239.78,1085.9669999999999,6153.813
ORD-10111,2026-03-22,CUST-032,PROD-004,Fashion,2,3577.94,0.1,Bank Transfer,Completed,7155.88,715.5880000000001,6440.292
ORD-10122,2026-03-22,CUST-245,PROD-041,Sports,5,275.91,0.0,Maya,Completed,1379.5500000000002,0.0,1379.5500000000002
ORD-10252,2026-03-22,CUST-044,PROD-068,Fashion,4,824.1,0.05,GCash,Cancelled,3296.4,164.82000000000002,3131.58
ORD-10326,2026-03-22,CUST-065,PROD-032,Sports,5,3121.68,0.15,GCash,Completed,15608.4,2341.2599999999998,13267.14
ORD-10480,2026-03-22,CUST-174,PROD-001,Home,2,3498.27,0.1,Credit Card,Completed,6996.54,699.654,6296.886
ORD-10556,2026-03-22,CUST-068,PROD-094,Electronics,1,4471.32,0.2,GCash,Cancelled,4471.32,894.264,3577.0559999999996
ORD-10723,2026-03-22,CUST-028,PROD-074,Fashion,1,2469.95,0.2,Credit Card,Pending,2469.95,493.99,1975.9599999999998
ORD-10772,2026-03-22,CUST-063,PROD-061,Electronics,5,4010.68,0.1,Bank Transfer,Completed,20053.399999999998,2005.34,18048.059999999998
ORD-10775,2026-03-22,CUST-067,PROD-008,Sports,5,928.49,0.0,Credit Card,Cancelled,4642.45,0.0,4642.45
ORD-10799,2026-03-22,CUST-103,PROD-008,Electronics,3,2719.67,0.1,GCash,Pending,8159.01,815.9010000000001,7343.109
ORD-10917,2026-03-22,CUST-240,PROD-073,Electronics,5,1083.18,0.15,Maya,Completed,5415.900000000001,812.3850000000001,4603.515
ORD-10080,2026-03-23,CUST-111,PROD-047,Sports,2,2233.89,0.2,Credit Card,Cancelled,4467.78,893.556,3574.2239999999997
ORD-10092,2026-03-23,CUST-179,PROD-017,Sports,1,4376.33,0.2,Credit Card,Pending,4376.33,875.2660000000001,3501.064
ORD-10163,2026-03-23,CUST-018,PROD-019,Electronics,1,3755.95,0.05,Debit Card,Pending,3755.95,187.7975,3568.1524999999997
ORD-10571,2026-03-23,CUST-154,PROD-073,Electronics,3,4741.54,0.05,Debit Card,Cancelled,14224.619999999999,711.231,13513.389
ORD-10618,2026-03-23,CUST-223,PROD-022,Beauty,4,3193.24,0.2,Debit Card,Completed,12772.96,2554.592,10218.367999999999
ORD-10627,2026-03-23,CUST-135,PROD-082,Fashion,3,4553.72,0.15,Bank Transfer,Completed,13661.16,2049.174,11611.986
ORD-10634,2026-03-23,CUST-075,PROD-015,Sports,5,2318.56,0.2,Debit Card,Completed,11592.8,2318.56,9274.24
ORD-10826,2026-03-23,CUST-155,PROD-021,Fashion,2,2932.8,0.2,Maya,Completed,5865.6,1173.1200000000001,4692.4800000000005
ORD-10955,2026-03-23,CUST-219,PROD-085,Sports,1,1025.71,0.0,Maya,Completed,1025.71,0.0,1025.71
ORD-10161,2026-03-24,CUST-158,PROD-087,Fashion,1,3084.08,0.1,GCash,Completed,3084.08,308.408,2775.672
ORD-10227,2026-03-24,CUST-249,PROD-041,Electronics,4,2382.58,0.2,Credit Card,Completed,9530.32,1906.064,7624.255999999999
ORD-10233,2026-03-24,CUST-021,PROD-006,Fashion,3,3290.54,0.2,Debit Card,Cancelled,9871.619999999999,1974.3239999999998,7897.295999999999
ORD-10268,2026-03-24,CUST-188,PROD-059,Beauty,2,169.01,0.1,Credit Card,Cancelled,338.02,33.802,304.21799999999996
ORD-10341,2026-03-24,CUST-218,PROD-044,Electronics,2,4656.62,0.05,Bank Transfer,Completed,9313.24,465.66200000000003,8847.578
ORD-10505,2026-03-24,CUST-058,PROD-071,Sports,4,4103.81,0.0,Debit Card,Pending,16415.24,0.0,16415.24
ORD-10646,2026-03-24,CUST-016,PROD-046,Home,5,3978.18,0.05,Debit Card,Completed,19890.899999999998,994.545,18896.355
ORD-10647,2026-03-24,CUST-082,PROD-072,Beauty,4,3692.63,0.0,Debit Card,Completed,14770.52,0.0,14770.52
ORD-10749,2026-03-24,CUST-080,PROD-088,Sports,4,1235.3,0.05,Maya,Cancelled,4941.2,247.06,4694.139999999999
ORD-10919,2026-03-24,CUST-069,PROD-037,Home,3,3465.59,0.05,Debit Card,Completed,10396.77,519.8385000000001,9876.9315
ORD-10933,2026-03-24,CUST-226,PROD-099,Sports,1,1442.78,0.0,Debit Card,Pending,1442.78,0.0,1442.78
ORD-10936,2026-03-24,CUST-162,PROD-057,Home,1,2063.24,0.1,Credit Card,Cancelled,2063.24,206.32399999999998,1856.9159999999997
ORD-10002,2026-03-25,CUST-144,PROD-026,Fashion,4,1180.16,0.2,Credit Card,Completed,4720.64,944.1280000000002,3776.512
ORD-10028,2026-03-25,CUST-026,PROD-007,Fashion,1,4848.08,0.05,Maya,Pending,4848.08,242.404,4605.6759999999995
ORD-10060,2026-03-25,CUST-063,PROD-019,Electronics,1,3914.26,0.05,Maya,Cancelled,3914.26,195.71300000000002,3718.547
ORD-10154,2026-03-25,CUST-219,PROD-084,Fashion,2,2207.34,0.05,Debit Card,Completed,4414.68,220.73400000000004,4193.946
ORD-10177,2026-03-25,CUST-040,PROD-098,Electronics,2,4761.33,0.15,Debit Card,Cancelled,9522.66,1428.399,8094.261
ORD-10368,2026-03-25,CUST-177,PROD-017,Beauty,2,4384.67,0.1,GCash,Completed,8769.34,876.9340000000001,7892.406
ORD-10392,2026-03-25,CUST-142,PROD-092,Sports,2,1676.83,0.15,Credit Card,Completed,3353.66,503.049,2850.611
ORD-10467,2026-03-25,CUST-067,PROD-084,Beauty,2,834.65,0.05,GCash,Cancelled,1669.3,83.465,1585.835
ORD-10500,2026-03-25,CUST-017,PROD-034,Beauty,1,3552.38,0.2,Bank Transfer,Cancelled,3552.38,710.4760000000001,2841.904
ORD-10616,2026-03-25,CUST-148,PROD-084,Fashion,2,4898.93,0.1,Credit Card,Completed,9797.86,979.7860000000001,8818.074
ORD-10657,2026-03-25,CUST-239,PROD-027,Sports,1,2393.49,0.0,Credit Card,Cancelled,2393.49,0.0,2393.49
ORD-10804,2026-03-25,CUST-031,PROD-028,Fashion,4,4706.44,0.2,Maya,Cancelled,18825.76,3765.152,15060.607999999998
ORD-10806,2026-03-25,CUST-063,PROD-090,Home,1,944.02,0.0,Credit Card,Completed,944.02,0.0,944.02
ORD-10989,2026-03-25,CUST-214,PROD-087,Beauty,4,4018.8,0.05,Bank Transfer,Completed,16075.2,803.7600000000001,15271.44
ORD-10025,2026-03-26,CUST-025,PROD-013,Sports,3,2175.54,0.15,GCash,Completed,6526.62,978.9929999999999,5547.627
ORD-10150,2026-03-26,CUST-012,PROD-094,Fashion,3,2344.41,0.0,GCash,Pending,7033.23,0.0,7033.23
ORD-10186,2026-03-26,CUST-065,PROD-093,Fashion,2,1733.47,0.2,Maya,Completed,3466.94,693.388,2773.552
ORD-10207,2026-03-26,CUST-089,PROD-031,Electronics,5,3702.42,0.1,Maya,Completed,18512.1,1851.21,16660.89
ORD-10232,2026-03-26,CUST-040,PROD-022,Fashion,5,1754.34,0.2,GCash,Completed,8771.699999999999,1754.34,7017.359999999999
ORD-10289,2026-03-26,CUST-225,PROD-019,Fashion,2,2126.45,0.1,GCash,Cancelled,4252.9,425.28999999999996,3827.6099999999997
ORD-10343,2026-03-26,CUST-048,PROD-082,Sports,4,243.04,0.2,Maya,Pending,972.16,194.43200000000002,777.728
ORD-10589,2026-03-26,CUST-003,PROD-026,Fashion,3,1054.26,0.2,Bank Transfer,Cancelled,3162.7799999999997,632.556,2530.2239999999997
ORD-10660,2026-03-26,UNKNOWN,PROD-068,Home,5,3164.09,0.05,Bank Transfer,Cancelled,15820.45,791.0225,15029.427500000002
ORD-10758,2026-03-26,CUST-127,PROD-083,Electronics,1,1166.3,0.05,Bank Transfer,Completed,1166.3,58.315,1107.985
ORD-10759,2026-03-26,CUST-194,PROD-019,Home,4,2703.15,0.15,Bank Transfer,Cancelled,10812.6,1621.89,9190.710000000001
ORD-10778,2026-03-26,CUST-190,PROD-020,Sports,3,4058.42,0.1,Maya,Pending,12175.26,1217.526,10957.734
ORD-10790,2026-03-26,CUST-034,PROD-049,Fashion,2,4490.41,0.05,Credit Card,Completed,8980.82,449.041,8531.779
ORD-10879,2026-03-26,CUST-028,PROD-005,Fashion,5,390.4,0.0,Credit Card,Completed,1952.0,0.0,1952.0
ORD-10916,2026-03-26,CUST-128,PROD-028,Sports,3,4692.1,0.2,Bank Transfer,Pending,14076.300000000001,2815.26,11261.04
ORD-10922,2026-03-26,CUST-203,PROD-036,Fashion,2,3257.04,0.0,Debit Card,Completed,6514.08,0.0,6514.08
ORD-10930,2026-03-26,CUST-216,PROD-095,Electronics,2,1339.62,0.15,Credit Card,Completed,2679.24,401.88599999999997,2277.354
ORD-10304,2026-03-27,CUST-009,PROD-010,Electronics,1,2120.72,0.05,GCash,Completed,2120.72,106.036,2014.6839999999997
ORD-10429,2026-03-27,CUST-211,PROD-091,Beauty,4,155.84,0.05,Maya,Completed,623.36,31.168000000000003,592.192
ORD-10470,2026-03-27,CUST-164,PROD-061,Beauty,5,1570.95,0.05,Bank Transfer,Completed,7854.75,392.7375,7462.0125
ORD-10549,2026-03-27,CUST-030,PROD-024,Fashion,1,4271.8,0.2,Debit Card,Cancelled,4271.8,854.3600000000001,3417.44
ORD-10550,2026-03-27,CUST-019,PROD-038,Electronics,3,581.19,0.2,Debit Card,Completed,1743.5700000000002,348.71400000000006,1394.8560000000002
ORD-10551,2026-03-27,CUST-092,PROD-017,Home,1,1497.17,0.0,Maya,Completed,1497.17,0.0,1497.17
ORD-10718,2026-03-27,CUST-219,PROD-005,Fashion,5,1562.36,0.0,GCash,Completed,7811.799999999999,0.0,7811.799999999999
ORD-10832,2026-03-27,CUST-005,PROD-062,Beauty,2,3546.19,0.2,Bank Transfer,Completed,7092.38,1418.476,5673.904
ORD-10880,2026-03-27,CUST-017,PROD-039,Electronics,1,3933.62,0.2,Maya,Cancelled,3933.62,786.724,3146.8959999999997
ORD-10915,2026-03-27,CUST-132,PROD-059,Fashion,2,4416.39,0.2,Maya,Cancelled,8832.78,1766.5560000000003,7066.224
ORD-10975,2026-03-27,CUST-186,PROD-059,Sports,5,4058.39,0.1,Maya,Completed,20291.95,2029.1950000000002,18262.755
ORD-10104,2026-03-28,CUST-024,PROD-030,Fashion,5,4758.85,0.1,Bank Transfer,Completed,23794.25,2379.425,21414.825
ORD-10217,2026-03-28,CUST-218,PROD-078,Sports,1,718.53,0.05,Credit Card,Completed,718.53,35.9265,682.6034999999999
ORD-10242,2026-03-28,CUST-226,PROD-084,Sports,3,2729.78,0.0,Debit Card,Completed,8189.34,0.0,8189.34
ORD-10284,2026-03-28,CUST-077,PROD-060,Fashion,4,2706.47,0.05,Maya,Pending,10825.88,541.294,10284.586
ORD-10360,2026-03-28,CUST-069,PROD-066,Electronics,2,4817.58,0.15,GCash,Completed,9635.16,1445.274,8189.886
ORD-10542,2026-03-28,CUST-005,PROD-050,Electronics,5,128.9,0.2,GCash,Cancelled,644.5,128.9,515.6
ORD-10577,2026-03-28,CUST-212,PROD-001,Sports,5,2161.35,0.0,Bank Transfer,Pending,10806.75,0.0,10806.75
ORD-10599,2026-03-28,CUST-024,PROD-052,Beauty,1,2817.3,0.05,Debit Card,Completed,2817.3,140.865,2676.4350000000004
ORD-10732,2026-03-28,CUST-077,PROD-073,Beauty,5,2725.84,0.05,Bank Transfer,Completed,13629.2,681.46,12947.740000000002
ORD-10786,2026-03-28,CUST-101,PROD-060,Home,5,3875.44,0.2,Credit Card,Completed,19377.2,3875.4400000000005,15501.76
ORD-10885,2026-03-28,CUST-048,PROD-057,Electronics,2,4190.24,0.15,Debit Card,Completed,8380.48,1257.072,7123.407999999999
ORD-10013,2026-03-29,CUST-161,PROD-021,Sports,5,411.29,0.15,Bank Transfer,Pending,2056.4500000000003,308.46750000000003,1747.9825000000003
ORD-10052,2026-03-29,CUST-237,PROD-069,Home,3,2213.36,0.1,Bank Transfer,Completed,6640.08,664.008,5976.072
ORD-10156,2026-03-29,CUST-245,PROD-020,Sports,1,547.0,0.0,GCash,Pending,547.0,0.0,547.0
ORD-10245,2026-03-29,CUST-212,PROD-080,Fashion,1,730.45,0.0,Debit Card,Completed,730.45,0.0,730.45
ORD-10313,2026-03-29,CUST-012,PROD-010,Beauty,5,2861.2,0.0,Maya,Completed,14306.0,0.0,14306.0
ORD-10405,2026-03-29,CUST-024,PROD-021,Beauty,5,297.62,0.1,Maya,Completed,1488.1,148.81,1339.29
ORD-10443,2026-03-29,CUST-248,PROD-069,Sports,5,4420.1,0.15,Credit Card,Completed,22100.5,3315.075,18785.425
ORD-10446,2026-03-29,CUST-109,PROD-011,Sports,2,4986.62,0.05,Bank Transfer,Completed,9973.24,498.66200000000003,9474.578
ORD-10459,2026-03-29,CUST-163,PROD-016,Electronics,2,1925.09,0.2,Debit Card,Completed,3850.18,770.0360000000001,3080.144
ORD-10487,2026-03-29,CUST-053,PROD-089,Electronics,3,2162.27,0.0,Bank Transfer,Completed,6486.8099999999995,0.0,6486.8099999999995
ORD-10641,2026-03-29,CUST-122,PROD-050,Beauty,3,877.2,0.0,Bank Transfer,Cancelled,2631.6000000000004,0.0,2631.6000000000004
ORD-10740,2026-03-29,UNKNOWN,PROD-006,Fashion,1,1733.12,0.0,GCash,Cancelled,1733.12,0.0,1733.12
ORD-10784,2026-03-29,CUST-247,PROD-068,Electronics,1,4596.79,0.1,Debit Card,Cancelled,4596.79,459.67900000000003,4137.111
ORD-10918,2026-03-29,CUST-039,PROD-096,Beauty,4,2110.28,0.0,Maya,Pending,8441.12,0.0,8441.12
ORD-10089,2026-03-30,CUST-191,PROD-069,Home,2,1160.28,0.15,Credit Card,Cancelled,2320.56,348.084,1972.4759999999999
ORD-10102,2026-03-30,CUST-032,PROD-060,Beauty,4,4719.11,0.2,Bank Transfer,Pending,18876.44,3775.288,15101.151999999998
ORD-10426,2026-03-30,CUST-097,PROD-040,Beauty,2,970.77,0.0,Bank Transfer,Pending,1941.54,0.0,1941.54
ORD-10798,2026-03-30,CUST-001,PROD-050,Sports,1,2879.5,0.1,Credit Card,Completed,2879.5,287.95,2591.55
ORD-10831,2026-03-30,CUST-193,PROD-002,Sports,2,750.29,0.1,Maya,Completed,1500.58,150.058,1350.522
ORD-10849,2026-03-30,CUST-215,PROD-091,Home,2,1265.74,0.0,Credit Card,Cancelled,2531.48,0.0,2531.48
ORD-10877,2026-03-30,CUST-057,PROD-017,Home,2,1606.4,0.05,Maya,Completed,3212.8,160.64000000000001,3052.1600000000003
ORD-10891,2026-03-30,CUST-102,PROD-052,Fashion,1,3733.02,0.05,GCash,Completed,3733.02,186.651,3546.369
ORD-10003,2026-03-31,CUST-195,PROD-021,Sports,3,1461.57,0.05,Credit Card,Completed,4384.71,219.2355,4165.4745
ORD-10130,2026-03-31,CUST-148,PROD-038,Beauty,1,4891.93,0.15,Credit Card,Completed,4891.93,733.7895,4158.1405
ORD-10187,2026-03-31,CUST-080,PROD-084,Sports,2,3015.7,0.0,Credit Card,Cancelled,6031.4,0.0,6031.4
ORD-10311,2026-03-31,CUST-164,PROD-002,Home,1,2549.31,0.15,Credit Card,Cancelled,2549.31,382.3965,2166.9135
ORD-10334,2026-03-31,CUST-203,PROD-047,Fashion,5,3227.08,0.0,GCash,Completed,16135.4,0.0,16135.4
ORD-10340,2026-03-31,CUST-113,PROD-093,Sports,3,429.15,0.0,GCash,Completed,1287.4499999999998,0.0,1287.4499999999998
ORD-10454,2026-03-31,CUST-216,PROD-063,Electronics,2,758.49,0.15,Credit Card,Completed,1516.98,227.547,1289.433
ORD-10488,2026-03-31,CUST-160,PROD-078,Home,4,4170.2,0.0,Bank Transfer,Cancelled,16680.8,0.0,16680.8
ORD-10606,2026-03-31,CUST-250,PROD-016,Fashion,4,1646.69,0.0,GCash,Completed,6586.76,0.0,6586.76
ORD-10609,2026-03-31,CUST-054,PROD-054,Beauty,3,4286.2,0.1,Debit Card,Completed,12858.599999999999,1285.86,11572.739999999998
ORD-10626,2026-03-31,UNKNOWN,PROD-018,Fashion,2,2995.07,0.15,Bank Transfer,Pending,5990.14,898.5210000000001,5091.619000000001
ORD-10708,2026-03-31,CUST-200,PROD-075,Fashion,2,2026.03,0.1,Debit Card,Completed,4052.06,405.206,3646.854
ORD-10979,2026-03-31,CUST-029,PROD-003,Home,1,1125.22,0.05,Maya,Pending,1125.22,56.261,1068.959
